"O2DB207962DB21285","1572",
"O2DB207962DB21619","1883",
"O2DB207962DB23573","3779",
"O2DB207962DB21994","2248",
"O2DB207962DB24848","4321",
"O2DB207962DB21779","2038",
"O2DB207962DB22230","2481",
"O2DB207962DB22490","2713",
"O2DB207962DB22941","3154",
"O2DB207962DB21248","1535",
"O2DB207962DB23536","3742",
"O2DB207962DB24362","3961",
"O2DB207962DB21150","1439",
"O2DB207962DB21957","2213",
"O2DB207962DB24811","4296",
"O2DB207962DB21742","2004",
"O2DB207962DB21859","2115",
"O2DB207962DB24713","4221",
"O2DB207962DB22453","2678",
"O2DB207962DB22904","3118",
"O2DB207962DB23164","3373",
"O2DB207962DB21113","1406",
"O2DB207962DB23400","3609",
"O2DB207962DB24441","4025",
"O2DB207962DB21373","1657",
"O2DB207962DB21705","1966",
"O2DB207962DB24228","3845;3849",
"O2DB207962DB21822","2080",
"O2DB207962DB24676","4193",
"O2DB207962DB22082","2334",
"O2DB207962DB22416","2645",
"O2DB207962DB24936","4400a",
"O2DB207962DB22676","2895",
"O2DB207962DB22318","2550",
"O2DB207962DB23127","3336",
"O2DB207962DB22578","2798",
"O2DB207962DB23387","3596",
"O2DB207962DB23029","3241",
"O2DB207962DB21336","1621",
"O2DB207962DB23289","3498",
"O2DB207962DB24191","3811",
"O2DB207962DB21596","1862",
"O2DB207962DB22045","2298",
"O2DB207962DB22541","2761",
"O2DB207962DB20966","1266",
"O2DB207962DB23252","3461",
"O2DB207962DB21559","1832",
"O2DB207962DB21201","1489",
"O2DB207962DB24529","4091",
"O2DB207962DB21461","1743",
"O2DB207962DB24315","3916;4567",
"O2DB207962DB21910","2164",
"O2DB207962DB24764","4257",
"O2DB207962DB22170","2421",
"O2DB207962DB22504","2727",
"O2DB207962DB22764","2980",
"O2DB207962DB20929","1230",
"O2DB207962DB22881","3097",
"O2DB207962DB23215","3424",
"O2DB207962DB21188","1476",
"O2DB207962DB23476","3684",
"O2DB207962DB20825","1135",
"O2DB207962DB21090","1386",
"O2DB207962DB24492","4061",
"O2DB207962DB21424","1706",
"O2DB207962DB21897","2151",
"O2DB207962DB24278","3882",
"O2DB207962DB24751","4244",
"O2DB207962DB21682","1943",
"O2DB207962DB24394","3991",
"O2DB207962DB22133","2384",
"O2DB207962DB24654","4171",
"O2DB207962DB22393","2624",
"O2DB207962DB22727","2943",
"O2DB207962DB22844","3060",
"O2DB207962DB22629","2849",
"O2DB207962DB21053","1350",
"O2DB207962DB23340","3549",
"O2DB207962DB21647","1910",
"O2DB207962DB24617","4143",
"O2DB207962DB22356","2588",
"O2DB207962DB21998","2252",
"O2DB207962DB22807","3023",
"O2DB207962DB22258","2505",
"O2DB207962DB23067","3277",
"O2DB207962DB21016","1317",
"O2DB207962DB22969","3182",
"O2DB207962DB23303","3512",
"O2DB207962DB21276","1563",
"O2DB207962DB23564","3770",
"O2DB207962DB21512","1791",
"O2DB207962DB21985","2239",
"O2DB207962DB21770","2029",
"O2DB207962DB22221","2472",
"O2DB207962DB22481","2704",
"O2DB207962DB22932","3145",
"O2DB207962DB21239","1526",
"O2DB207962DB23192","3401",
"O2DB207962DB23527","3733",
"O2DB207962DB21499","1781",
"O2DB207962DB24353","3953;4478",
"O2DB207962DB21141","1430",
"O2DB207962DB23428","3637",
"O2DB207962DB24802","4287",
"O2DB207962DB21733","1994",
"O2DB207962DB24256","3864",
"O2DB207962DB21850","2106",
"O2DB207962DB24704","4218",
"O2DB207962DB20865","0",
"O2DB207962DB23155","3364",
"O2DB207962DB21104","1399",
"O2DB207962DB24219","3836;4553",
"O2DB207962DB21813","2071",
"O2DB207962DB24667","4184",
"O2DB207962DB21600","1866",
"O2DB207962DB22073","2325",
"O2DB207962DB22407","2636",
"O2DB207962DB24927","4392",
"O2DB207962DB22667","2886",
"O2DB207962DB22309","2544-1",
"O2DB207962DB22569","2789",
"O2DB207962DB23020","3232",
"O2DB207962DB20993","1294",
"O2DB207962DB21327","1612",
"O2DB207962DB23280","3489",
"O2DB207962DB21587","1853",
"O2DB207962DB22036","2289",
"O2DB207962DB24890","4358",
"O2DB207962DB22296","2533",
"O2DB207962DB21938","2194",
"O2DB207962DB22532","2752",
"O2DB207962DB22792","3008",
"O2DB207962DB20957","1258",
"O2DB207962DB23243","3452",
"O2DB207962DB21452","1734",
"O2DB207962DB21901","2155",
"O2DB207962DB22161","2412",
"O2DB207962DB22755","2971",
"O2DB207962DB20920","1221",
"O2DB207962DB22872","3088",
"O2DB207962DB23206","3415",
"O2DB207962DB21179","1467",
"O2DB207962DB23467","3675",
"O2DB207962DB20815","1125",
"O2DB207962DB23108","3317",
"O2DB207962DB21081","1377",
"O2DB207962DB24483","4053",
"O2DB207962DB21415","1697",
"O2DB207962DB23368","3577",
"O2DB207962DB242701PD361231PD36124","3875",
"O2DB207962DB216741PD355371PD35538","1935-2",
"O2DB207962DB24386","3983",
"O2DB207962DB22124","2375",
"O2DB207962DB24645","4162",
"O2DB207962DB22384","2615",
"O2DB207962DB22835","3051",
"O2DB207962DB22620","2840",
"O2DB207962DB23095","3305",
"O2DB207962DB21044","1345",
"O2DB207962DB23331","3540",
"O2DB207962DB21638","1902",
"O2DB207962DB24159","3790",
"O2DB207962DB24608","4134",
"O2DB207962DB21540","1814",
"O2DB207962DB22347","2579",
"O2DB207962DB22249","2500",
"O2DB207962DB21007","1308",
"O2DB207962DB22960","3173",
"O2DB207962DB21267","1554",
"O2DB207962DB23555","3761",
"O2DB207962DB24571","4111",
"O2DB207962DB21503","1784",
"O2DB207962DB21976","2231",
"O2DB207962DB21761","2020",
"O2DB207962DB21878","2134",
"O2DB207962DB22212","2463",
"O2DB207962DB22472","2695/525",
"O2DB207962DB22923","3137",
"O2DB207962DB20897","1199",
"O2DB207962DB22708","2926",
"O2DB207962DB23183","3392",
"O2DB207962DB23518","3724",
"O2DB207962DB24344","3944",
"O2DB207962DB21132","1421",
"O2DB207962DB23419","3628",
"O2DB207962DB24460","4037",
"O2DB207962DB21392","1675",
"O2DB207962DB21724","1985",
"O2DB207962DB24247","3859",
"O2DB207962DB21841","2097",
"O2DB207962DB24695","4210",
"O2DB207962DB22435","2663",
"O2DB207962DB24955","4419",
"O2DB207962DB22695","2913",
"O2DB207962DB23146","3355",
"O2DB207962DB23048","3258",
"O2DB207962DB21355","1640",
"O2DB207962DB24210","3827",
"O2DB207962DB21804","2062",
"O2DB207962DB22064","2316",
"O2DB207962DB24918","4383",
"O2DB207962DB22300","2536",
"O2DB207962DB22560","2780",
"O2DB207962DB23011","3224",
"O2DB207962DB20984","1285",
"O2DB207962DB21318","1604",
"O2DB207962DB23271","3480",
"O2DB207962DB24173","3800",
"O2DB207962DB21220","1508",
"O2DB207962DB22027","2280",
"O2DB207962DB24548","4100",
"O2DB207962DB21480","1762",
"O2DB207962DB24881","4350",
"O2DB207962DB22287","2525",
"O2DB207962DB21929","2186",
"O2DB207962DB24783","4270",
"O2DB207962DB22189","2440",
"O2DB207962DB22523","2743",
"O2DB207962DB22783","2999",
"O2DB207962DB20948","1249",
"O2DB207962DB23234","3443",
"O2DB207962DB23495","3703",
"O2DB207962DB24511","4078",
"O2DB207962DB21443","1725",
"O2DB207962DB24297","3899;4547",
"O2DB207962DB22152","2403",
"O2DB207962DB22746","2962",
"O2DB207962DB22863","3079",
"O2DB207962DB22648","2868",
"O2DB207962DB23458","3666",
"O2DB207962DB20806","1116",
"O2DB207962DB23099","3308",
"O2DB207962DB21072","1368",
"O2DB207962DB21406","1688",
"O2DB207962DB23359","3568",
"O2DB207962DB21666","1927",
"O2DB207962DB24377","3976;4488",
"O2DB207962DB22115","2366",
"O2DB207962DB22375","2606",
"O2DB207962DB22826","3042",
"O2DB207962DB22611","2831",
"O2DB207962DB23086","3296",
"O2DB207962DB21035","1336",
"O2DB207962DB22988","3201",
"O2DB207962DB23322","3531",
"O2DB207962DB21295","1581",
"O2DB207962DB21629","1893",
"O2DB207962DB24150","3787",
"O2DB207962DB24599","4126",
"O2DB207962DB21531","1805",
"O2DB207962DB24858","4329",
"O2DB207962DB21789","2047",
"O2DB207962DB22240","2491",
"O2DB207962DB22951","3164",
"O2DB207962DB21258","1545",
"O2DB207962DB23546","3752",
"O2DB207962DB20901","1203",
"O2DB207962DB21160","1449",
"O2DB207962DB21967","2222",
"O2DB207962DB24821","4305",
"O2DB207962DB21752","2013",
"O2DB207962DB24464","4038",
"O2DB207962DB21869","2125",
"O2DB207962DB22203","2454",
"O2DB207962DB24723","4226",
"O2DB207962DB22463","2688",
"O2DB207962DB22914","3128",
"O2DB207962DB20888","1192",
"O2DB207962DB22699","2917",
"O2DB207962DB23174","3383",
"O2DB207962DB23410","3619",
"O2DB207962DB21383","1666",
"O2DB207962DB21715","1976",
"O2DB207962DB24238","3854",
"O2DB207962DB21832","2089",
"O2DB207962DB22092","2343",
"O2DB207962DB22426","2655",
"O2DB207962DB24946","4410",
"O2DB207962DB22686","2904",
"O2DB207962DB22328","2560",
"O2DB207962DB23137","3346",
"O2DB207962DB22588","2808",
"O2DB207962DB23397","3606",
"O2DB207962DB23039","3249",
"O2DB207962DB21346","1631",
"O2DB207962DB24201","3820",
"O2DB207962DB22055","2307",
"O2DB207962DB24909","4374",
"O2DB207962DB22551","2771",
"O2DB207962DB23002","3215",
"O2DB207962DB20975","1276",
"O2DB207962DB21309","1595",
"O2DB207962DB23262","3471",
"O2DB207962DB21569","1841",
"O2DB207962DB21211","1499",
"O2DB207962DB23499","3706",
"O2DB207962DB24539","4094",
"O2DB207962DB21471","1753",
"O2DB207962DB24872","4343",
"O2DB207962DB24325","3926;4532",
"O2DB207962DB24774","4266",
"O2DB207962DB22180","2431",
"O2DB207962DB22514","2736-1",
"O2DB207962DB22774","2990",
"O2DB207962DB20939","1240",
"O2DB207962DB22891","3105",
"O2DB207962DB23225","3434",
"O2DB207962DB21198","1486",
"O2DB207962DB23486","3694",
"O2DB207962DB20835","1145",
"O2DB207962DB21434","1716",
"O2DB207962DB24288","3891",
"O2DB207962DB24761","4254",
"O2DB207962DB21692","1953",
"O2DB207962DB24404","3998",
"O2DB207962DB22143","2394",
"O2DB207962DB22737","2953",
"O2DB207962DB22854","3070",
"O2DB207962DB22639","2859",
"O2DB207962DB21063","1359",
"O2DB207962DB23350","3559",
"O2DB207962DB21657","1919",
"O2DB207962DB24368","3967;4491",
"O2DB207962DB24627","4151",
"O2DB207962DB22106","2357",
"O2DB207962DB22366","2597",
"O2DB207962DB22008","2261",
"O2DB207962DB22817","3033",
"O2DB207962DB22268","2511",
"O2DB207962DB22602","2822",
"O2DB207962DB23077","3287",
"O2DB207962DB21026","1327",
"O2DB207962DB22979","3192",
"O2DB207962DB23313","3522",
"O2DB207962DB23574","3780",
"O2DB207962DB24590","4120",
"O2DB207962DB21522","1796",
"O2DB207962DB21995","2249",
"O2DB207962DB24849","4322",
"O2DB207962DB21780","2039",
"O2DB207962DB22231","2482",
"O2DB207962DB22491","2714",
"O2DB207962DB22942","3155",
"O2DB207962DB21249","1536",
"O2DB207962DB23537","3743",
"O2DB207962DB24363","3962",
"O2DB207962DB21151","1440",
"O2DB207962DB23438","3647",
"O2DB207962DB21743","2005",
"O2DB207962DB21860","2116",
"O2DB207962DB22454","2679",
"O2DB207962DB22905","3119",
"O2DB207962DB20879","1185",
"O2DB207962DB23165","3374",
"O2DB207962DB21114","1407",
"O2DB207962DB23401","3610",
"O2DB207962DB24442","4026",
"O2DB207962DB21374","1658",
"O2DB207962DB21706","1967",
"O2DB207962DB21823","2081",
"O2DB207962DB24677","4194",
"O2DB207962DB21610","1874",
"O2DB207962DB22083","2335",
"O2DB207962DB22417","2646",
"O2DB207962DB24937","4401",
"O2DB207962DB22677","2896-1",
"O2DB207962DB22319","2551",
"O2DB207962DB22579","2799",
"O2DB207962DB23030","3242",
"O2DB207962DB21337","1622",
"O2DB207962DB23290","3499",
"O2DB207962DB21597","1863",
"O2DB207962DB22046","2299",
"O2DB207962DB24900","4365",
"O2DB207962DB21948","2204",
"O2DB207962DB22542","2762",
"O2DB207962DB20967","1267",
"O2DB207962DB23253","3462",
"O2DB207962DB21202","1490",
"O2DB207962DB21462","1744",
"O2DB207962DB24316","3917",
"O2DB207962DB21911","2165",
"O2DB207962DB24765","4258",
"O2DB207962DB22171","2422",
"O2DB207962DB22505","2728",
"O2DB207962DB22765","2981",
"O2DB207962DB20930","1231",
"O2DB207962DB22882","3098",
"O2DB207962DB23216","3425",
"O2DB207962DB21189","1477",
"O2DB207962DB23477","3685",
"O2DB207962DB20826","1136",
"O2DB207962DB23118","3327",
"O2DB207962DB21091","1387",
"O2DB207962DB24493","4062",
"O2DB207962DB21425","1707",
"O2DB207962DB23378","3587",
"O2DB207962DB24279","3883",
"O2DB207962DB24752","4245",
"O2DB207962DB21683","1944",
"O2DB207962DB24395","3992",
"O2DB207962DB22134","2385",
"O2DB207962DB22394","2625",
"O2DB207962DB22845","3061",
"O2DB207962DB22630","2850",
"O2DB207962DB21054","1351",
"O2DB207962DB23341","3550",
"O2DB207962DB21648","1911",
"O2DB207962DB24618","4144",
"O2DB207962DB21550","1824",
"O2DB207962DB22357","2589",
"O2DB207962DB21999","2253",
"O2DB207962DB22259","2506",
"O2DB207962DB21017","1318",
"O2DB207962DB22970","3183",
"O2DB207962DB23304","3513",
"O2DB207962DB21277","1564",
"O2DB207962DB23565","3771",
"O2DB207962DB24581","4117",
"O2DB207962DB21513","1792",
"O2DB207962DB21986","2240",
"O2DB207962DB24840","4313",
"O2DB207962DB21771","2030",
"O2DB207962DB21888","2142",
"O2DB207962DB22222","2473",
"O2DB207962DB22482","2705",
"O2DB207962DB22933","3146",
"O2DB207962DB22718","2936",
"O2DB207962DB23193","3402",
"O2DB207962DB23528","3734",
"O2DB207962DB24354","3954;4479",
"O2DB207962DB21142","1431",
"O2DB207962DB23429","3638",
"O2DB207962DB21734","1995",
"O2DB207962DB24257","3865",
"O2DB207962DB21851","2107",
"O2DB207962DB24705","4219",
"O2DB207962DB22445","2670",
"O2DB207962DB23156","3365",
"O2DB207962DB22798","3014",
"O2DB207962DB21105","1400",
"O2DB207962DB23058","3268",
"O2DB207962DB24433","4019",
"O2DB207962DB21365","1649",
"O2DB207962DB24220","3837;4554",
"O2DB207962DB21814","2072",
"O2DB207962DB24668","4185",
"O2DB207962DB21601","1867",
"O2DB207962DB22074","2326",
"O2DB207962DB24928","4393",
"O2DB207962DB22310","2544-2",
"O2DB207962DB22570","2790",
"O2DB207962DB23021","3233",
"O2DB207962DB20994","1295",
"O2DB207962DB21328","1613",
"O2DB207962DB23281","3490",
"O2DB207962DB24183","3807",
"O2DB207962DB21588","1854",
"O2DB207962DB21230","1517",
"O2DB207962DB22037","2290",
"O2DB207962DB24558","4104",
"O2DB207962DB21490","1772",
"O2DB207962DB22297","2534",
"O2DB207962DB21939","2195",
"O2DB207962DB24793","4280",
"O2DB207962DB22533","2753",
"O2DB207962DB22793","3009",
"O2DB207962DB20958","1259",
"O2DB207962DB23244","3453",
"O2DB207962DB24521","4086",
"O2DB207962DB21453","1735",
"O2DB207962DB24307","3908",
"O2DB207962DB21902","2156",
"O2DB207962DB22162","2413",
"O2DB207962DB22756","2972",
"O2DB207962DB22873","3089",
"O2DB207962DB23207","3416",
"O2DB207962DB22658","2878",
"O2DB207962DB23468","3676",
"O2DB207962DB20817","1127",
"O2DB207962DB23109","3318",
"O2DB207962DB21082","1378",
"O2DB207962DB21416","1698",
"O2DB207962DB23369","3578",
"O2DB207962DB24270","3875",
"O2DB207962DB216741PD355371PD35539","1935-3",
"O2DB207962DB24387","3984",
"O2DB207962DB22125","2376",
"O2DB207962DB24646","4163",
"O2DB207962DB22385","2616",
"O2DB207962DB22836","3052",
"O2DB207962DB22621","2841",
"O2DB207962DB23332","3541",
"O2DB207962DB24609","4135",
"O2DB207962DB21541","1815",
"O2DB207962DB21008","1309",
"O2DB207962DB22961","3174",
"O2DB207962DB21268","1555",
"O2DB207962DB23556","3762",
"O2DB207962DB20911","1213",
"O2DB207962DB21170","1458",
"O2DB207962DB21977","2232",
"O2DB207962DB24831","4311",
"O2DB207962DB21762","2021",
"O2DB207962DB21879","2135-2136",
"O2DB207962DB22213","2464",
"O2DB207962DB22473","2696/525",
"O2DB207962DB22924","3138",
"O2DB207962DB20898","1200",
"O2DB207962DB22709","2927",
"O2DB207962DB23184","3393",
"O2DB207962DB21133","1422",
"O2DB207962DB23420","3629",
"O2DB207962DB21393","1676",
"O2DB207962DB21725","1986",
"O2DB207962DB21842","2098",
"O2DB207962DB24696","4211",
"O2DB207962DB22696","2914",
"O2DB207962DB22338","2570",
"O2DB207962DB23147","3356",
"O2DB207962DB23049","3259",
"O2DB207962DB21356","1641",
"O2DB207962DB24211","3828",
"O2DB207962DB21805","2063",
"O2DB207962DB22065","2317",
"O2DB207962DB24919","4384",
"O2DB207962DB22301","2537",
"O2DB207962DB22561","2781",
"O2DB207962DB23012","3225",
"O2DB207962DB20985","1286",
"O2DB207962DB21319","1605",
"O2DB207962DB23272","3481",
"O2DB207962DB24174","3801",
"O2DB207962DB21579","1848",
"O2DB207962DB21221","1509",
"O2DB207962DB23509","3716",
"O2DB207962DB21481","1763",
"O2DB207962DB24882","4351",
"O2DB207962DB24335","3936",
"O2DB207962DB21930","2187",
"O2DB207962DB24784","4271",
"O2DB207962DB22190","2441",
"O2DB207962DB22524","2744",
"O2DB207962DB22784","3000",
"O2DB207962DB20949","1250",
"O2DB207962DB23235","3444",
"O2DB207962DB23496","3704",
"O2DB207962DB20847","1157",
"O2DB207962DB24512","4078",
"O2DB207962DB21444","1726",
"O2DB207962DB24298","3900",
"O2DB207962DB24414","4008",
"O2DB207962DB22153","2404",
"O2DB207962DB22747","2963",
"O2DB207962DB22864","3080",
"O2DB207962DB22649","2869",
"O2DB207962DB20807","1117",
"O2DB207962DB23100","3309",
"O2DB207962DB21073","1369",
"O2DB207962DB21407","1689",
"O2DB207962DB23360","3569",
"O2DB207962DB21667","1928",
"O2DB207962DB24378","3977;4489",
"O2DB207962DB22116","2367",
"O2DB207962DB24637","4156",
"O2DB207962DB22376","2607",
"O2DB207962DB22018","2271",
"O2DB207962DB22827","3043",
"O2DB207962DB22278","2516",
"O2DB207962DB22612","2832",
"O2DB207962DB23087","3297",
"O2DB207962DB21036","1337",
"O2DB207962DB22989","3202",
"O2DB207962DB23323","3532",
"O2DB207962DB21296","1582",
"O2DB207962DB21532","1806",
"O2DB207962DB24859","4330",
"O2DB207962DB21790","2048",
"O2DB207962DB22241","2492",
"O2DB207962DB22952","3165",
"O2DB207962DB21259","1546",
"O2DB207962DB23547","3753",
"O2DB207962DB20902","1204",
"O2DB207962DB21161","1450",
"O2DB207962DB23448","3657",
"O2DB207962DB21753","2013",
"O2DB207962DB24465","4039",
"O2DB207962DB21870","2126",
"O2DB207962DB22204","2455",
"O2DB207962DB22464","2689",
"O2DB207962DB22915","3129",
"O2DB207962DB20889","1193",
"O2DB207962DB22700","2918",
"O2DB207962DB23175","3384",
"O2DB207962DB21124","1415",
"O2DB207962DB23411","3620",
"O2DB207962DB24452","4034",
"O2DB207962DB21384","1667",
"O2DB207962DB21716","1977",
"O2DB207962DB21833","2090",
"O2DB207962DB21620","1884",
"O2DB207962DB22093","2344",
"O2DB207962DB22427","2656",
"O2DB207962DB24947","4411",
"O2DB207962DB22687","2905",
"O2DB207962DB22329","2561",
"O2DB207962DB22589","2809",
"O2DB207962DB23040","3250",
"O2DB207962DB21347","1632",
"O2DB207962DB24202","3821",
"O2DB207962DB22056","2308",
"O2DB207962DB24910","4375",
"O2DB207962DB21958","2214",
"O2DB207962DB22552","2772",
"O2DB207962DB23003","3216",
"O2DB207962DB20976","1277",
"O2DB207962DB23263","3472",
"O2DB207962DB21212","1500",
"O2DB207962DB23500","3707",
"O2DB207962DB21472","1754",
"O2DB207962DB24326","3927;4533",
"O2DB207962DB21921","2174",
"O2DB207962DB24775","4267",
"O2DB207962DB22181","2432",
"O2DB207962DB22515","2736-2",
"O2DB207962DB22775","2991",
"O2DB207962DB20940","1241",
"O2DB207962DB22892","3106",
"O2DB207962DB23226","3435",
"O2DB207962DB21199","1487",
"O2DB207962DB23487","3695",
"O2DB207962DB20836","1146",
"O2DB207962DB23128","3337",
"O2DB207962DB24503","4070",
"O2DB207962DB21435","1717",
"O2DB207962DB23388","3597",
"O2DB207962DB24289","3892",
"O2DB207962DB24762","4255",
"O2DB207962DB21693","1954",
"O2DB207962DB24405","3999",
"O2DB207962DB22144","2395",
"O2DB207962DB22855","3071",
"O2DB207962DB22640","2860",
"O2DB207962DB21064","1360",
"O2DB207962DB23351","3560",
"O2DB207962DB21658","1920",
"O2DB207962DB24369","3968;4493",
"O2DB207962DB21300","1586",
"O2DB207962DB22107","2358",
"O2DB207962DB21560","1833",
"O2DB207962DB22367","2598",
"O2DB207962DB22009","2262",
"O2DB207962DB24863","4334",
"O2DB207962DB22269","2512",
"O2DB207962DB22603","2823",
"O2DB207962DB21027","1328",
"O2DB207962DB22980","3193",
"O2DB207962DB23314","3523",
"O2DB207962DB21287","1573",
"O2DB207962DB23575","3781",
"O2DB207962DB21523","1797",
"O2DB207962DB21996","2250",
"O2DB207962DB24850","4323",
"O2DB207962DB21781","2040",
"O2DB207962DB22232","2483",
"O2DB207962DB22492","2715",
"O2DB207962DB22943","3156",
"O2DB207962DB22728","2944",
"O2DB207962DB23538","3744",
"O2DB207962DB24364","3963",
"O2DB207962DB21152","1441",
"O2DB207962DB23439","3648",
"O2DB207962DB21744","2006",
"O2DB207962DB21861","2117",
"O2DB207962DB24715","4222",
"O2DB207962DB22455","2680",
"O2DB207962DB22906","3120",
"O2DB207962DB20880","1186",
"O2DB207962DB23166","3375",
"O2DB207962DB22808","3024",
"O2DB207962DB21115","1408",
"O2DB207962DB23068","3278",
"O2DB207962DB23402","3611",
"O2DB207962DB21375","1659",
"O2DB207962DB21707","1968",
"O2DB207962DB24230","3846",
"O2DB207962DB21824","2082",
"O2DB207962DB24678","4195",
"O2DB207962DB21611","1875",
"O2DB207962DB22084","2336",
"O2DB207962DB24938","4402",
"O2DB207962DB22320","2552",
"O2DB207962DB22580","2800",
"O2DB207962DB23031","3243",
"O2DB207962DB21338","1623",
"O2DB207962DB23291","3500",
"O2DB207962DB24193","3812",
"O2DB207962DB21598","1864",
"O2DB207962DB21240","1527",
"O2DB207962DB22047","2300",
"O2DB207962DB24901","4366",
"O2DB207962DB21949","2205",
"O2DB207962DB24803","4288",
"O2DB207962DB22543","2763",
"O2DB207962DB20968","1268",
"O2DB207962DB23254","3463",
"O2DB207962DB21203","1491",
"O2DB207962DB24531","4092",
"O2DB207962DB21463","1745",
"O2DB207962DB24317","3918",
"O2DB207962DB21912","2166",
"O2DB207962DB24766","4259",
"O2DB207962DB22172","2423",
"O2DB207962DB22506","2729",
"O2DB207962DB22766","2982",
"O2DB207962DB22408","2637",
"O2DB207962DB22883","3099-3101",
"O2DB207962DB23217","3426",
"O2DB207962DB22668","2887",
"O2DB207962DB23478","3686",
"O2DB207962DB20827","1137",
"O2DB207962DB23119","3328",
"O2DB207962DB21092","1388",
"O2DB207962DB21426","1798",
"O2DB207962DB23379","3588",
"O2DB207962DB24280","3884",
"O2DB207962DB21684","1945",
"O2DB207962DB24396","3993",
"O2DB207962DB22135","2386",
"O2DB207962DB24656","4172",
"O2DB207962DB22846","3062",
"O2DB207962DB22631","2851",
"O2DB207962DB22631","yegedrugpa'irgyudkyirimpa'idkyil'khorbstanpa'isgrubpa'ithabsrdzogsso//rgyagargyimkhanpomahAdzanadang/lotsAbagzhonnu'odkyisbsgyurba'o",
"O2DB207962DB21055","1352",
"O2DB207962DB23342","3551",
"O2DB207962DB21649","1912",
"O2DB207962DB24619","4145",
"O2DB207962DB21551","1825",
"O2DB207962DB22000","2254",
"O2DB207962DB22260","2507",
"O2DB207962DB21018","1319",
"O2DB207962DB22971","3184",
"O2DB207962DB23305","3514",
"O2DB207962DB21278","1565",
"O2DB207962DB23566","3772",
"O2DB207962DB20921","1222",
"O2DB207962DB21180","1468",
"O2DB207962DB24582","4118",
"O2DB207962DB21987","2241",
"O2DB207962DB24841","4314",
"O2DB207962DB21772","2031",
"O2DB207962DB24484","4054",
"O2DB207962DB21889","2143",
"O2DB207962DB22223","2474",
"O2DB207962DB24743","4236",
"O2DB207962DB22483","2706",
"O2DB207962DB22934","3147",
"O2DB207962DB23194","3403",
"O2DB207962DB21143","1432",
"O2DB207962DB23430","3639",
"O2DB207962DB21735","1996",
"O2DB207962DB24258","3866",
"O2DB207962DB21852","2108",
"O2DB207962DB22446","2671",
"O2DB207962DB22348","2580",
"O2DB207962DB23157","3366",
"O2DB207962DB22799","3015",
"O2DB207962DB23059","3269",
"O2DB207962DB21366","1650",
"O2DB207962DB24221","3838",
"O2DB207962DB21815","2073",
"O2DB207962DB24669","4186",
"O2DB207962DB21602","1868",
"O2DB207962DB22075","2327",
"O2DB207962DB24929","4394",
"O2DB207962DB22311","2544-3",
"O2DB207962DB22571","2791",
"O2DB207962DB23022","3234",
"O2DB207962DB20995","1296",
"O2DB207962DB21329","1614",
"O2DB207962DB23282","3491",
"O2DB207962DB21589","1855",
"O2DB207962DB21231","1518",
"O2DB207962DB23519","3725",
"O2DB207962DB24559","4105",
"O2DB207962DB21491","1773",
"O2DB207962DB24892","4358",
"O2DB207962DB24345","3945;4494",
"O2DB207962DB21940","2196",
"O2DB207962DB24794","4281",
"O2DB207962DB22534","2754",
"O2DB207962DB22794","3010",
"O2DB207962DB20959","1260",
"O2DB207962DB23245","3454",
"O2DB207962DB24522","4087",
"O2DB207962DB21454","1736",
"O2DB207962DB24308","3909",
"O2DB207962DB21903","2157",
"O2DB207962DB24424","4016",
"O2DB207962DB22163","2414",
"O2DB207962DB22757","2973",
"O2DB207962DB22399","2628",
"O2DB207962DB22874","3090",
"O2DB207962DB22659","2879",
"O2DB207962DB20818","1128",
"O2DB207962DB23110","3319",
"O2DB207962DB21083","1379",
"O2DB207962DB21417","1699",
"O2DB207962DB23370","3579",
"O2DB207962DB24271","3876",
"O2DB207962DB21675","1936",
"O2DB207962DB24388","3985;4552",
"O2DB207962DB22126","2377",
"O2DB207962DB24647","4164",
"O2DB207962DB22386","2617",
"O2DB207962DB22028","2281",
"O2DB207962DB22837","3053",
"O2DB207962DB22288","2526",
"O2DB207962DB22622","2842",
"O2DB207962DB23097","3306",
"O2DB207962DB21046","1346",
"O2DB207962DB23333","3542",
"O2DB207962DB24161","3791",
"O2DB207962DB24610","4136",
"O2DB207962DB21542","1816",
"O2DB207962DB22251","2501",
"O2DB207962DB21009","1310",
"O2DB207962DB22962","3175",
"O2DB207962DB21269","1556",
"O2DB207962DB23557","3763;4527",
"O2DB207962DB20912","1214",
"O2DB207962DB23198","3407",
"O2DB207962DB21171","1459",
"O2DB207962DB24573","4112",
"O2DB207962DB21505","1785",
"O2DB207962DB23459","3667",
"O2DB207962DB21763","2022",
"O2DB207962DB24475","4047",
"O2DB207962DB21880","2135",
"O2DB207962DB22214","2465",
"O2DB207962DB24734","4229",
"O2DB207962DB22474","2697",
"O2DB207962DB22925","3139",
"O2DB207962DB20899","1201",
"O2DB207962DB22710","2928",
"O2DB207962DB23185","3394",
"O2DB207962DB21134","1423",
"O2DB207962DB24462","4038",
"O2DB207962DB23421","3630",
"O2DB207962DB21394","1677",
"O2DB207962DB21726","1987",
"O2DB207962DB24249","3859",
"O2DB207962DB21843","2099",
"O2DB207962DB24697","4212",
"O2DB207962DB21630","1894",
"O2DB207962DB22437","2663",
"O2DB207962DB24958","4420-1",
"O2DB207962DB22697","2915",
"O2DB207962DB22339","2571",
"O2DB207962DB23050","3260",
"O2DB207962DB21357","1642",
"O2DB207962DB24212","3829",
"O2DB207962DB21806","2064",
"O2DB207962DB22066","2318",
"O2DB207962DB24920","4385",
"O2DB207962DB21968","2223",
"O2DB207962DB22302","2538",
"O2DB207962DB22562","2782",
"O2DB207962DB20986","1287",
"O2DB207962DB23273","3482",
"O2DB207962DB24175","3802",
"O2DB207962DB21222","1510",
"O2DB207962DB23510","3717",
"O2DB207962DB24550","4100",
"O2DB207962DB21482","1764",
"O2DB207962DB24336","3937",
"O2DB207962DB21931","2187-2",
"O2DB207962DB24785","4272",
"O2DB207962DB22191","2442",
"O2DB207962DB22525","2745",
"O2DB207962DB22785","3001",
"O2DB207962DB20950","1251",
"O2DB207962DB23236","3445",
"O2DB207962DB20848","1158",
"O2DB207962DB23138","3347",
"O2DB207962DB24513","4080",
"O2DB207962DB21445","1727",
"O2DB207962DB24299","3901",
"O2DB207962DB24415","4009",
"O2DB207962DB22154","2405",
"O2DB207962DB22865","3081",
"O2DB207962DB22650","2870",
"O2DB207962DB20808","1118",
"O2DB207962DB23101","3310",
"O2DB207962DB21074","1370",
"O2DB207962DB21408","1690",
"O2DB207962DB23361","3570",
"O2DB207962DB21668","1929",
"O2DB207962DB24379","3978",
"O2DB207962DB21310","1596",
"O2DB207962DB22117","2368",
"O2DB207962DB24638","4157",
"O2DB207962DB21570","1842",
"O2DB207962DB22377","2609",
"O2DB207962DB22019","2272",
"O2DB207962DB24873","4344",
"O2DB207962DB22279","2517",
"O2DB207962DB22613","2833",
"O2DB207962DB21037","1338",
"O2DB207962DB22990","3203",
"O2DB207962DB23324","3533",
"O2DB207962DB21297","1583",
"O2DB207962DB24152","3788",
"O2DB207962DB24601","4127",
"O2DB207962DB21533","1807",
"O2DB207962DB24860","4331",
"O2DB207962DB21791","2049",
"O2DB207962DB22242","2493",
"O2DB207962DB22953","3166",
"O2DB207962DB22738","2954",
"O2DB207962DB23548","3754",
"O2DB207962DB20903","1205",
"O2DB207962DB21162","1451",
"O2DB207962DB23449","3658",
"O2DB207962DB21871","2127",
"O2DB207962DB22205","2456",
"O2DB207962DB24725","4226",
"O2DB207962DB22916","3130",
"O2DB207962DB20890","1194",
"O2DB207962DB22701","2919",
"O2DB207962DB23176","3385",
"O2DB207962DB22818","3034",
"O2DB207962DB21125","1416",
"O2DB207962DB23078","3288",
"O2DB207962DB23412","3621",
"O2DB207962DB21385","1668",
"O2DB207962DB21717","1978",
"O2DB207962DB24240","3855",
"O2DB207962DB21834","2091",
"O2DB207962DB24688","4203",
"O2DB207962DB21621","1885",
"O2DB207962DB22094","2345",
"O2DB207962DB24948","4412",
"O2DB207962DB22330","2562",
"O2DB207962DB22590","2810",
"O2DB207962DB23041","3251",
"O2DB207962DB21348","1633",
"O2DB207962DB24203","3822",
"O2DB207962DB21250","1537",
"O2DB207962DB22057","2309",
"O2DB207962DB24911","4376",
"O2DB207962DB21959","2215",
"O2DB207962DB24813","4297",
"O2DB207962DB22553","2773",
"O2DB207962DB23004","3217",
"O2DB207962DB20977","1278",
"O2DB207962DB23264","3473",
"O2DB207962DB21213","1501",
"O2DB207962DB23501","3708",
"O2DB207962DB24541","4094",
"O2DB207962DB21473","1755",
"O2DB207962DB24327","3928;4476",
"O2DB207962DB21922","2175",
"O2DB207962DB22182","2433",
"O2DB207962DB22516","2737",
"O2DB207962DB22776","2992",
"O2DB207962DB22418","2647",
"O2DB207962DB22893","3107",
"O2DB207962DB23227","3436",
"O2DB207962DB22678","2896-2",
"O2DB207962DB23488","3696",
"O2DB207962DB20837","1147",
"O2DB207962DB23129","3338",
"O2DB207962DB21436","1718",
"O2DB207962DB23389","3598",
"O2DB207962DB24290","3893",
"O2DB207962DB21694","1955",
"O2DB207962DB24406","4000",
"O2DB207962DB22145","2396",
"O2DB207962DB22856","3072",
"O2DB207962DB22641","2861",
"O2DB207962DB20799","1109",
"O2DB207962DB21065","1361",
"O2DB207962DB23352","3561",
"O2DB207962DB21659","1921",
"O2DB207962DB24370","3969;4490",
"O2DB207962DB21301","1587",
"O2DB207962DB24629","4152",
"O2DB207962DB21561","1834",
"O2DB207962DB22010","2263",
"O2DB207962DB24864","4335",
"O2DB207962DB22604","2824",
"O2DB207962DB21028","1329",
"O2DB207962DB22981","3194",
"O2DB207962DB23315","3524",
"O2DB207962DB21288","1574",
"O2DB207962DB23576","3782;822;1105",
"O2DB207962DB20931","1232",
"O2DB207962DB21190","1478",
"O2DB207962DB24592","4121",
"O2DB207962DB21524","1798",
"O2DB207962DB21997","2251",
"O2DB207962DB24851","4324",
"O2DB207962DB21782","2041",
"O2DB207962DB24494","4063",
"O2DB207962DB22233","2484",
"O2DB207962DB24753","4246",
"O2DB207962DB22493","2716",
"O2DB207962DB22944","3157",
"O2DB207962DB22729","2945",
"O2DB207962DB21153","1442",
"O2DB207962DB23440","3649",
"O2DB207962DB21745","2007",
"O2DB207962DB21862","2118",
"O2DB207962DB22456","2681",
"O2DB207962DB22098","2349",
"O2DB207962DB22907","3121",
"O2DB207962DB22358","2590",
"O2DB207962DB23167","3376",
"O2DB207962DB22809","3025",
"O2DB207962DB21116","1409",
"O2DB207962DB23069","3279",
"O2DB207962DB23403","3612",
"O2DB207962DB21376","1660",
"O2DB207962DB24231","3847",
"O2DB207962DB21825","2083",
"O2DB207962DB24679","4196",
"O2DB207962DB21612","1876",
"O2DB207962DB22085","2337",
"O2DB207962DB24939","4403",
"O2DB207962DB22321","2553",
"O2DB207962DB22581","2801",
"O2DB207962DB23032","3244",
"O2DB207962DB21339","1624",
"O2DB207962DB23292","3501",
"O2DB207962DB24194","3813",
"O2DB207962DB21599","1865",
"O2DB207962DB21241","1528",
"O2DB207962DB23529","3735",
"O2DB207962DB24902","4367",
"O2DB207962DB24355","3955;4480",
"O2DB207962DB21950","2206",
"O2DB207962DB24804","4289",
"O2DB207962DB22544","2764",
"O2DB207962DB20969","1269",
"O2DB207962DB23255","3464",
"O2DB207962DB21204","1492",
"O2DB207962DB21464","1746",
"O2DB207962DB24318","3919",
"O2DB207962DB21913","2167",
"O2DB207962DB24767","4260",
"O2DB207962DB21698","1959",
"O2DB207962DB22173","2424",
"O2DB207962DB22507","2730",
"O2DB207962DB22767","2983",
"O2DB207962DB22409","2638",
"O2DB207962DB22884","3099",
"O2DB207962DB22669","2888",
"O2DB207962DB20828","1138",
"O2DB207962DB23120","3329",
"O2DB207962DB21427","1709",
"O2DB207962DB23380","3589",
"O2DB207962DB24281","3885",
"O2DB207962DB21685","1946",
"O2DB207962DB22136","2387",
"O2DB207962DB24657","4173",
"O2DB207962DB22396","2626",
"O2DB207962DB22038","2291",
"O2DB207962DB22847","3063",
"O2DB207962DB22632","2852",
"O2DB207962DB23343","3552",
"O2DB207962DB24620","4146",
"O2DB207962DB22001","2255",
"O2DB207962DB22261","2508",
"O2DB207962DB21019","1320",
"O2DB207962DB22972","3185",
"O2DB207962DB23306","3515",
"O2DB207962DB21279","1566",
"O2DB207962DB23567","3773",
"O2DB207962DB20922","1223",
"O2DB207962DB23208","3417",
"O2DB207962DB21181","1469",
"O2DB207962DB21515","1793",
"O2DB207962DB23469","3677",
"O2DB207962DB24842","4315",
"O2DB207962DB21773","2032",
"O2DB207962DB21890","2144",
"O2DB207962DB22224","2475",
"O2DB207962DB24744","4237",
"O2DB207962DB22484","2707",
"O2DB207962DB22935","3148",
"O2DB207962DB22720","2937",
"O2DB207962DB23195","3404",
"O2DB207962DB21144","1433",
"O2DB207962DB23431","3640",
"O2DB207962DB21736","1997",
"O2DB207962DB24259","3867",
"O2DB207962DB21853","2109",
"O2DB207962DB24707","4220",
"O2DB207962DB21640","1903",
"O2DB207962DB22447","2672",
"O2DB207962DB22349","2581",
"O2DB207962DB22800","3016",
"O2DB207962DB21107","1401",
"O2DB207962DB23060","3270",
"O2DB207962DB21367","1651",
"O2DB207962DB24222","3839",
"O2DB207962DB21816","2074",
"O2DB207962DB24670","4187",
"O2DB207962DB22076","2328",
"O2DB207962DB24930","4395",
"O2DB207962DB21978","2233",
"O2DB207962DB22312","2545-1",
"O2DB207962DB22572","2792",
"O2DB207962DB23023","3235",
"O2DB207962DB20996","1297",
"O2DB207962DB23283","3492",
"O2DB207962DB24185","3807",
"O2DB207962DB21232","1519",
"O2DB207962DB23520","3726",
"O2DB207962DB21492","1774",
"O2DB207962DB24346","3946;4472",
"O2DB207962DB21941","2197",
"O2DB207962DB22535","2755",
"O2DB207962DB22795","3011",
"O2DB207962DB20960","1261",
"O2DB207962DB23246","3455",
"O2DB207962DB20858","1168",
"O2DB207962DB23148","3357",
"O2DB207962DB24523","4088",
"O2DB207962DB21455","1737",
"O2DB207962DB24309","3910",
"O2DB207962DB21904","2158",
"O2DB207962DB22164","2415",
"O2DB207962DB22400","2629",
"O2DB207962DB22875","3091",
"O2DB207962DB22660","2880-1",
"O2DB207962DB20819","1129",
"O2DB207962DB23111","3320",
"O2DB207962DB21084","1380",
"O2DB207962DB21418","1700",
"O2DB207962DB23371","3580",
"O2DB207962DB24272","3877",
"O2DB207962DB21676","1937",
"O2DB207962DB24389","3986",
"O2DB207962DB21320","1606",
"O2DB207962DB22127","2378",
"O2DB207962DB24648","4165",
"O2DB207962DB21580","1849",
"O2DB207962DB22387","2618",
"O2DB207962DB22029","2282",
"O2DB207962DB24883","4352",
"O2DB207962DB22289","2527",
"O2DB207962DB22623","2843",
"O2DB207962DB21047","1347",
"O2DB207962DB23334","3543",
"O2DB207962DB24611","4137",
"O2DB207962DB21543","1817",
"O2DB207962DB22252","2502",
"O2DB207962DB22963","3176",
"O2DB207962DB22748","2964",
"O2DB207962DB23558","3764;4528",
"O2DB207962DB20913","1215",
"O2DB207962DB23199","3408",
"O2DB207962DB21172","1460",
"O2DB207962DB21506","1786",
"O2DB207962DB23460","3668",
"O2DB207962DB21764","2023",
"O2DB207962DB21881","2136-1",
"O2DB207962DB22215","2466",
"O2DB207962DB22475","2698",
"O2DB207962DB20900","1202",
"O2DB207962DB22711","2929",
"O2DB207962DB23186","3395",
"O2DB207962DB22828","3044",
"O2DB207962DB21135","1424",
"O2DB207962DB23088","3298",
"O2DB207962DB23422","3631",
"O2DB207962DB21395","1678",
"O2DB207962DB21727","1988",
"O2DB207962DB21844","2100",
"O2DB207962DB24698","4313",
"O2DB207962DB21631","1895",
"O2DB207962DB249581PD362681PD36269","4420-2",
"O2DB207962DB22340","2572",
"O2DB207962DB23051","3261",
"O2DB207962DB21358","1643",
"O2DB207962DB24213","3830",
"O2DB207962DB21000","1301",
"O2DB207962DB21807","2065",
"O2DB207962DB21260","1547",
"O2DB207962DB22067","2319",
"O2DB207962DB24921","4386",
"O2DB207962DB21969","2224",
"O2DB207962DB22303","2539",
"O2DB207962DB22563","2783",
"O2DB207962DB23014","3226",
"O2DB207962DB20987","1287",
"O2DB207962DB23274","3483",
"O2DB207962DB21223","1511",
"O2DB207962DB23511","3718",
"O2DB207962DB24551","4101",
"O2DB207962DB21483","1765",
"O2DB207962DB24337","3938",
"O2DB207962DB21932","2188",
"O2DB207962DB24786","4273",
"O2DB207962DB22192","2443",
"O2DB207962DB22526","2746",
"O2DB207962DB22786","3002",
"O2DB207962DB22428","2657",
"O2DB207962DB23237","3446",
"O2DB207962DB22688","2906",
"O2DB207962DB23498","3705",
"O2DB207962DB20849","1159",
"O2DB207962DB23139","3348",
"O2DB207962DB21446","1728",
"O2DB207962DB24300","3902;4467",
"O2DB207962DB22155","2406",
"O2DB207962DB22866","3082",
"O2DB207962DB22651","2871",
"O2DB207962DB20809","1119",
"O2DB207962DB23102","3311",
"O2DB207962DB21075","1371",
"O2DB207962DB21409","1691",
"O2DB207962DB23362","3571",
"O2DB207962DB21669","1930",
"O2DB207962DB24380","3979",
"O2DB207962DB21311","1597",
"O2DB207962DB24166","3795",
"O2DB207962DB22020","2273",
"O2DB207962DB24874","4345",
"O2DB207962DB22280","2518",
"O2DB207962DB22614","2834",
"O2DB207962DB21038","1339",
"O2DB207962DB22991","3204",
"O2DB207962DB23325","3534",
"O2DB207962DB21298","1584",
"O2DB207962DB24153","3789",
"O2DB207962DB20941","1242",
"O2DB207962DB24602","4128",
"O2DB207962DB21534","1808",
"O2DB207962DB24861","4332",
"O2DB207962DB21792","2050",
"O2DB207962DB24504","4071",
"O2DB207962DB22243","2494",
"O2DB207962DB22954","3167",
"O2DB207962DB22739","2955",
"O2DB207962DB20904","1206",
"O2DB207962DB21163","1452",
"O2DB207962DB23450","3659",
"O2DB207962DB21755","2014",
"O2DB207962DB24467","4040",
"O2DB207962DB21872","2128",
"O2DB207962DB22206","2457",
"O2DB207962DB22466","2690",
"O2DB207962DB22108","2359",
"O2DB207962DB22917","3131",
"O2DB207962DB22368","2599",
"O2DB207962DB22702","2920",
"O2DB207962DB23177","3386",
"O2DB207962DB22819","3035",
"O2DB207962DB21126","1417",
"O2DB207962DB23079","3289",
"O2DB207962DB23413","3622",
"O2DB207962DB21386","1669",
"O2DB207962DB24241","3856",
"O2DB207962DB24689","4204",
"O2DB207962DB21622","1886",
"O2DB207962DB22095","2346",
"O2DB207962DB24949","4413",
"O2DB207962DB22331","2563",
"O2DB207962DB22591","2811",
"O2DB207962DB23042","3252",
"O2DB207962DB21349","1634",
"O2DB207962DB24204","3823",
"O2DB207962DB21251","1538",
"O2DB207962DB23539","3745",
"O2DB207962DB24912","4377",
"O2DB207962DB21960","2216",
"O2DB207962DB24814","4298",
"O2DB207962DB22554","2774",
"O2DB207962DB23005","3218",
"O2DB207962DB20978","1279",
"O2DB207962DB23265","3474",
"O2DB207962DB20881","1187",
"O2DB207962DB21214","1502",
"O2DB207962DB23502","3709",
"O2DB207962DB24542","4095",
"O2DB207962DB21474","1756",
"O2DB207962DB24328","3929;4468",
"O2DB207962DB21923","2176",
"O2DB207962DB24444","4027",
"O2DB207962DB24777","4267",
"O2DB207962DB21708","1969",
"O2DB207962DB22183","2434",
"O2DB207962DB22517","2738",
"O2DB207962DB22777","2993",
"O2DB207962DB22419","2648",
"O2DB207962DB22894","3108",
"O2DB207962DB22679","2897",
"O2DB207962DB20838","1148",
"O2DB207962DB23130","3339",
"O2DB207962DB21437","1719",
"O2DB207962DB23390","3599",
"O2DB207962DB24291","3894",
"O2DB207962DB21695","1956",
"O2DB207962DB24407","4001",
"O2DB207962DB22146","2397",
"O2DB207962DB22048","2301",
"O2DB207962DB22857","3073",
"O2DB207962DB22642","2862",
"O2DB207962DB20800","1110",
"O2DB207962DB21066","1362",
"O2DB207962DB23353","3562",
"O2DB207962DB24371","3970",
"O2DB207962DB21302","1588",
"O2DB207962DB24630","4153",
"O2DB207962DB21562","1835",
"O2DB207962DB22011","2264",
"O2DB207962DB24865","4336",
"O2DB207962DB22271","2512",
"O2DB207962DB22605","2825",
"O2DB207962DB21029","1330",
"O2DB207962DB22982","3195",
"O2DB207962DB23316","3525",
"O2DB207962DB21289","1575",
"O2DB207962DB23577","3793",
"O2DB207962DB20932","1233",
"O2DB207962DB23218","3427",
"O2DB207962DB21191","1479",
"O2DB207962DB21525","1799",
"O2DB207962DB23479","3687",
"O2DB207962DB24852","4325",
"O2DB207962DB21783","2042",
"O2DB207962DB24495","4064",
"O2DB207962DB22234","2485",
"O2DB207962DB24754","4247",
"O2DB207962DB22494","2717",
"O2DB207962DB22945","3158",
"O2DB207962DB22730","2946",
"O2DB207962DB21154","1443",
"O2DB207962DB23441","3650",
"O2DB207962DB21746","2008",
"O2DB207962DB21863","2119",
"O2DB207962DB24717","4222",
"O2DB207962DB21650","1913",
"O2DB207962DB22457","2682",
"O2DB207962DB22099","2350",
"O2DB207962DB22810","3026",
"O2DB207962DB21117","1410",
"O2DB207962DB23070","3280",
"O2DB207962DB23404","3613",
"O2DB207962DB24232","3848;3844",
"O2DB207962DB21826","2084",
"O2DB207962DB24680","4197",
"O2DB207962DB21613","1877",
"O2DB207962DB22086","2338",
"O2DB207962DB24940","4404",
"O2DB207962DB21988","2242",
"O2DB207962DB22322","2554",
"O2DB207962DB22582","2802",
"O2DB207962DB23033","3245-1",
"O2DB207962DB23293","3502",
"O2DB207962DB24195","3814",
"O2DB207962DB21242","1529",
"O2DB207962DB23530","3736",
"O2DB207962DB24356","3956;4481",
"O2DB207962DB21951","2207",
"O2DB207962DB24805","4290",
"O2DB207962DB22545","2765",
"O2DB207962DB20970","1270",
"O2DB207962DB23256","3465",
"O2DB207962DB22898","3112",
"O2DB207962DB20872","1180",
"O2DB207962DB21205","1493",
"O2DB207962DB23158","3367",
"O2DB207962DB24533","4092",
"O2DB207962DB21465","1747",
"O2DB207962DB24319","3920;4541",
"O2DB207962DB21914","2168",
"O2DB207962DB24768","4261",
"O2DB207962DB21699","1960",
"O2DB207962DB22174","2425",
"O2DB207962DB22410","2639",
"O2DB207962DB22885","3100",
"O2DB207962DB22670","2889",
"O2DB207962DB20829","1139",
"O2DB207962DB23121","3330",
"O2DB207962DB21094","1389",
"O2DB207962DB21428","1710",
"O2DB207962DB23381","3590",
"O2DB207962DB24282","3886",
"O2DB207962DB21686","1947",
"O2DB207962DB24398","3994",
"O2DB207962DB21330","1615",
"O2DB207962DB22137","2388",
"O2DB207962DB24658","4174",
"O2DB207962DB21590","1856",
"O2DB207962DB22397","2627",
"O2DB207962DB22039","2292",
"O2DB207962DB24893","4359",
"O2DB207962DB22633","2853",
"O2DB207962DB21057","1353",
"O2DB207962DB23344","3553",
"O2DB207962DB24621","4147",
"O2DB207962DB21553","1825",
"O2DB207962DB22002","2256",
"O2DB207962DB22262","2509",
"O2DB207962DB22498","2721",
"O2DB207962DB22973","3186",
"O2DB207962DB23307","3516",
"O2DB207962DB22758","2974",
"O2DB207962DB23568","3774",
"O2DB207962DB20923","1224",
"O2DB207962DB23209","3418",
"O2DB207962DB21182","1470",
"O2DB207962DB23470","3678",
"O2DB207962DB21774","2033",
"O2DB207962DB24486","4055",
"O2DB207962DB21891","2145",
"O2DB207962DB22225","2476",
"O2DB207962DB24745","4238",
"O2DB207962DB22485","2708",
"O2DB207962DB22936","3149",
"O2DB207962DB22721","2938",
"O2DB207962DB23196","3405",
"O2DB207962DB22838","3054",
"O2DB207962DB21145","1434",
"O2DB207962DB23432","3641",
"O2DB207962DB21737","1998",
"O2DB207962DB24260","3868",
"O2DB207962DB21854","2110",
"O2DB207962DB21641","1904",
"O2DB207962DB22350","2582",
"O2DB207962DB22801","3017",
"O2DB207962DB21108","1402",
"O2DB207962DB23061","3271",
"O2DB207962DB21368","1652",
"O2DB207962DB24223","3840;4162",
"O2DB207962DB21010","1311",
"O2DB207962DB21817","2075",
"O2DB207962DB21270","1557",
"O2DB207962DB24671","4188",
"O2DB207962DB21604","1869",
"O2DB207962DB22077","2329",
"O2DB207962DB24931","4396",
"O2DB207962DB24574","4113",
"O2DB207962DB21979","2234",
"O2DB207962DB22313","2545-2",
"O2DB207962DB24833","4312",
"O2DB207962DB22573","2793",
"O2DB207962DB23024","3236",
"O2DB207962DB20997","1298",
"O2DB207962DB23284","3493",
"O2DB207962DB21233","1520",
"O2DB207962DB23521","3727",
"O2DB207962DB24561","4106",
"O2DB207962DB21493","1775",
"O2DB207962DB24347","3947;4465",
"O2DB207962DB21942","2198",
"O2DB207962DB24796","4282",
"O2DB207962DB22536","2756",
"O2DB207962DB22796","3012",
"O2DB207962DB22438","2664",
"O2DB207962DB23247","3456",
"O2DB207962DB20859","1169",
"O2DB207962DB23149","3358",
"O2DB207962DB21456","1738",
"O2DB207962DB24310","3911;4519",
"O2DB207962DB21905","2159",
"O2DB207962DB24426","4016",
"O2DB207962DB22165","2416",
"O2DB207962DB22401","2630",
"O2DB207962DB22876","3092",
"O2DB207962DB22661","2880-2",
"O2DB207962DB20820","1130",
"O2DB207962DB23112","3321",
"O2DB207962DB21085","1381",
"O2DB207962DB21419","1701",
"O2DB207962DB23372","3581",
"O2DB207962DB24273","3878",
"O2DB207962DB21677","1938",
"O2DB207962DB24390","3987",
"O2DB207962DB21321","1607",
"O2DB207962DB24649","4166",
"O2DB207962DB21581","1850",
"O2DB207962DB22030","2283",
"O2DB207962DB24884","4353",
"O2DB207962DB22290","2528",
"O2DB207962DB22624","2844",
"O2DB207962DB23335","3544",
"O2DB207962DB24163","3792",
"O2DB207962DB20951","1252",
"O2DB207962DB24612","4138",
"O2DB207962DB21544","1818",
"O2DB207962DB24514","4081",
"O2DB207962DB22964","3177",
"O2DB207962DB22749","2965",
"O2DB207962DB20914","1216",
"O2DB207962DB23200","3409",
"O2DB207962DB21173","1461",
"O2DB207962DB21507","1787",
"O2DB207962DB23461","3669",
"O2DB207962DB21765","2024",
"O2DB207962DB24477","4048",
"O2DB207962DB21882","2136-2",
"O2DB207962DB22216","2467",
"O2DB207962DB24736","4230",
"O2DB207962DB22476","2699",
"O2DB207962DB22118","2369",
"O2DB207962DB22927","3140",
"O2DB207962DB22378","2609",
"O2DB207962DB22712","2930",
"O2DB207962DB23187","3396",
"O2DB207962DB22829","3045",
"O2DB207962DB21136","1425",
"O2DB207962DB23089","3299",
"O2DB207962DB23423","3632",
"O2DB207962DB21396","1679",
"O2DB207962DB24251","3860",
"O2DB207962DB21845","2101",
"O2DB207962DB24699","4314",
"O2DB207962DB21632","1896",
"O2DB207962DB22341","2573",
"O2DB207962DB23052","3262",
"O2DB207962DB21359","1644",
"O2DB207962DB24214","3831",
"O2DB207962DB21001","1302",
"O2DB207962DB21261","1548",
"O2DB207962DB23549","3755",
"O2DB207962DB24922","4387",
"O2DB207962DB24565","4106",
"O2DB207962DB21970","2225",
"O2DB207962DB22304","2540",
"O2DB207962DB24824","4306",
"O2DB207962DB22564","2784",
"O2DB207962DB23015","3227",
"O2DB207962DB20988","1289",
"O2DB207962DB23275","3484",
"O2DB207962DB20891","1195",
"O2DB207962DB21224","1512",
"O2DB207962DB23512","3719",
"O2DB207962DB24552","4102",
"O2DB207962DB21484","1766",
"O2DB207962DB21933","2189",
"O2DB207962DB24454","4034",
"O2DB207962DB24787","4274",
"O2DB207962DB21718","1979",
"O2DB207962DB22193","2444",
"O2DB207962DB22527","2747",
"O2DB207962DB22787","3003",
"O2DB207962DB22429","2658",
"O2DB207962DB22689","2907",
"O2DB207962DB20850","1160",
"O2DB207962DB23140","3349",
"O2DB207962DB21447","1729",
"O2DB207962DB24301","3903",
"O2DB207962DB24417","4010",
"O2DB207962DB22156","2407",
"O2DB207962DB21798","2056",
"O2DB207962DB22058","2310",
"O2DB207962DB22867","3083",
"O2DB207962DB22652","2872",
"O2DB207962DB20810","1120",
"O2DB207962DB23103","3312",
"O2DB207962DB21076","1372",
"O2DB207962DB23363","3572",
"O2DB207962DB24381","3980",
"O2DB207962DB21312","1598",
"O2DB207962DB21572","1843",
"O2DB207962DB22021","2274",
"O2DB207962DB22281","2519",
"O2DB207962DB22615","2835",
"O2DB207962DB21039","1340",
"O2DB207962DB22992","3205",
"O2DB207962DB23326","3535",
"O2DB207962DB21299","1585",
"O2DB207962DB20942","1243",
"O2DB207962DB23228","3437",
"O2DB207962DB24603","4129",
"O2DB207962DB21535","1809",
"O2DB207962DB23489","3697",
"O2DB207962DB24862","4333",
"O2DB207962DB21793","2051",
"O2DB207962DB24505","4072",
"O2DB207962DB22244","2495",
"O2DB207962DB22955","3168",
"O2DB207962DB22740","2956",
"O2DB207962DB20905","1207",
"O2DB207962DB21164","1453",
"O2DB207962DB23451","3660",
"O2DB207962DB21756","2015",
"O2DB207962DB24468","4041",
"O2DB207962DB21873","2129",
"O2DB207962DB22207","2458",
"O2DB207962DB24727","4226",
"O2DB207962DB21660","1922",
"O2DB207962DB22467","2691",
"O2DB207962DB22109","2360",
"O2DB207962DB22369","2600",
"O2DB207962DB22703","2921",
"O2DB207962DB22820","3036",
"O2DB207962DB21127","1418",
"O2DB207962DB23080","3290",
"O2DB207962DB23414","3623",
"O2DB207962DB21387","1670",
"O2DB207962DB24242","3857",
"O2DB207962DB21836","2092",
"O2DB207962DB24690","4205",
"O2DB207962DB21623","1887",
"O2DB207962DB22096","2347",
"O2DB207962DB24950","4414",
"O2DB207962DB22332","2564",
"O2DB207962DB22592","2812",
"O2DB207962DB23043","3253",
"O2DB207962DB21252","1539",
"O2DB207962DB23540","3746",
"O2DB207962DB24815","4299",
"O2DB207962DB22555","2775",
"O2DB207962DB23006","3219",
"O2DB207962DB20979","1280",
"O2DB207962DB23266","3475",
"O2DB207962DB22908","3122",
"O2DB207962DB20882","1188",
"O2DB207962DB21215","1503",
"O2DB207962DB23168","3377",
"O2DB207962DB23503","3710",
"O2DB207962DB24543","4096",
"O2DB207962DB21475","1757",
"O2DB207962DB24329","3930",
"O2DB207962DB21924","2177-2181",
"O2DB207962DB24445","4028",
"O2DB207962DB21709","1970",
"O2DB207962DB22184","2435",
"O2DB207962DB22420","2649",
"O2DB207962DB22895","3109",
"O2DB207962DB22680","2898",
"O2DB207962DB20839","1149",
"O2DB207962DB23131","3340",
"O2DB207962DB21438","1720",
"O2DB207962DB23391","3600",
"O2DB207962DB24292","3895",
"O2DB207962DB21696","1957",
"O2DB207962DB24408","4002",
"O2DB207962DB21340","1625",
"O2DB207962DB22147","2398",
"O2DB207962DB22049","2302",
"O2DB207962DB24903","4368",
"O2DB207962DB22643","2863",
"O2DB207962DB20801","1111",
"O2DB207962DB21067","1363",
"O2DB207962DB23354","3563",
"O2DB207962DB24372","3971;4564",
"O2DB207962DB21303","1589",
"O2DB207962DB24631","4254",
"O2DB207962DB21563","1836",
"O2DB207962DB22012","2265",
"O2DB207962DB24866","4337",
"O2DB207962DB22606","2826",
"O2DB207962DB22508","2731",
"O2DB207962DB22983","3196",
"O2DB207962DB23317","3526",
"O2DB207962DB22768","2984",
"O2DB207962DB23578","3784",
"O2DB207962DB20933","1234",
"O2DB207962DB23219","3428",
"O2DB207962DB21192","1480",
"O2DB207962DB21526","1800",
"O2DB207962DB23480","3688",
"O2DB207962DB21784","2043",
"O2DB207962DB24496","4065",
"O2DB207962DB22235","2486",
"O2DB207962DB24755","4248",
"O2DB207962DB22495","2718",
"O2DB207962DB22946","3159",
"O2DB207962DB22731","2947",
"O2DB207962DB22848","3064",
"O2DB207962DB21155","1444",
"O2DB207962DB23442","3651",
"O2DB207962DB21747","2008???",
"O2DB207962DB21864","2120",
"O2DB207962DB21651","1914",
"O2DB207962DB22100","2351",
"O2DB207962DB22360","2591",
"O2DB207962DB22811","3027",
"O2DB207962DB21118","1411",
"O2DB207962DB23071","3281",
"O2DB207962DB23405","3614",
"O2DB207962DB21378","1661",
"O2DB207962DB24233","3849;3845",
"O2DB207962DB21020","1321",
"O2DB207962DB21827","2085",
"O2DB207962DB21280","1567",
"O2DB207962DB24681","4198",
"O2DB207962DB21614","1878",
"O2DB207962DB22087","2339",
"O2DB207962DB24941","4405",
"O2DB207962DB24584","4119",
"O2DB207962DB21989","2243",
"O2DB207962DB22323","2555",
"O2DB207962DB24843","4316",
"O2DB207962DB22583","2803",
"O2DB207962DB23034","3245-2",
"O2DB207962DB23294","3503",
"O2DB207962DB21243","1530",
"O2DB207962DB23531","3737",
"O2DB207962DB24357","3957;4482",
"O2DB207962DB21952","2208",
"O2DB207962DB24806","4291",
"O2DB207962DB22546","2766",
"O2DB207962DB22448","2673",
"O2DB207962DB23257","3466",
"O2DB207962DB22899","3113",
"O2DB207962DB20873","1181",
"O2DB207962DB21206","1494",
"O2DB207962DB23159","3368",
"O2DB207962DB21466","1748",
"O2DB207962DB24320","3921",
"O2DB207962DB21915","2169",
"O2DB207962DB24436","4020",
"O2DB207962DB24769","4262",
"O2DB207962DB21700","1961",
"O2DB207962DB22175","2426",
"O2DB207962DB22411","2640",
"O2DB207962DB22886","3101-1",
"O2DB207962DB22671","2890",
"O2DB207962DB20830","1140",
"O2DB207962DB23122","3331",
"O2DB207962DB21095","1390",
"O2DB207962DB21429","1711",
"O2DB207962DB23382","3591",
"O2DB207962DB24283","3887",
"O2DB207962DB21687","1948",
"O2DB207962DB21331","1616",
"O2DB207962DB24659","4175",
"O2DB207962DB21591","1857",
"O2DB207962DB22040","2293",
"O2DB207962DB24894","4360",
"O2DB207962DB22634","2854",
"O2DB207962DB21058","1354",
"O2DB207962DB23345","3554",
"O2DB207962DB20961","1262",
"O2DB207962DB24622","4148",
"O2DB207962DB21554","1827",
"O2DB207962DB22003","2257",
"O2DB207962DB22499","2722",
"O2DB207962DB22974","3187",
"O2DB207962DB22759","2975",
"O2DB207962DB20924","1225",
"O2DB207962DB23210","3419",
"O2DB207962DB21183","1471",
"O2DB207962DB21517","1793",
"O2DB207962DB23471","3679",
"O2DB207962DB21775","2034",
"O2DB207962DB24487","4056",
"O2DB207962DB21892","2146",
"O2DB207962DB22226","2477",
"O2DB207962DB24746","4239",
"O2DB207962DB22486","2709",
"O2DB207962DB22128","2379",
"O2DB207962DB22937","3150",
"O2DB207962DB22388","2619",
"O2DB207962DB22722","2939",
"O2DB207962DB23197","3406",
"O2DB207962DB22839","3055",
"O2DB207962DB21146","1435",
"O2DB207962DB23433","3642",
"O2DB207962DB24261","3869",
"O2DB207962DB21855","2111",
"O2DB207962DB24709","4220",
"O2DB207962DB21642","1905",
"O2DB207962DB22351","2583",
"O2DB207962DB22802","3018",
"O2DB207962DB21109","1403",
"O2DB207962DB23062","3272",
"O2DB207962DB21369","1653",
"O2DB207962DB24224","3841",
"O2DB207962DB21011","1312",
"O2DB207962DB23298","3507",
"O2DB207962DB21271","1558",
"O2DB207962DB24672","4189",
"O2DB207962DB21605","1870",
"O2DB207962DB23559","3765",
"O2DB207962DB24932","4397",
"O2DB207962DB21980","2235",
"O2DB207962DB22314","2546",
"O2DB207962DB22574","2794",
"O2DB207962DB23025","3237",
"O2DB207962DB20998","1299",
"O2DB207962DB23285","3494",
"O2DB207962DB21234","1521",
"O2DB207962DB23522","3728",
"O2DB207962DB21494","1776",
"O2DB207962DB24348","3948",
"O2DB207962DB21943","2199",
"O2DB207962DB24797","4283",
"O2DB207962DB21728","1989",
"O2DB207962DB22537","2757",
"O2DB207962DB22797","3013",
"O2DB207962DB22439","2665",
"O2DB207962DB20860","1170",
"O2DB207962DB23150","3359",
"O2DB207962DB21457","1739",
"O2DB207962DB24311","3912;4518",
"O2DB207962DB21906","2160",
"O2DB207962DB22166","2417",
"O2DB207962DB21808","2066",
"O2DB207962DB22068","2320",
"O2DB207962DB22402","2631",
"O2DB207962DB22877","3093",
"O2DB207962DB22662","2881",
"O2DB207962DB20821","1131",
"O2DB207962DB23113","3322",
"O2DB207962DB21086","1382",
"O2DB207962DB23373","3582",
"O2DB207962DB24274","3879",
"O2DB207962DB24391","3988",
"O2DB207962DB24177","3803",
"O2DB207962DB24650","4167",
"O2DB207962DB21582","1851",
"O2DB207962DB22031","2284",
"O2DB207962DB24885","4354",
"O2DB207962DB22291","2529",
"O2DB207962DB22625","2845",
"O2DB207962DB21049","1347",
"O2DB207962DB23336","3545",
"O2DB207962DB24164","3793",
"O2DB207962DB20952","1253",
"O2DB207962DB23238","3447",
"O2DB207962DB24613","4139",
"O2DB207962DB21545","1819",
"O2DB207962DB24515","4082",
"O2DB207962DB22254","2503",
"O2DB207962DB22965","3178",
"O2DB207962DB22750","2966",
"O2DB207962DB20915","1217",
"O2DB207962DB23201","3410",
"O2DB207962DB21174","1462",
"O2DB207962DB23462","3670",
"O2DB207962DB21766","2025",
"O2DB207962DB24478","4049",
"O2DB207962DB21410","1692",
"O2DB207962DB21883","2137",
"O2DB207962DB22217","2468",
"O2DB207962DB24737","4231",
"O2DB207962DB21670","1931",
"O2DB207962DB22477","2700",
"O2DB207962DB22119","2370",
"O2DB207962DB22379","2610",
"O2DB207962DB22713","2931",
"O2DB207962DB22830","3046",
"O2DB207962DB21137","1426",
"O2DB207962DB23090","3300",
"O2DB207962DB23424","3633",
"O2DB207962DB21397","1680",
"O2DB207962DB24252","3861",
"O2DB207962DB21846","2102",
"O2DB207962DB24700","4315",
"O2DB207962DB21633","1897",
"O2DB207962DB22342","2574",
"O2DB207962DB23053","3263",
"O2DB207962DB24215","3832",
"O2DB207962DB21002","1303",
"O2DB207962DB21262","1549",
"O2DB207962DB23550","3756",
"O2DB207962DB24566","4107",
"O2DB207962DB21971","2226",
"O2DB207962DB22305","2541",
"O2DB207962DB24825","4307",
"O2DB207962DB22565","2785",
"O2DB207962DB23016","3228",
"O2DB207962DB20989","1290",
"O2DB207962DB23276","3485",
"O2DB207962DB22918","3132",
"O2DB207962DB20892","1196",
"O2DB207962DB21225","1513",
"O2DB207962DB23178","3387",
"O2DB207962DB24553","4103",
"O2DB207962DB21485","1767",
"O2DB207962DB24339","3939;4549",
"O2DB207962DB21934","2190",
"O2DB207962DB24788","4275",
"O2DB207962DB21719","1980",
"O2DB207962DB22194","2445",
"O2DB207962DB22430","2659",
"O2DB207962DB22690","2908",
"O2DB207962DB20851","1161",
"O2DB207962DB23141","3350",
"O2DB207962DB21448","1730",
"O2DB207962DB24302","3904",
"O2DB207962DB24418","4011",
"O2DB207962DB21350","1635",
"O2DB207962DB22157","2408",
"O2DB207962DB21799","2057",
"O2DB207962DB22059","2311",
"O2DB207962DB24913","4378",
"O2DB207962DB22653","2873",
"O2DB207962DB20811","1121",
"O2DB207962DB23104","3313",
"O2DB207962DB21077","1373",
"O2DB207962DB23364","3573",
"O2DB207962DB21313","1599",
"O2DB207962DB24168","3796",
"O2DB207962DB24641","4158",
"O2DB207962DB21573","1844",
"O2DB207962DB22022","2275",
"O2DB207962DB22282","2520",
"O2DB207962DB22616","2836",
"O2DB207962DB22518","2739",
"O2DB207962DB22993","3206",
"O2DB207962DB23327","3536",
"O2DB207962DB22778","2994",
"O2DB207962DB24155","3790",
"O2DB207962DB20943","1244",
"O2DB207962DB23229","3438",
"O2DB207962DB21536","1810",
"O2DB207962DB23490","3698",
"O2DB207962DB21794","2052",
"O2DB207962DB24506","4073",
"O2DB207962DB22245","2496",
"O2DB207962DB22956","3169",
"O2DB207962DB22741","2957",
"O2DB207962DB20906","1208",
"O2DB207962DB22858","3074",
"O2DB207962DB23453","3661",
"O2DB207962DB21757","2016",
"O2DB207962DB24469","4042",
"O2DB207962DB21401","1683",
"O2DB207962DB21874","2130",
"O2DB207962DB22110","2361",
"O2DB207962DB22370","2601",
"O2DB207962DB22704","2922",
"O2DB207962DB22821","3037",
"O2DB207962DB23081","3291",
"O2DB207962DB23415","3624",
"O2DB207962DB21388","1671",
"O2DB207962DB24243","3858",
"O2DB207962DB21030","1331",
"O2DB207962DB21837","2093",
"O2DB207962DB21290","1576",
"O2DB207962DB24691","4206",
"O2DB207962DB21624","1888",
"O2DB207962DB22097","2348",
"O2DB207962DB24951","4415",
"O2DB207962DB24594","4122",
"O2DB207962DB22333","2565",
"O2DB207962DB24853","4326",
"O2DB207962DB22593","2813",
"O2DB207962DB23044","3254",
"O2DB207962DB21253","1540",
"O2DB207962DB23541","3747",
"O2DB207962DB21962","2217",
"O2DB207962DB24816","4300",
"O2DB207962DB22556","2776",
"O2DB207962DB22198","2449",
"O2DB207962DB23007","3220",
"O2DB207962DB22458","2683",
"O2DB207962DB23267","3476",
"O2DB207962DB22909","3123",
"O2DB207962DB20883","1189",
"O2DB207962DB21216","1504",
"O2DB207962DB23169","3378",
"O2DB207962DB23504","3711",
"O2DB207962DB21476","1758",
"O2DB207962DB24330","3931",
"O2DB207962DB21925","2182",
"O2DB207962DB24446","4029",
"O2DB207962DB24779","4268",
"O2DB207962DB21710","1971",
"O2DB207962DB22185","2436",
"O2DB207962DB22421","2650",
"O2DB207962DB22896","3110/592",
"O2DB207962DB22681","2899",
"O2DB207962DB20840","1150",
"O2DB207962DB23132","3341",
"O2DB207962DB21439","1721",
"O2DB207962DB23392","3601",
"O2DB207962DB24293","3896",
"O2DB207962DB21697","1958",
"O2DB207962DB24409","4003",
"O2DB207962DB21341","1626",
"O2DB207962DB24196","3815",
"O2DB207962DB22050","2303",
"O2DB207962DB24904","4369",
"O2DB207962DB22644","2864",
"O2DB207962DB20802","1112",
"O2DB207962DB21068","1364",
"O2DB207962DB23355","3564",
"O2DB207962DB20971","1271",
"O2DB207962DB24373","3972;4565",
"O2DB207962DB21304","1590",
"O2DB207962DB21564","1837",
"O2DB207962DB22013","2266",
"O2DB207962DB24867","4338",
"O2DB207962DB22273","2512",
"O2DB207962DB22607","2827",
"O2DB207962DB22509","2732",
"O2DB207962DB22984","3197",
"O2DB207962DB22769","2985",
"O2DB207962DB20934","1235",
"O2DB207962DB23220","3429",
"O2DB207962DB21193","1481",
"O2DB207962DB21527","1801",
"O2DB207962DB23481","3689",
"O2DB207962DB21785","2044",
"O2DB207962DB24497","4066",
"O2DB207962DB22236","2487",
"O2DB207962DB24756","4249",
"O2DB207962DB22496","2719",
"O2DB207962DB22138","2389",
"O2DB207962DB22947","3160",
"O2DB207962DB22732","2948",
"O2DB207962DB22849","3065",
"O2DB207962DB21156","1445",
"O2DB207962DB23443","3652",
"O2DB207962DB21865","2121",
"O2DB207962DB24719","4223",
"O2DB207962DB21652","1915",
"O2DB207962DB22101","2352",
"O2DB207962DB22361","2592",
"O2DB207962DB22812","3028",
"O2DB207962DB21119","1412",
"O2DB207962DB23072","3282",
"O2DB207962DB23406","3615",
"O2DB207962DB21379","1662",
"O2DB207962DB24234","3850",
"O2DB207962DB21021","1322",
"O2DB207962DB23308","3517",
"O2DB207962DB21281","1568",
"O2DB207962DB24682","4199",
"O2DB207962DB21615","1879",
"O2DB207962DB23569","3775",
"O2DB207962DB24942","4406",
"O2DB207962DB21990","2244",
"O2DB207962DB22324","2556",
"O2DB207962DB24844","4317",
"O2DB207962DB22584","2804",
"O2DB207962DB23035","3245-3",
"O2DB207962DB23295","3504",
"O2DB207962DB21244","1531",
"O2DB207962DB23532","3738",
"O2DB207962DB24358","3958;4483",
"O2DB207962DB21953","2209",
"O2DB207962DB24807","4292",
"O2DB207962DB21738","1999",
"O2DB207962DB22547","2767",
"O2DB207962DB22449","2674",
"O2DB207962DB22900","3114",
"O2DB207962DB20874","1182",
"O2DB207962DB21207","1495",
"O2DB207962DB23160","3369",
"O2DB207962DB21467","1749",
"O2DB207962DB24321","3922;4542",
"O2DB207962DB21916","2170",
"O2DB207962DB24437","4021",
"O2DB207962DB24770","4263",
"O2DB207962DB21701","1962",
"O2DB207962DB22176","2427",
"O2DB207962DB21818","2076",
"O2DB207962DB22078","2330",
"O2DB207962DB22412","2641",
"O2DB207962DB22887","3101-2",
"O2DB207962DB22672","2891",
"O2DB207962DB20831","1141",
"O2DB207962DB23123","3332",
"O2DB207962DB21096","1391",
"O2DB207962DB23383","3592",
"O2DB207962DB24284","3888",
"O2DB207962DB24400","3995",
"O2DB207962DB21332","1617",
"O2DB207962DB24187","3808",
"O2DB207962DB246601PD362081PD36209","4176",
"O2DB207962DB21592","1858",
"O2DB207962DB22041","2294",
"O2DB207962DB24895","4361",
"O2DB207962DB22635","2855",
"O2DB207962DB21059","1355",
"O2DB207962DB23346","3555",
"O2DB207962DB23248","3457",
"O2DB207962DB24623","4149",
"O2DB207962DB21555","1828",
"O2DB207962DB22004","2258",
"O2DB207962DB24525","4089",
"O2DB207962DB22264","2510",
"O2DB207962DB22500","2723",
"O2DB207962DB22975","3188",
"O2DB207962DB22760","2976",
"O2DB207962DB20925","1226",
"O2DB207962DB23211","3420",
"O2DB207962DB21184","1472",
"O2DB207962DB21518","1794",
"O2DB207962DB23472","3680",
"O2DB207962DB21776","2035",
"O2DB207962DB24488","4057",
"O2DB207962DB21420","1702",
"O2DB207962DB21893","2147",
"O2DB207962DB22227","2478",
"O2DB207962DB24747","4240",
"O2DB207962DB21678","1939",
"O2DB207962DB22487","2710",
"O2DB207962DB22129","2380",
"O2DB207962DB22389","2620",
"O2DB207962DB22723","2940",
"O2DB207962DB22840","3056",
"O2DB207962DB21147","1436",
"O2DB207962DB23434","3643",
"O2DB207962DB21856","2112",
"O2DB207962DB21643","1906",
"O2DB207962DB22352","2584",
"O2DB207962DB22803","3019",
"O2DB207962DB23063","3273",
"O2DB207962DB24225","3842",
"O2DB207962DB21012","1313",
"O2DB207962DB23299","3508",
"O2DB207962DB21272","1559",
"O2DB207962DB21606","1871",
"O2DB207962DB23560","3766",
"O2DB207962DB24576","4114",
"O2DB207962DB21981","2236",
"O2DB207962DB22315","2547",
"O2DB207962DB24835","4312",
"O2DB207962DB22575","2795",
"O2DB207962DB23026","3238",
"O2DB207962DB20999","1300",
"O2DB207962DB23286","3495",
"O2DB207962DB22928","3141",
"O2DB207962DB21235","1522",
"O2DB207962DB23188","3397",
"O2DB207962DB23523","3729",
"O2DB207962DB24563","4106",
"O2DB207962DB21495","1777",
"O2DB207962DB24349","3949;4469",
"O2DB207962DB21944","2200",
"O2DB207962DB24798","4284",
"O2DB207962DB21729","1990",
"O2DB207962DB22440","2666",
"O2DB207962DB20861","1171",
"O2DB207962DB23151","3360",
"O2DB207962DB21458","1740",
"O2DB207962DB24312","3913",
"O2DB207962DB21100","1395",
"O2DB207962DB21907","2161",
"O2DB207962DB24428","4016",
"O2DB207962DB21360","1645",
"O2DB207962DB22167","2418",
"O2DB207962DB21809","2067",
"O2DB207962DB24663","4180",
"O2DB207962DB22069","2321",
"O2DB207962DB22403","2632",
"O2DB207962DB24923","4388",
"O2DB207962DB22663","2882",
"O2DB207962DB20822","1132",
"O2DB207962DB23114","3323",
"O2DB207962DB21087","1383",
"O2DB207962DB23374","3583",
"O2DB207962DB24392","3989",
"O2DB207962DB21323","1608",
"O2DB207962DB24178","3804",
"O2DB207962DB24651","4168",
"O2DB207962DB22032","2285",
"O2DB207962DB24886","4355",
"O2DB207962DB22292","2530",
"O2DB207962DB22626","2846",
"O2DB207962DB22528","2748",
"O2DB207962DB23337","3546",
"O2DB207962DB22788","3004",
"O2DB207962DB24165","3794",
"O2DB207962DB20953","1254",
"O2DB207962DB23239","3448",
"O2DB207962DB21546","1820",
"O2DB207962DB24516","4083",
"O2DB207962DB22966","3179",
"O2DB207962DB22751","2967",
"O2DB207962DB22868","3084",
"O2DB207962DB23202","3411",
"O2DB207962DB21175","1463",
"O2DB207962DB21509","1788",
"O2DB207962DB23463","3671",
"O2DB207962DB21767","2026",
"O2DB207962DB24479","4050",
"O2DB207962DB21411","1693",
"O2DB207962DB21884","2138",
"O2DB207962DB24266","3872",
"O2DB207962DB24738","4232",
"O2DB207962DB21671","1932",
"O2DB207962DB22120","2371",
"O2DB207962DB22380","2611",
"O2DB207962DB22714","2932",
"O2DB207962DB22831","3047",
"O2DB207962DB21138","1427",
"O2DB207962DB23091","3301",
"O2DB207962DB23425","3634",
"O2DB207962DB21398","1681",
"O2DB207962DB24253","3862",
"O2DB207962DB21040","1341",
"O2DB207962DB21847","2103",
"O2DB207962DB24701","4316",
"O2DB207962DB21634","1898",
"O2DB207962DB24604","4130",
"O2DB207962DB22343","2575",
"O2DB207962DB23054","3264",
"O2DB207962DB21003","1305,i.e.1304",
"O2DB207962DB21263","1550",
"O2DB207962DB23551","3757",
"O2DB207962DB21972","2227",
"O2DB207962DB22306","2542",
"O2DB207962DB24826","4308",
"O2DB207962DB22566","2786",
"O2DB207962DB22208","2459",
"O2DB207962DB23017","3229",
"O2DB207962DB22468","2692",
"O2DB207962DB23277","3486",
"O2DB207962DB22919","3133",
"O2DB207962DB20893","1197",
"O2DB207962DB21226","1514",
"O2DB207962DB23179","3388",
"O2DB207962DB23514","3720",
"O2DB207962DB21486","1768",
"O2DB207962DB24340","3940",
"O2DB207962DB21935","2191",
"O2DB207962DB24456","4035",
"O2DB207962DB24789","4276",
"O2DB207962DB21720","1981",
"O2DB207962DB22195","2446",
"O2DB207962DB22431","2660",
"O2DB207962DB22691","2909",
"O2DB207962DB20852","1162",
"O2DB207962DB23142","3351",
"O2DB207962DB21449","1731",
"O2DB207962DB24303","3906",
"O2DB207962DB24419","4012",
"O2DB207962DB21351","1636",
"O2DB207962DB21800","2058",
"O2DB207962DB22060","2312",
"O2DB207962DB24914","4379",
"O2DB207962DB22654","2874",
"O2DB207962DB20812","1122",
"O2DB207962DB23105","3314",
"O2DB207962DB21078","1374",
"O2DB207962DB23365","3574",
"O2DB207962DB20980","1281",
"O2DB207962DB21314","1600",
"O2DB207962DB24169","3797",
"O2DB207962DB24642","4159",
"O2DB207962DB21574","1845",
"O2DB207962DB22023","2276",
"O2DB207962DB24544","4097",
"O2DB207962DB24877","4346",
"O2DB207962DB22283","2521",
"O2DB207962DB22617","2837",
"O2DB207962DB22519","2740",
"O2DB207962DB22994","3207",
"O2DB207962DB22779","2995",
"O2DB207962DB20944","1245",
"O2DB207962DB23230","3439",
"O2DB207962DB21537","1811",
"O2DB207962DB23491","3699",
"O2DB207962DB21795","2053",
"O2DB207962DB24507","4074;4539",
"O2DB207962DB22246","2497",
"O2DB207962DB22148","2399",
"O2DB207962DB22957","3170",
"O2DB207962DB22742","2958",
"O2DB207962DB20907","1209",
"O2DB207962DB22859","3075",
"O2DB207962DB21166","1454",
"O2DB207962DB23454","3662",
"O2DB207962DB24470","4043",
"O2DB207962DB21402","1684",
"O2DB207962DB21875","2131",
"O2DB207962DB24729","4226",
"O2DB207962DB21662","1923",
"O2DB207962DB22111","2362",
"O2DB207962DB22371","2602",
"O2DB207962DB22705","2923",
"O2DB207962DB22822","3038",
"O2DB207962DB21129","1419",
"O2DB207962DB23082","3292",
"O2DB207962DB23416","3625",
"O2DB207962DB21389","1672",
"O2DB207962DB21031","1332",
"O2DB207962DB23318","3527",
"O2DB207962DB21291","1577",
"O2DB207962DB24692","4207",
"O2DB207962DB21625","1889",
"O2DB207962DB23579","3785",
"O2DB207962DB24952","4416",
"O2DB207962DB22334","2566",
"O2DB207962DB24854","4327",
"O2DB207962DB22594","2814",
"O2DB207962DB23045","3255",
"O2DB207962DB21254","1541",
"O2DB207962DB23542","3748",
"O2DB207962DB21963","2218",
"O2DB207962DB24817","4301",
"O2DB207962DB21748","2009",
"O2DB207962DB22557","2777",
"O2DB207962DB22199","2450",
"O2DB207962DB22459","2684",
"O2DB207962DB22910","3124",
"O2DB207962DB21217","1505",
"O2DB207962DB23170","3379",
"O2DB207962DB23505","3712",
"O2DB207962DB21477","1759",
"O2DB207962DB24331","3932;4534",
"O2DB207962DB21926","2183",
"O2DB207962DB24447","4030",
"O2DB207962DB21711","1972",
"O2DB207962DB22186","2437",
"O2DB207962DB21828","2086",
"O2DB207962DB22088","2340",
"O2DB207962DB22422","2651",
"O2DB207962DB22897","3111",
"O2DB207962DB22682","2900",
"O2DB207962DB20841","1151",
"O2DB207962DB23133","3342",
"O2DB207962DB23393","3602",
"O2DB207962DB24294","3897",
"O2DB207962DB24410","4004",
"O2DB207962DB21342","1627",
"O2DB207962DB24197","3816",
"O2DB207962DB22051","2304",
"O2DB207962DB24905","4370",
"O2DB207962DB22645","2865",
"O2DB207962DB20803","1113",
"O2DB207962DB21069","1365",
"O2DB207962DB23356","3565",
"O2DB207962DB22998","3211",
"O2DB207962DB20972","1272",
"O2DB207962DB24374","3973",
"O2DB207962DB21305","1591",
"O2DB207962DB23258","3467",
"O2DB207962DB24633","4155",
"O2DB207962DB22014","2267",
"O2DB207962DB24535","4093",
"O2DB207962DB24868","4339",
"O2DB207962DB22274","2513",
"O2DB207962DB22510","2733",
"O2DB207962DB22985","3198",
"O2DB207962DB22770","2986",
"O2DB207962DB20935","1236",
"O2DB207962DB23221","3430",
"O2DB207962DB21194","1482",
"O2DB207962DB21528","1802",
"O2DB207962DB23482","3690",
"O2DB207962DB21786","2045",
"O2DB207962DB21430","1712",
"O2DB207962DB22237","2488",
"O2DB207962DB24757","4250",
"O2DB207962DB21688","1949",
"O2DB207962DB22497","2720",
"O2DB207962DB22139","2390",
"O2DB207962DB22733","2949",
"O2DB207962DB22850","3066",
"O2DB207962DB21157","1446",
"O2DB207962DB23444","3653",
"O2DB207962DB21866","2122",
"O2DB207962DB24720","4224",
"O2DB207962DB21653","1916",
"O2DB207962DB22102","2353",
"O2DB207962DB22362","2593",
"O2DB207962DB22813","3029",
"O2DB207962DB22598","2818",
"O2DB207962DB23073","3283",
"O2DB207962DB23407","3616",
"O2DB207962DB24235","3851",
"O2DB207962DB21022","1323",
"O2DB207962DB23309","3518",
"O2DB207962DB21282","1569",
"O2DB207962DB21616","1880",
"O2DB207962DB23570","3776",
"O2DB207962DB24586","4119",
"O2DB207962DB21991","2245",
"O2DB207962DB22325","2557",
"O2DB207962DB24845","4318",
"O2DB207962DB22585","2805",
"O2DB207962DB23036","3246",
"O2DB207962DB23296","3505",
"O2DB207962DB22938","3151",
"O2DB207962DB21245","1532",
"O2DB207962DB23533","3739",
"O2DB207962DB24359","3959;4484",
"O2DB207962DB21954","2210",
"O2DB207962DB24808","4293",
"O2DB207962DB21739","2000",
"O2DB207962DB22450","2675",
"O2DB207962DB22901","3115",
"O2DB207962DB21208","1496",
"O2DB207962DB23161","3370",
"O2DB207962DB21468","1750",
"O2DB207962DB24322","3923;4548",
"O2DB207962DB21110","1404",
"O2DB207962DB21917","2171",
"O2DB207962DB24438","4022;4023",
"O2DB207962DB21370","1654",
"O2DB207962DB24771","4264",
"O2DB207962DB21702","1963",
"O2DB207962DB22177","2428",
"O2DB207962DB21819","2077",
"O2DB207962DB24673","4190",
"O2DB207962DB22079","2331",
"O2DB207962DB22413","2642",
"O2DB207962DB24933","4398",
"O2DB207962DB22673","2892",
"O2DB207962DB20832","1142",
"O2DB207962DB23124","3333",
"O2DB207962DB21097","1392",
"O2DB207962DB23384","3593",
"O2DB207962DB24401","3996",
"O2DB207962DB21333","1618",
"O2DB207962DB24188","3809",
"O2DB207962DB24660","4177",
"O2DB207962DB21593","1859",
"O2DB207962DB22042","2295",
"O2DB207962DB24896","4362",
"O2DB207962DB22636","2856",
"O2DB207962DB22538","2758",
"O2DB207962DB23347","3556",
"O2DB207962DB20963","1263",
"O2DB207962DB23249","3458",
"O2DB207962DB21556","1829",
"O2DB207962DB22005","2259",
"O2DB207962DB24526","4090",
"O2DB207962DB22501","2724",
"O2DB207962DB22976","3189",
"O2DB207962DB22761","2977",
"O2DB207962DB20926","1227",
"O2DB207962DB22878","3094",
"O2DB207962DB23212","3421",
"O2DB207962DB21185","1473",
"O2DB207962DB23473","3681",
"O2DB207962DB21777","2036",
"O2DB207962DB24489","4058",
"O2DB207962DB21421","1703",
"O2DB207962DB21894","2148",
"O2DB207962DB24748","4241",
"O2DB207962DB24275","3880",
"O2DB207962DB21679","1940",
"O2DB207962DB22130","2381",
"O2DB207962DB22390","2621",
"O2DB207962DB22724","2941",
"O2DB207962DB22841","3057",
"O2DB207962DB21148","1437",
"O2DB207962DB23435","3644",
"O2DB207962DB24263","3870",
"O2DB207962DB21857","2113",
"O2DB207962DB24711","4221",
"O2DB207962DB21644","1907",
"O2DB207962DB24614","4140",
"O2DB207962DB22353","2585",
"O2DB207962DB22804","3020",
"O2DB207962DB23064","3274",
"O2DB207962DB21013","1314",
"O2DB207962DB23300","3509",
"O2DB207962DB21273","1560",
"O2DB207962DB21607","1872",
"O2DB207962DB23561","3767",
"O2DB207962DB21982","2237",
"O2DB207962DB22316","2548",
"O2DB207962DB22576","2796",
"O2DB207962DB22218","2469",
"O2DB207962DB23027","3239",
"O2DB207962DB22478","2701",
"O2DB207962DB23287","3496",
"O2DB207962DB22929","3142",
"O2DB207962DB21236","1523",
"O2DB207962DB23189","3398",
"O2DB207962DB23524","3730",
"O2DB207962DB21496","1778",
"O2DB207962DB24350","3950;4470",
"O2DB207962DB21945","2201",
"O2DB207962DB24799","4285",
"O2DB207962DB21730","1991",
"O2DB207962DB22441","2667",
"O2DB207962DB20862","1172",
"O2DB207962DB23152","3361",
"O2DB207962DB21459","1741",
"O2DB207962DB24313","3914",
"O2DB207962DB21101","1396",
"O2DB207962DB24429","4017",
"O2DB207962DB21361","1646",
"O2DB207962DB24216","3833;4551",
"O2DB207962DB21810","2068",
"O2DB207962DB24664","4181",
"O2DB207962DB22070","2322",
"O2DB207962DB22404","2633",
"O2DB207962DB24924","4389",
"O2DB207962DB22664","2883",
"O2DB207962DB20823","1133",
"O2DB207962DB23115","3324",
"O2DB207962DB21088","1384",
"O2DB207962DB23375","3584",
"O2DB207962DB20990","1291",
"O2DB207962DB243931PD361421PD36143","3990",
"O2DB207962DB21324","1609",
"O2DB207962DB24652","4169",
"O2DB207962DB21584","1851",
"O2DB207962DB22033","2286",
"O2DB207962DB24887","4356",
"O2DB207962DB22293","2531",
"O2DB207962DB22627","2847",
"O2DB207962DB22529","2749",
"O2DB207962DB22789","3005",
"O2DB207962DB20954","1255",
"O2DB207962DB23240","3449",
"O2DB207962DB21547","1821",
"O2DB207962DB24517","4084",
"O2DB207962DB22256","2503",
"O2DB207962DB21898","2152",
"O2DB207962DB22158","2409",
"O2DB207962DB22967","3180",
"O2DB207962DB22752","2968",
"O2DB207962DB20917","1218",
"O2DB207962DB22869","3085",
"O2DB207962DB23203","3412",
"O2DB207962DB21176","1464",
"O2DB207962DB23464","3672",
"O2DB207962DB24480","4051",
"O2DB207962DB21412","1694",
"O2DB207962DB21885","2139",
"O2DB207962DB24267","3873",
"O2DB207962DB24739","4233",
"O2DB207962DB21672","1933",
"O2DB207962DB22121","2372",
"O2DB207962DB22381","2612",
"O2DB207962DB22715","2933",
"O2DB207962DB22832","3048",
"O2DB207962DB21139","1428",
"O2DB207962DB23092","3302",
"O2DB207962DB23426","3635",
"O2DB207962DB21399","1682",
"O2DB207962DB24254","3863",
"O2DB207962DB21041","1342",
"O2DB207962DB23328","3537",
"O2DB207962DB21635","1899",
"O2DB207962DB24605","4131",
"O2DB207962DB22344","2576",
"O2DB207962DB23055","3265",
"O2DB207962DB21004","1305",
"O2DB207962DB21264","1551",
"O2DB207962DB23552","3758",
"O2DB207962DB24568","4108",
"O2DB207962DB21500","1782",
"O2DB207962DB21973","2228",
"O2DB207962DB24827","4309",
"O2DB207962DB21758","2017",
"O2DB207962DB22567","2787",
"O2DB207962DB22209","2460",
"O2DB207962DB22469","2693",
"O2DB207962DB22920","3134",
"O2DB207962DB21227","1515",
"O2DB207962DB23180","3389",
"O2DB207962DB23515","3721",
"O2DB207962DB21487","1769",
"O2DB207962DB24341","3941;4525",
"O2DB207962DB21936","2192",
"O2DB207962DB24790","4277",
"O2DB207962DB21721","1982",
"O2DB207962DB22196","2447",
"O2DB207962DB21838","2094",
"O2DB207962DB22432","2661",
"O2DB207962DB22692","2910",
"O2DB207962DB20853","1163",
"O2DB207962DB23143","3352",
"O2DB207962DB24304","3906",
"O2DB207962DB24420","4013",
"O2DB207962DB21352","1637",
"O2DB207962DB24207","3824",
"O2DB207962DB21801","2059",
"O2DB207962DB22061","2313",
"O2DB207962DB24915","4380",
"O2DB207962DB22655","2875",
"O2DB207962DB20813","1123",
"O2DB207962DB23106","3315",
"O2DB207962DB21079","1375",
"O2DB207962DB23366","3575",
"O2DB207962DB23008","3221",
"O2DB207962DB20981","1282",
"O2DB207962DB24384","3981",
"O2DB207962DB21315","1601",
"O2DB207962DB23268","3477",
"O2DB207962DB24170","3798",
"O2DB207962DB24643","4160",
"O2DB207962DB22024","2277",
"O2DB207962DB24545","4098",
"O2DB207962DB24878","4347",
"O2DB207962DB22284","2522",
"O2DB207962DB22520","2741-2847",
"O2DB207962DB22995","3208",
"O2DB207962DB22780","2996",
"O2DB207962DB20945","1246",
"O2DB207962DB23231","3440",
"O2DB207962DB21538","1812",
"O2DB207962DB23492","3700",
"O2DB207962DB21796","2054",
"O2DB207962DB24508","4075;4544",
"O2DB207962DB21440","1722",
"O2DB207962DB22247","2498",
"O2DB207962DB22149","2400",
"O2DB207962DB22743","2959",
"O2DB207962DB20908","1210",
"O2DB207962DB22860","3076",
"O2DB207962DB21167","1455",
"O2DB207962DB23455","3663",
"O2DB207962DB24471","4044",
"O2DB207962DB21403","1685",
"O2DB207962DB21876","2132",
"O2DB207962DB21663","1924",
"O2DB207962DB22112","2363",
"O2DB207962DB22372","2603",
"O2DB207962DB22706","2924",
"O2DB207962DB22823","3039",
"O2DB207962DB22608","2828",
"O2DB207962DB23083","3293",
"O2DB207962DB23417","3626",
"O2DB207962DB24245","3859",
"O2DB207962DB21032","1333",
"O2DB207962DB23319","3528",
"O2DB207962DB21292","1578",
"O2DB207962DB21626","1890",
"O2DB207962DB24596","4123",
"O2DB207962DB22335","2567",
"O2DB207962DB22595","2815",
"O2DB207962DB23046","3256",
"O2DB207962DB22948","3161",
"O2DB207962DB21255","1542",
"O2DB207962DB23543","3749",
"O2DB207962DB21964","2219",
"O2DB207962DB24818","4302",
"O2DB207962DB21749","2010",
"O2DB207962DB22200","2451",
"O2DB207962DB22460","2685",
"O2DB207962DB22911","3125",
"O2DB207962DB20885","1190",
"O2DB207962DB21218","1506",
"O2DB207962DB23171","3380",
"O2DB207962DB23506","3713",
"O2DB207962DB21478","1760",
"O2DB207962DB24332","3933",
"O2DB207962DB21927","2184",
"O2DB207962DB24448","4031",
"O2DB207962DB21380","1663",
"O2DB207962DB21712","1973",
"O2DB207962DB22187","2438",
"O2DB207962DB21829","2087-1",
"O2DB207962DB24683","4200",
"O2DB207962DB22423","2652",
"O2DB207962DB24943","4407",
"O2DB207962DB22683","2901",
"O2DB207962DB20842","1152",
"O2DB207962DB23134","3343",
"O2DB207962DB23394","3603",
"O2DB207962DB24411","4005",
"O2DB207962DB21343","1628",
"O2DB207962DB24198","3817",
"O2DB207962DB22052","2305-2312",
"O2DB207962DB24906","4371",
"O2DB207962DB22646","2866",
"O2DB207962DB22548","2768",
"O2DB207962DB23357","3566",
"O2DB207962DB22999","3212",
"O2DB207962DB209721PD355121PD35513","1273",
"O2DB207962DB21306","1592",
"O2DB207962DB23259","3468",
"O2DB207962DB21566","1838",
"O2DB207962DB22015","2268",
"O2DB207962DB24869","4340",
"O2DB207962DB22275","2514",
"O2DB207962DB22511","2734",
"O2DB207962DB22986","3199",
"O2DB207962DB22771","2987",
"O2DB207962DB20936","1237",
"O2DB207962DB22888","3102",
"O2DB207962DB23222","3431",
"O2DB207962DB21195","1483",
"O2DB207962DB21529","1803",
"O2DB207962DB23483","3691",
"O2DB207962DB21787","2046",
"O2DB207962DB24499","4067",
"O2DB207962DB21431","1713",
"O2DB207962DB24285","3889",
"O2DB207962DB24758","4251",
"O2DB207962DB21689","1950",
"O2DB207962DB22140","2391",
"O2DB207962DB22734","2950",
"O2DB207962DB22851","3067",
"O2DB207962DB21158","1447",
"O2DB207962DB23445","3654",
"O2DB207962DB21060","1356",
"O2DB207962DB21867","2123",
"O2DB207962DB24365","3964",
"O2DB207962DB22103","2354",
"O2DB207962DB22363","2594",
"O2DB207962DB22814","3030",
"O2DB207962DB22599","2819",
"O2DB207962DB23074","3284",
"O2DB207962DB21023","1324",
"O2DB207962DB23310","3519",
"O2DB207962DB21283","1570",
"O2DB207962DB21617","1881",
"O2DB207962DB23571","3777",
"O2DB207962DB21992","2246",
"O2DB207962DB22326","2558",
"O2DB207962DB24846","4319",
"O2DB207962DB22586","2806",
"O2DB207962DB22228","2479",
"O2DB207962DB23037","3247",
"O2DB207962DB22488","2711",
"O2DB207962DB23297","3506",
"O2DB207962DB22939","3152",
"O2DB207962DB21246","1533",
"O2DB207962DB23534","3740",
"O2DB207962DB24360","3960;4466",
"O2DB207962DB21955","2211",
"O2DB207962DB24809","4294",
"O2DB207962DB21740","2001",
"O2DB207962DB22451","2676",
"O2DB207962DB22902","3116",
"O2DB207962DB20876","1183",
"O2DB207962DB21209","1497",
"O2DB207962DB23162","3371",
"O2DB207962DB21469","1751",
"O2DB207962DB24323","3924",
"O2DB207962DB23398","3607",
"O2DB207962DB24439","4023;4022",
"O2DB207962DB21371","1655",
"O2DB207962DB24772","4265",
"O2DB207962DB21703","1964",
"O2DB207962DB24226","3843",
"O2DB207962DB21820","2078",
"O2DB207962DB24674","4191",
"O2DB207962DB22080","2332",
"O2DB207962DB22414","2643",
"O2DB207962DB24934","4399",
"O2DB207962DB22674","2893",
"O2DB207962DB20833","1143",
"O2DB207962DB21098","1393",
"O2DB207962DB23385","3594",
"O2DB207962DB24402","3997",
"O2DB207962DB21334","1619",
"O2DB207962DB24189","3810",
"O2DB207962DB24661","4178",
"O2DB207962DB21594","1860",
"O2DB207962DB22043","2296",
"O2DB207962DB24897","4363",
"O2DB207962DB22637","2857",
"O2DB207962DB22539","2759",
"O2DB207962DB20964","1264",
"O2DB207962DB23250","3459",
"O2DB207962DB21557","1830",
"O2DB207962DB22266","2510",
"O2DB207962DB21908","2162",
"O2DB207962DB22168","2419",
"O2DB207962DB22502","2725",
"O2DB207962DB22977","3190",
"O2DB207962DB22762","2978",
"O2DB207962DB20927","1228",
"O2DB207962DB22879","3095",
"O2DB207962DB23213","3422",
"O2DB207962DB21186","1474",
"O2DB207962DB23474","3682",
"O2DB207962DB24490","4059",
"O2DB207962DB21422","1704",
"O2DB207962DB21895","2149",
"O2DB207962DB24749","4242",
"O2DB207962DB21680","1941",
"O2DB207962DB22131","2382",
"O2DB207962DB22391","2622",
"O2DB207962DB22725","2942-3049",
"O2DB207962DB22842","3058",
"O2DB207962DB21149","1438",
"O2DB207962DB23436","3645",
"O2DB207962DB21051","1348",
"O2DB207962DB23338","3547",
"O2DB207962DB21645","1908",
"O2DB207962DB24615","4141",
"O2DB207962DB22354","2586",
"O2DB207962DB22805","3021",
"O2DB207962DB23065","3275",
"O2DB207962DB21014","1315",
"O2DB207962DB23301","3510",
"O2DB207962DB21274","1561",
"O2DB207962DB21608","1873",
"O2DB207962DB23562","3768",
"O2DB207962DB24578","4115",
"O2DB207962DB21510","1789",
"O2DB207962DB21983","2237-2",
"O2DB207962DB22317","2549",
"O2DB207962DB24837","4312",
"O2DB207962DB21768","2027",
"O2DB207962DB22577","2797",
"O2DB207962DB22219","2470",
"O2DB207962DB22479","2702",
"O2DB207962DB22930","3143",
"O2DB207962DB21237","1524",
"O2DB207962DB23190","3399",
"O2DB207962DB23525","3731",
"O2DB207962DB21497","1779",
"O2DB207962DB24351","3951;4471",
"O2DB207962DB21946","2202",
"O2DB207962DB24800","4286",
"O2DB207962DB21731","1992",
"O2DB207962DB21848","2104",
"O2DB207962DB22442","2668",
"O2DB207962DB20863","0",
"O2DB207962DB23153","3362",
"O2DB207962DB24314","3915",
"O2DB207962DB21102","1397",
"O2DB207962DB21362","1647",
"O2DB207962DB24217","3834",
"O2DB207962DB21811","2069",
"O2DB207962DB24665","4182",
"O2DB207962DB22071","2323",
"O2DB207962DB22405","2634",
"O2DB207962DB24925","4390",
"O2DB207962DB22665","2884",
"O2DB207962DB20824","1134",
"O2DB207962DB23116","3325",
"O2DB207962DB21089","1385",
"O2DB207962DB23376","3585",
"O2DB207962DB23018","3230",
"O2DB207962DB20991","1292",
"O2DB207962DB24393","3990",
"O2DB207962DB21325","1610",
"O2DB207962DB23278","3487",
"O2DB207962DB24180","3805",
"O2DB207962DB24653","4170",
"O2DB207962DB21585","1852",
"O2DB207962DB22034","2287",
"O2DB207962DB24888","4357",
"O2DB207962DB22530","2750",
"O2DB207962DB22790","3006",
"O2DB207962DB20955","1256",
"O2DB207962DB23241","3450",
"O2DB207962DB21548","1822",
"O2DB207962DB24518","4085",
"O2DB207962DB21450","1732",
"O2DB207962DB22257","2504",
"O2DB207962DB21899","2153",
"O2DB207962DB22159","2410",
"O2DB207962DB22753","2969",
"O2DB207962DB20918","1219",
"O2DB207962DB22870","3086",
"O2DB207962DB23204","3413",
"O2DB207962DB21177","1465",
"O2DB207962DB23465","3673",
"O2DB207962DB24481","4052",
"O2DB207962DB21413","1695",
"O2DB207962DB21886","2140",
"O2DB207962DB24740","4234",
"O2DB207962DB21673","1934",
"O2DB207962DB22122","2373",
"O2DB207962DB22382","2613",
"O2DB207962DB22716","2934",
"O2DB207962DB22833","3049",
"O2DB207962DB22618","2838",
"O2DB207962DB23093","3303",
"O2DB207962DB23427","3636",
"O2DB207962DB21042","1343",
"O2DB207962DB23329","3538",
"O2DB207962DB21636","1900",
"O2DB207962DB24157","3790",
"O2DB207962DB24606","4132",
"O2DB207962DB22345","2577",
"O2DB207962DB23056","3266",
"O2DB207962DB21005","1306",
"O2DB207962DB22958","3171",
"O2DB207962DB21265","1552",
"O2DB207962DB23553","3759",
"O2DB207962DB24569","4109",
"O2DB207962DB21501","1783",
"O2DB207962DB21974","2229",
"O2DB207962DB24828","4310",
"O2DB207962DB21759","2018",
"O2DB207962DB22210","2461",
"O2DB207962DB22921","3135",
"O2DB207962DB20895","1198",
"O2DB207962DB23181","3390",
"O2DB207962DB23516","3722",
"O2DB207962DB21488","1770",
"O2DB207962DB24342","3942;4550",
"O2DB207962DB21937","2193",
"O2DB207962DB24458","4036",
"O2DB207962DB21390","1673",
"O2DB207962DB24791","4278",
"O2DB207962DB21722","1983",
"O2DB207962DB22197","2448",
"O2DB207962DB21839","2095",
"O2DB207962DB24693","4208",
"O2DB207962DB24953","4417",
"O2DB207962DB22693","2911",
"O2DB207962DB20854","1164",
"O2DB207962DB23144","3353",
"O2DB207962DB24421","4014",
"O2DB207962DB21353","1638",
"O2DB207962DB24208","3825",
"O2DB207962DB21802","2060",
"O2DB207962DB22062","2314",
"O2DB207962DB24916","4381",
"O2DB207962DB22656","2876",
"O2DB207962DB23107","3316",
"O2DB207962DB22558","2778",
"O2DB207962DB23367","3576",
"O2DB207962DB23009","3222",
"O2DB207962DB20982","1283",
"O2DB207962DB21316","1602",
"O2DB207962DB23269","3478",
"O2DB207962DB24171","3799",
"O2DB207962DB21576","1846",
"O2DB207962DB22025","2278",
"O2DB207962DB24879","4348",
"O2DB207962DB22285","2523",
"O2DB207962DB22521","2741",
"O2DB207962DB22996","3209",
"O2DB207962DB22781","2997",
"O2DB207962DB20946","1247",
"O2DB207962DB23232","3441",
"O2DB207962DB21539","1813",
"O2DB207962DB23493","3701",
"O2DB207962DB21797","2055",
"O2DB207962DB24509","4076;4545",
"O2DB207962DB21441","1723",
"O2DB207962DB22150","2401",
"O2DB207962DB22744","2960",
"O2DB207962DB20909","1211",
"O2DB207962DB22861","3077",
"O2DB207962DB21168","1456",
"O2DB207962DB23456","3664",
"O2DB207962DB20804","1114",
"O2DB207962DB21070","1366",
"O2DB207962DB24472","4045",
"O2DB207962DB21404","1686",
"O2DB207962DB21877","2133",
"O2DB207962DB24731","4227",
"O2DB207962DB21664","1925",
"O2DB207962DB24375","3974",
"O2DB207962DB22113","2364",
"O2DB207962DB22373","2604",
"O2DB207962DB22707","2925",
"O2DB207962DB22824","3040",
"O2DB207962DB22609","2829",
"O2DB207962DB23084","3294",
"O2DB207962DB21033","1334",
"O2DB207962DB23320","3529",
"O2DB207962DB21293","1579",
"O2DB207962DB21627","1891",
"O2DB207962DB24597","4124",
"O2DB207962DB22336","2568",
"O2DB207962DB22596","2816",
"O2DB207962DB22238","2489",
"O2DB207962DB23047","3257",
"O2DB207962DB22949","3162",
"O2DB207962DB21256","1543",
"O2DB207962DB23544","3750",
"O2DB207962DB21965","2220",
"O2DB207962DB24819","4303",
"O2DB207962DB21750","2011",
"O2DB207962DB22201","2452",
"O2DB207962DB22461","2686",
"O2DB207962DB22912","3126",
"O2DB207962DB20886","1191",
"O2DB207962DB21219","1507",
"O2DB207962DB23172","3381",
"O2DB207962DB23507","3714",
"O2DB207962DB21479","1761",
"O2DB207962DB24333","3934",
"O2DB207962DB21121","1413",
"O2DB207962DB23408","3617",
"O2DB207962DB24449","4032",
"O2DB207962DB21381","1664",
"O2DB207962DB24782","4269",
"O2DB207962DB21713","1974",
"O2DB207962DB24236","3852",
"O2DB207962DB21830","2087-2",
"O2DB207962DB24684","4201",
"O2DB207962DB22090","2341",
"O2DB207962DB22424","2653",
"O2DB207962DB24944","4408",
"O2DB207962DB22684","2902",
"O2DB207962DB20845","1155",
"O2DB207962DB23135","3344",
"O2DB207962DB23395","3604",
"O2DB207962DB24412","4006",
"O2DB207962DB21344","1629",
"O2DB207962DB24199","3818",
"O2DB207962DB22053","2305",
"O2DB207962DB24907","4372",
"O2DB207962DB22647","2867",
"O2DB207962DB22549","2769",
"O2DB207962DB23000","3213",
"O2DB207962DB20973","1274",
"O2DB207962DB21307","1593",
"O2DB207962DB23260","3469",
"O2DB207962DB21567","1839",
"O2DB207962DB22016","2269",
"O2DB207962DB24537","4093",
"O2DB207962DB24870","4341",
"O2DB207962DB22276","2515",
"O2DB207962DB21918","2172",
"O2DB207962DB22178","2429",
"O2DB207962DB22512","2735-1",
"O2DB207962DB22987","3200",
"O2DB207962DB22772","2988",
"O2DB207962DB20937","1238",
"O2DB207962DB22889","3103",
"O2DB207962DB23223","3432",
"O2DB207962DB21196","1484",
"O2DB207962DB23484","3692",
"O2DB207962DB24500","4068",
"O2DB207962DB21432","1714",
"O2DB207962DB24759","4252",
"O2DB207962DB21690","1951",
"O2DB207962DB22141","2392",
"O2DB207962DB22735","2951",
"O2DB207962DB22852","3068",
"O2DB207962DB21159","1448",
"O2DB207962DB23446","3655",
"O2DB207962DB21061","1357",
"O2DB207962DB23348","3557",
"O2DB207962DB24722","4225",
"O2DB207962DB21655","1917",
"O2DB207962DB24366","3965",
"O2DB207962DB22104","2355",
"O2DB207962DB22364","2595",
"O2DB207962DB22815","3031",
"O2DB207962DB22600","2820",
"O2DB207962DB23075","3285",
"O2DB207962DB21024","1325",
"O2DB207962DB23311","3520",
"O2DB207962DB21284","1571",
"O2DB207962DB21618","1882",
"O2DB207962DB23572","3778",
"O2DB207962DB24588","4120",
"O2DB207962DB21520","1795",
"O2DB207962DB21993","2247",
"O2DB207962DB22327","2559",
"O2DB207962DB24847","4320",
"O2DB207962DB21778","2037",
"O2DB207962DB22587","2807",
"O2DB207962DB22229","2480",
"O2DB207962DB22489","2712",
"O2DB207962DB22940","3153",
"O2DB207962DB21247","1534",
"O2DB207962DB23535","3741",
"O2DB207962DB21956","2212",
"O2DB207962DB24810","4295",
"O2DB207962DB21741","2002-2003",
"O2DB207962DB21858","2114",
"O2DB207962DB22452","2677",
"O2DB207962DB22903","3117",
"O2DB207962DB20877","1184",
"O2DB207962DB23163","3372",
"O2DB207962DB24324","3925;4531",
"O2DB207962DB21112","1405",
"O2DB207962DB23399","3608",
"O2DB207962DB24440","4024",
"O2DB207962DB21372","1656",
"O2DB207962DB21704","1965",
"O2DB207962DB24227","3844;3848",
"O2DB207962DB21821","2079",
"O2DB207962DB24675","4192",
"O2DB207962DB22081","2333",
"O2DB207962DB22415","2644",
"O2DB207962DB24935","4400",
"O2DB207962DB22675","2894",
"O2DB207962DB20834","1144",
"O2DB207962DB23126","3335",
"O2DB207962DB21099","1394",
"O2DB207962DB23386","3595",
"O2DB207962DB23028","3240",
"O2DB207962DB21335","1620",
"O2DB207962DB23288","3497",
"O2DB207962DB24662","4179",
"O2DB207962DB21595","1861",
"O2DB207962DB22044","2297",
"O2DB207962DB24898","4364",
"O2DB207962DB22540","2760",
"O2DB207962DB20965","1265",
"O2DB207962DB23251","3460",
"O2DB207962DB21558","1831",
"O2DB207962DB21200","1488",
"O2DB207962DB22007","2260",
"O2DB207962DB24528","4090",
"O2DB207962DB21460","1742",
"O2DB207962DB21909","2163",
"O2DB207962DB24763","4256",
"O2DB207962DB22169","2420",
"O2DB207962DB22503","2726",
"O2DB207962DB22763","2979",
"O2DB207962DB20928","1229",
"O2DB207962DB22880","3096",
"O2DB207962DB23214","3423",
"O2DB207962DB21187","1475",
"O2DB207962DB23475","3683",
"O2DB207962DB24491","4060",
"O2DB207962DB21423","1705",
"O2DB207962DB21896","2150",
"O2DB207962DB24277","3881",
"O2DB207962DB24750","4243",
"O2DB207962DB21681","1942",
"O2DB207962DB22132","2383",
"O2DB207962DB22392","2623",
"O2DB207962DB22726","2942",
"O2DB207962DB22843","3059",
"O2DB207962DB22628","2848",
"O2DB207962DB23437","3646",
"O2DB207962DB24265","3871",
"O2DB207962DB21052","1349",
"O2DB207962DB23339","3548",
"O2DB207962DB21646","1909",
"O2DB207962DB24616","4142",
"O2DB207962DB22355","2587",
"O2DB207962DB22806","3022",
"O2DB207962DB23066","3276",
"O2DB207962DB21015","1316",
"O2DB207962DB22968","3181",
"O2DB207962DB23302","3511",
"O2DB207962DB21275","1562",
"O2DB207962DB23563","3769",
"O2DB207962DB24579","4116",
"O2DB207962DB21511","1790",
"O2DB207962DB21984","2238",
"O2DB207962DB21769","2028",
"O2DB207962DB22220","2471",
"O2DB207962DB22480","2703",
"O2DB207962DB22931","3144",
"O2DB207962DB21238","1525",
"O2DB207962DB23191","3400",
"O2DB207962DB23526","3732",
"O2DB207962DB21498","1780",
"O2DB207962DB24352","3952;4477",
"O2DB207962DB21140","1429",
"O2DB207962DB21947","2203",
"O2DB207962DB21732","1993",
"O2DB207962DB21849","2105",
"O2DB207962DB24703","4217",
"O2DB207962DB22443","2669",
"O2DB207962DB20864","0",
"O2DB207962DB23154","3363",
"O2DB207962DB21103","1398",
"O2DB207962DB24431","4018",
"O2DB207962DB21363","1648",
"O2DB207962DB24218","3835",
"O2DB207962DB21812","2070",
"O2DB207962DB24666","4183",
"O2DB207962DB22072","2324",
"O2DB207962DB22406","2635",
"O2DB207962DB24926","4391",
"O2DB207962DB22666","2885",
"O2DB207962DB22308","2543",
"O2DB207962DB23117","3326",
"O2DB207962DB22568","2788",
"O2DB207962DB23377","3586",
"O2DB207962DB23019","3231",
"O2DB207962DB20992","1293",
"O2DB207962DB21326","1611",
"O2DB207962DB23279","3488",
"O2DB207962DB24181","3806",
"O2DB207962DB22035","2288",
"O2DB207962DB24556","4104",
"O2DB207962DB22295","2532",
"O2DB207962DB22531","2751",
"O2DB207962DB22791","3007",
"O2DB207962DB20956","1257",
"O2DB207962DB23242","3451",
"O2DB207962DB21549","1823",
"O2DB207962DB21451","1733",
"O2DB207962DB24305","3907",
"O2DB207962DB21900","2154",
"O2DB207962DB22160","2411",
"O2DB207962DB22754","2970",
"O2DB207962DB20919","1220",
"O2DB207962DB22871","3087",
"O2DB207962DB23205","3414",
"O2DB207962DB21178","1466",
"O2DB207962DB23466","3674",
"O2DB207962DB20814","1124",
"O2DB207962DB21080","1376",
"O2DB207962DB21414","1696",
"O2DB207962DB21887","2141",
"O2DB207962DB24269","3874",
"O2DB207962DB24741","4235",
"O2DB207962DB21674","1935-1",
"O2DB207962DB24385","3982",
"O2DB207962DB22123","2374",
"O2DB207962DB24644","4161",
"O2DB207962DB22383","2614",
"O2DB207962DB22717","2935",
"O2DB207962DB22834","3050",
"O2DB207962DB22619","2839",
"O2DB207962DB23094","3304",
"O2DB207962DB21043","1344",
"O2DB207962DB23330","3539",
"O2DB207962DB21637","1901",
"O2DB207962DB24607","4133",
"O2DB207962DB22346","2578",
"O2DB207962DB22248","2499",
"O2DB207962DB23057","3267",
"O2DB207962DB21006","1307",
"O2DB207962DB22959","3172",
"O2DB207962DB21266","1553",
"O2DB207962DB23554","3760;4530",
"O2DB207962DB24570","4110",
"O2DB207962DB21975","2230",
"O2DB207962DB24829","4311",
"O2DB207962DB21760","2019",
"O2DB207962DB22211","2462",
"O2DB207962DB22471","2694/526",
"O2DB207962DB22922","3136",
"O2DB207962DB21229","1516",
"O2DB207962DB23182","3391",
"O2DB207962DB23517","3723",
"O2DB207962DB21489","1771",
"O2DB207962DB24343","3943",
"O2DB207962DB21131","1420",
"O2DB207962DB23418","3627",
"O2DB207962DB21391","1674",
"O2DB207962DB24792","4279",
"O2DB207962DB21723","1984",
"O2DB207962DB21840","2096",
"O2DB207962DB24694","4209",
"O2DB207962DB22434","2662;cf.494",
"O2DB207962DB24954","4418",
"O2DB207962DB22694","2912",
"O2DB207962DB20855","1165",
"O2DB207962DB23145","3354",
"O2DB207962DB24422","4015",
"O2DB207962DB21354","1639",
"O2DB207962DB24209","3826",
"O2DB207962DB21803","2061",
"O2DB207962DB22063","2315",
"O2DB207962DB24917","4382",
"O2DB207962DB22657","2877",
"O2DB207962DB22299","2535",
"O2DB207962DB22559","2779",
"O2DB207962DB23010","3223",
"O2DB207962DB20983","1284",
"O2DB207962DB21317","1603",
"O2DB207962DB23270","3479",
"O2DB207962DB21577","1847",
"O2DB207962DB22026","2279",
"O2DB207962DB24547","4099;326",
"O2DB207962DB24880","4349",
"O2DB207962DB22286","2524",
"O2DB207962DB21928","2185",
"O2DB207962DB22188","2439",
"O2DB207962DB22522","2742",
"O2DB207962DB22997","3210",
"O2DB207962DB22782","2998",
"O2DB207962DB20947","1248",
"O2DB207962DB23233","3442",
"O2DB207962DB23494","3702",
"O2DB207962DB24510","4077;4546",
"O2DB207962DB21442","1724",
"O2DB207962DB24296","2898",
"O2DB207962DB22151","2402",
"O2DB207962DB22745","2961",
"O2DB207962DB20910","1212",
"O2DB207962DB22862","3078",
"O2DB207962DB21169","1457",
"O2DB207962DB23457","3665",
"O2DB207962DB20805","1115",
"O2DB207962DB23098","3307",
"O2DB207962DB21071","1367",
"O2DB207962DB24473","4046",
"O2DB207962DB21405","1687",
"O2DB207962DB23358","3567",
"O2DB207962DB24732","4228",
"O2DB207962DB21665","1926",
"O2DB207962DB24376","3975;4487",
"O2DB207962DB22114","2365",
"O2DB207962DB24635","4155",
"O2DB207962DB22374","2605",
"O2DB207962DB22825","3041",
"O2DB207962DB22610","2830",
"O2DB207962DB23085","3295",
"O2DB207962DB21034","1335",
"O2DB207962DB23321","3530",
"O2DB207962DB21294","1580",
"O2DB207962DB21628","1892",
"O2DB207962DB24149","3786",
"O2DB207962DB24598","4125",
"O2DB207962DB21530","1804",
"O2DB207962DB22337","2569",
"O2DB207962DB24857","4328",
"O2DB207962DB21788","2047",
"O2DB207962DB22597","2817",
"O2DB207962DB22239","2490",
"O2DB207962DB22950","3163",
"O2DB207962DB21257","1544",
"O2DB207962DB23545","3751",
"O2DB207962DB21966","2221",
"O2DB207962DB24820","4304",
"O2DB207962DB21751","2012",
"O2DB207962DB21868","2124",
"O2DB207962DB22202","2453",
"O2DB207962DB22462","2687",
"O2DB207962DB22913","3127",
"O2DB207962DB22698","2916",
"O2DB207962DB23173","3382",
"O2DB207962DB23508","3715",
"O2DB207962DB24334","3935",
"O2DB207962DB21122","1414",
"O2DB207962DB23409","3618",
"O2DB207962DB24450","4033",
"O2DB207962DB21382","1665",
"O2DB207962DB21714","1975",
"O2DB207962DB24237","3853",
"O2DB207962DB21831","2088",
"O2DB207962DB24685","4202",
"O2DB207962DB22091","2342",
"O2DB207962DB22425","2654",
"O2DB207962DB24945","4409",
"O2DB207962DB22685","2903",
"O2DB207962DB20846","1156",
"O2DB207962DB23136","3345",
"O2DB207962DB23396","3605",
"O2DB207962DB23038","3248",
"O2DB207962DB24413","4007",
"O2DB207962DB21345","1630",
"O2DB207962DB24200","3819",
"O2DB207962DB22054","2306",
"O2DB207962DB24908","4373",
"O2DB207962DB22550","2770",
"O2DB207962DB23001","3214",
"O2DB207962DB20974","1275",
"O2DB207962DB21308","1594",
"O2DB207962DB23261","3470",
"O2DB207962DB21568","1840",
"O2DB207962DB21210","1498",
"O2DB207962DB22017","2270",
"O2DB207962DB21470","1752",
"O2DB207962DB24871","4342",
"O2DB207962DB21919","2173",
"O2DB207962DB22179","2430",
"O2DB207962DB22513","2735-2",
"O2DB207962DB22773","2989",
"O2DB207962DB20938","1239",
"O2DB207962DB22890","3104",
"O2DB207962DB23224","3433",
"O2DB207962DB21197","1485",
"O2DB207962DB23485","3693",
"O2DB207962DB24501","4069",
"O2DB207962DB21433","1714",
"O2DB207962DB24287","3890",
"O2DB207962DB24760","4253",
"O2DB207962DB21691","1952",
"O2DB207962DB22142","2393",
"O2DB207962DB22736","2952",
"O2DB207962DB22853","3069",
"O2DB207962DB22638","2858",
"O2DB207962DB23447","3656",
"O2DB207962DB21062","1358",
"O2DB207962DB23349","3558",
"O2DB207962DB21656","1918",
"O2DB207962DB24367","3966;4492",
"O2DB207962DB22105","2356",
"O2DB207962DB24626","4150",
"O2DB207962DB22365","2596",
"O2DB207962DB22816","3032",
"O2DB207962DB22601","2821",
"O2DB207962DB23076","3286",
"O2DB207962DB21025","1326",
"O2DB207962DB22978","3191",
"O2DB207962DB23312","3521",
