O4CZ37204CZ43955 ,442
O4CZ37204CZ44581 ,111
O4CZ37204CZ44098 ,738
O4CZ37204CZ44496 ,738
O4CZ37204CZ44013 ,504
O4CZ37204CZ44560 ,785
O4CZ37204CZ44077 ,568
O4CZ37204CZ44475 ,686
O4CZ37204CZ43992 ,560
O4CZ37204CZ44618 ,139
O4CZ37204CZ44539 ,584
O4CZ37204CZ44533 ,0
O4CZ37204CZ45055 ,0
O4CZ37204CZ44454 ,216
O4CZ37204CZ43971 ,458
O4CZ37204CZ44597 ,124
O4CZ37204CZ43886 ,0
O4CZ37204CZ44512 ,570
O4CZ37204CZ44029 ,519
O4CZ37204CZ43950 ,435
O4CZ37204CZ43865 ,397
O4CZ37204CZ44491 ,551
O4CZ37204CZ44008 ,500
O4CZ37204CZ44406 ,716
O4CZ37204CZ43923 ,417
O4CZ37204CZ43844 ,376
O4CZ37204CZ44470 ,578
O4CZ37204CZ44986 ,75
O4CZ37204CZ43987 ,474
O4CZ37204CZ44385 ,0
O4CZ37204CZ43902 ,389
O4CZ37204CZ44528 ,0
O4CZ37204CZ45050 ,0
O4CZ37204CZ44449 ,605
O4CZ37204CZ44965 ,56
O4CZ37204CZ44364 ,602
O4CZ37204CZ43881 ,0
O4CZ37204CZ44507 ,0
O4CZ37204CZ45023 ,1
O4CZ37204CZ44422 ,711
O4CZ37204CZ44343 ,0
O4CZ37204CZ43860 ,392
O4CZ37204CZ45002 ,90
O4CZ37204CZ44401 ,609
O4CZ37204CZ43918 ,412
O4CZ37204CZ44316 ,0
O4CZ37204CZ44981 ,70
O4CZ37204CZ44380 ,658
O4CZ37204CZ43897 ,0
O4CZ37204CZ44295 ,0
O4CZ37204CZ44960 ,53
O4CZ37204CZ44836 ,340
O4CZ37204CZ44359 ,499
O4CZ37204CZ44875 ,9
O4CZ37204CZ44274 ,770
O4CZ37204CZ45018 ,94
O4CZ37204CZ44417 ,766
O4CZ37204CZ44933 ,39
O4CZ37204CZ44815 ,319
O4CZ37204CZ44338 ,843
O4CZ37204CZ44332 ,488
O4CZ37204CZ44854 ,357
O4CZ37204CZ44253 ,702
O4CZ37204CZ44997 ,84
O4CZ37204CZ44794 ,299
O4CZ37204CZ44311 ,811
O4CZ37204CZ44226 ,675
O4CZ37204CZ44891 ,9
O4CZ37204CZ44773 ,283
O4CZ37204CZ44290 ,787
O4CZ37204CZ44205 ,653
O4CZ37204CZ44831 ,335
O4CZ37204CZ44752 ,264
O4CZ37204CZ44269 ,0
O4CZ37204CZ44184 ,635
O4CZ37204CZ44928 ,34
O4CZ37204CZ44810 ,314
O4CZ37204CZ44327 ,653
O4CZ37204CZ44849 ,353
O4CZ37204CZ44725 ,238
O4CZ37204CZ44248 ,693
O4CZ37204CZ44646 ,164
O4CZ37204CZ44163 ,612
O4CZ37204CZ44789 ,294
O4CZ37204CZ44704 ,219
O4CZ37204CZ44221 ,671
O4CZ37204CZ44142 ,592
O4CZ37204CZ44136 ,723
O4CZ37204CZ44768 ,0
O4CZ37204CZ44683 ,199
O4CZ37204CZ44200 ,650
O4CZ37204CZ44115 ,581
O4CZ37204CZ44747 ,258
O4CZ37204CZ44662 ,179
O4CZ37204CZ44179 ,630
O4CZ37204CZ44094 ,734
O4CZ37204CZ44720 ,234
O4CZ37204CZ44641 ,160
O4CZ37204CZ44635 ,155
O4CZ37204CZ44158 ,607
O4CZ37204CZ44556 ,784
O4CZ37204CZ44073 ,725
O4CZ37204CZ44699 ,214
O4CZ37204CZ44614 ,136
O4CZ37204CZ44137 ,587
O4CZ37204CZ44131 ,576
O4CZ37204CZ44052 ,543
O4CZ37204CZ44678 ,194
O4CZ37204CZ44593 ,120
O4CZ37204CZ44110 ,750
O4CZ37204CZ44025 ,516
O4CZ37204CZ44657 ,175
O4CZ37204CZ43946 ,432
O4CZ37204CZ44572 ,102
O4CZ37204CZ44089 ,582
O4CZ37204CZ44004 ,493
O4CZ37204CZ44630 ,150
O4CZ37204CZ44551 ,96
O4CZ37204CZ44068 ,561
O4CZ37204CZ44466 ,532
O4CZ37204CZ43983 ,470
O4CZ37204CZ44609 ,132
O4CZ37204CZ44524 ,798
O4CZ37204CZ45046 ,8
O4CZ37204CZ44047 ,538
O4CZ37204CZ44445 ,675
O4CZ37204CZ44503 ,742
O4CZ37204CZ44020 ,510
O4CZ37204CZ43941 ,430
O4CZ37204CZ43935 ,424
O4CZ37204CZ44567 ,95
O4CZ37204CZ43856 ,387
O4CZ37204CZ44482 ,598
O4CZ37204CZ43999 ,489
O4CZ37204CZ43914 ,409
O4CZ37204CZ45062 ,0
O4CZ37204CZ44461 ,0
O4CZ37204CZ43978 ,446
O4CZ37204CZ44376 ,662
O4CZ37204CZ43893 ,0
O4CZ37204CZ44519 ,754
O4CZ37204CZ45041 ,6
O4CZ37204CZ44440 ,707
O4CZ37204CZ44434 ,712
O4CZ37204CZ43957 ,448
O4CZ37204CZ44355 ,623
O4CZ37204CZ43872 ,0
O4CZ37204CZ44498 ,740
O4CZ37204CZ45014 ,94
O4CZ37204CZ44413 ,755
O4CZ37204CZ43930 ,794
O4CZ37204CZ44477 ,534
O4CZ37204CZ44993 ,80
O4CZ37204CZ44392 ,604
O4CZ37204CZ43909 ,406
O4CZ37204CZ45057 ,0
O4CZ37204CZ44972 ,62
O4CZ37204CZ44371 ,509
O4CZ37204CZ43888 ,0
O4CZ37204CZ44286 ,784
O4CZ37204CZ45030 ,3
O4CZ37204CZ44429 ,  
O4CZ37204CZ44951 ,45
O4CZ37204CZ44350 ,502
O4CZ37204CZ44866 ,369
O4CZ37204CZ43867 ,398
O4CZ37204CZ44265 ,557
O4CZ37204CZ44408 ,756
O4CZ37204CZ44924 ,30
O4CZ37204CZ44806 ,310
O4CZ37204CZ44845 ,348
O4CZ37204CZ44244 ,692
O4CZ37204CZ44988 ,77
O4CZ37204CZ44387 ,669
O4CZ37204CZ44302 ,803
O4CZ37204CZ44967 ,57
O4CZ37204CZ44764 ,274
O4CZ37204CZ44281 ,778
O4CZ37204CZ44196 ,647
O4CZ37204CZ44822 ,326
O4CZ37204CZ44861 ,364
O4CZ37204CZ44743 ,254
O4CZ37204CZ44260 ,707
O4CZ37204CZ44175 ,627
O4CZ37204CZ44919 ,19
O4CZ37204CZ44801 ,306
O4CZ37204CZ44318 ,814
O4CZ37204CZ44840 ,346
O4CZ37204CZ44716 ,230
O4CZ37204CZ44239 ,615
O4CZ37204CZ44233 ,681
O4CZ37204CZ44154 ,603
O4CZ37204CZ44780 ,290
O4CZ37204CZ44297 ,799
O4CZ37204CZ44695 ,210
O4CZ37204CZ44212 ,658
O4CZ37204CZ44877 ,9
O4CZ37204CZ44759 ,270
O4CZ37204CZ44674 ,190
O4CZ37204CZ44191 ,641
O4CZ37204CZ44817 ,321
O4CZ37204CZ44106 ,746
O4CZ37204CZ44738 ,249
O4CZ37204CZ44732 ,244
O4CZ37204CZ44653 ,171
O4CZ37204CZ44170 ,623
O4CZ37204CZ44085 ,573
O4CZ37204CZ44711 ,225
O4CZ37204CZ44228 ,676
O4CZ37204CZ44626 ,147
O4CZ37204CZ44149 ,566
O4CZ37204CZ44064 ,555
O4CZ37204CZ44690 ,205
O4CZ37204CZ44207 ,655
O4CZ37204CZ44605 ,128
O4CZ37204CZ44122 ,761
O4CZ37204CZ44043 ,533
O4CZ37204CZ44584 ,113
O4CZ37204CZ44101 ,741
O4CZ37204CZ44727 ,240
O4CZ37204CZ44016 ,507
O4CZ37204CZ44648 ,166
O4CZ37204CZ44563 ,0
O4CZ37204CZ44080 ,614
O4CZ37204CZ43995 ,483
O4CZ37204CZ44621 ,141
O4CZ37204CZ44542 ,641
O4CZ37204CZ44536 ,650
O4CZ37204CZ44059 ,549
O4CZ37204CZ43974 ,462
O4CZ37204CZ44600 ,0
O4CZ37204CZ44117 ,756
O4CZ37204CZ44515 ,573
O4CZ37204CZ44038 ,529
O4CZ37204CZ44032 ,522
O4CZ37204CZ43953 ,438
O4CZ37204CZ44579 ,109
O4CZ37204CZ44494 ,736
O4CZ37204CZ44011 ,503
O4CZ37204CZ43926 ,420
O4CZ37204CZ44558 ,783
O4CZ37204CZ44473 ,537
O4CZ37204CZ43905 ,402
O4CZ37204CZ44537 ,651
O4CZ37204CZ44531 ,0
O4CZ37204CZ45053 ,0
O4CZ37204CZ44452 ,595
O4CZ37204CZ43969 ,456
O4CZ37204CZ43884 ,0
O4CZ37204CZ44510 ,568
O4CZ37204CZ44027 ,517
O4CZ37204CZ44425 ,699
O4CZ37204CZ43948 ,433
O4CZ37204CZ44346 ,495
O4CZ37204CZ43863 ,394
O4CZ37204CZ44489 ,550
O4CZ37204CZ45005 ,93
O4CZ37204CZ44404 ,592
O4CZ37204CZ43921 ,415
O4CZ37204CZ43842 ,373
O4CZ37204CZ44468 ,526
O4CZ37204CZ44984 ,73
O4CZ37204CZ44383 ,673
O4CZ37204CZ43900 ,0
O4CZ37204CZ45048 ,8
O4CZ37204CZ44447 ,715
O4CZ37204CZ44963 ,56
O4CZ37204CZ44362 ,0
O4CZ37204CZ43879 ,0
O4CZ37204CZ45021 ,1
O4CZ37204CZ44936 ,42
O4CZ37204CZ44341 ,485
O4CZ37204CZ44335 ,0
O4CZ37204CZ43858 ,389
O4CZ37204CZ44256 ,705
O4CZ37204CZ45000 ,88
O4CZ37204CZ44399 ,588
O4CZ37204CZ44915 ,14
O4CZ37204CZ44314 ,0
O4CZ37204CZ44979 ,68
O4CZ37204CZ44378 ,688
O4CZ37204CZ44776 ,286
O4CZ37204CZ44293 ,790
O4CZ37204CZ44958 ,51
O4CZ37204CZ44834 ,338
O4CZ37204CZ44357 ,625
O4CZ37204CZ44873 ,9
O4CZ37204CZ44272 ,722
O4CZ37204CZ44937 ,43
O4CZ37204CZ44931 ,37
O4CZ37204CZ44813 ,317
O4CZ37204CZ44330 ,275
O4CZ37204CZ44852 ,356
O4CZ37204CZ44251 ,700
O4CZ37204CZ44166 ,619
O4CZ37204CZ44792 ,297
O4CZ37204CZ44309 ,809
O4CZ37204CZ44224 ,668
O4CZ37204CZ44145 ,595
O4CZ37204CZ44889 ,9
O4CZ37204CZ44771 ,281
O4CZ37204CZ44288 ,785
O4CZ37204CZ44686 ,202
O4CZ37204CZ44203 ,477
O4CZ37204CZ44829 ,333
O4CZ37204CZ44750 ,261
O4CZ37204CZ44267 ,720
O4CZ37204CZ44665 ,182
O4CZ37204CZ44182 ,633
O4CZ37204CZ44808 ,312
O4CZ37204CZ44847 ,96
O4CZ37204CZ44723 ,236
O4CZ37204CZ44161 ,610
O4CZ37204CZ44076 ,728
O4CZ37204CZ44702 ,217
O4CZ37204CZ44219 ,0
O4CZ37204CZ44140 ,590
O4CZ37204CZ44134 ,579
O4CZ37204CZ44055 ,546
O4CZ37204CZ44681 ,197
O4CZ37204CZ44198 ,649
O4CZ37204CZ44596 ,123
O4CZ37204CZ44113 ,753
O4CZ37204CZ44660 ,177
O4CZ37204CZ44177 ,629
O4CZ37204CZ44575 ,106
O4CZ37204CZ44092 ,732
O4CZ37204CZ44718 ,232
O4CZ37204CZ44639 ,158
O4CZ37204CZ44633 ,153
O4CZ37204CZ44554 ,778
O4CZ37204CZ44071 ,564
O4CZ37204CZ44697 ,212
O4CZ37204CZ43986 ,473
O4CZ37204CZ44612 ,134
O4CZ37204CZ44129 ,768
O4CZ37204CZ44050 ,541
O4CZ37204CZ43965 ,454
O4CZ37204CZ44591 ,119
O4CZ37204CZ44108 ,748
O4CZ37204CZ44506 ,581
O4CZ37204CZ44023 ,514
O4CZ37204CZ43944 ,445
O4CZ37204CZ44570 ,100
O4CZ37204CZ44087 ,0
O4CZ37204CZ44485 ,727
O4CZ37204CZ44002 ,491
O4CZ37204CZ44628 ,148
O4CZ37204CZ44549 ,318
O4CZ37204CZ44464 ,530
O4CZ37204CZ43981 ,468
O4CZ37204CZ44607 ,130
O4CZ37204CZ43896 ,0
O4CZ37204CZ44522 ,575
O4CZ37204CZ44443 ,0
O4CZ37204CZ43960 ,450
O4CZ37204CZ43875 ,0
O4CZ37204CZ44501 ,730
O4CZ37204CZ44018 ,511
O4CZ37204CZ44416 ,765
O4CZ37204CZ43939 ,428
O4CZ37204CZ43933 ,0
O4CZ37204CZ43854 ,385
O4CZ37204CZ44480 ,692
O4CZ37204CZ44996 ,83
O4CZ37204CZ43997 ,485
O4CZ37204CZ44395 ,606
O4CZ37204CZ45060 ,0
O4CZ37204CZ44459 ,543
O4CZ37204CZ44975 ,64
O4CZ37204CZ44374 ,660
O4CZ37204CZ43891 ,0
O4CZ37204CZ44517 ,575
O4CZ37204CZ45039 ,5
O4CZ37204CZ44438 ,705
O4CZ37204CZ44432 ,710
O4CZ37204CZ44954 ,48
O4CZ37204CZ44353 ,621
O4CZ37204CZ43870 ,0
O4CZ37204CZ45012 ,94
O4CZ37204CZ44411 ,759
O4CZ37204CZ43928 ,422
O4CZ37204CZ44326 ,733
O4CZ37204CZ43849 ,381
O4CZ37204CZ44991 ,80
O4CZ37204CZ44390 ,610
O4CZ37204CZ44906 ,10
O4CZ37204CZ43907 ,404
O4CZ37204CZ44305 ,806
O4CZ37204CZ44970 ,60
O4CZ37204CZ44369 ,507
O4CZ37204CZ44885 ,9
O4CZ37204CZ44284 ,782
O4CZ37204CZ44427 ,430
O4CZ37204CZ44825 ,329
O4CZ37204CZ44348 ,497
O4CZ37204CZ44864 ,367
O4CZ37204CZ44746 ,257
O4CZ37204CZ44263 ,441
O4CZ37204CZ44922 ,28
O4CZ37204CZ44804 ,308
O4CZ37204CZ44843 ,348
O4CZ37204CZ44242 ,690
O4CZ37204CZ44236 ,684
O4CZ37204CZ44762 ,272
O4CZ37204CZ44279 ,776
O4CZ37204CZ44194 ,644
O4CZ37204CZ44820 ,324
O4CZ37204CZ44859 ,362
O4CZ37204CZ44741 ,252
O4CZ37204CZ44258 ,708
O4CZ37204CZ44656 ,174
O4CZ37204CZ44173 ,626
O4CZ37204CZ44917 ,16
O4CZ37204CZ44799 ,304
O4CZ37204CZ44838 ,342
O4CZ37204CZ44714 ,228
O4CZ37204CZ44237 ,686
O4CZ37204CZ44231 ,679
O4CZ37204CZ44152 ,601
O4CZ37204CZ44778 ,288
O4CZ37204CZ44693 ,208
O4CZ37204CZ44210 ,695
O4CZ37204CZ44125 ,764
O4CZ37204CZ44757 ,268
O4CZ37204CZ44046 ,537
O4CZ37204CZ44672 ,188
O4CZ37204CZ44189 ,0
O4CZ37204CZ44104 ,744
O4CZ37204CZ44730 ,242
O4CZ37204CZ44651 ,169
O4CZ37204CZ44168 ,621
O4CZ37204CZ44083 ,571
O4CZ37204CZ44624 ,145
O4CZ37204CZ44147 ,597
O4CZ37204CZ44545 ,645
O4CZ37204CZ44062 ,553
O4CZ37204CZ44688 ,204
O4CZ37204CZ44120 ,759
O4CZ37204CZ44041 ,532
O4CZ37204CZ44035 ,525
O4CZ37204CZ44667 ,184
O4CZ37204CZ43956 ,444
O4CZ37204CZ44582 ,112
O4CZ37204CZ44099 ,739
O4CZ37204CZ44014 ,505
O4CZ37204CZ44561 ,786
O4CZ37204CZ44078 ,580
O4CZ37204CZ44476 ,537
O4CZ37204CZ43993 ,481
O4CZ37204CZ44619 ,140
O4CZ37204CZ44540 ,647
O4CZ37204CZ44534 ,649
O4CZ37204CZ45056 ,0
O4CZ37204CZ44057 ,548
O4CZ37204CZ44455 ,563
O4CZ37204CZ44598 ,125
O4CZ37204CZ44513 ,571
O4CZ37204CZ44030 ,520
O4CZ37204CZ43951 ,436
O4CZ37204CZ43866 ,395
O4CZ37204CZ44492 ,552
O4CZ37204CZ44009 ,501
O4CZ37204CZ43924 ,418
O4CZ37204CZ43845 ,377
O4CZ37204CZ44471 ,636
O4CZ37204CZ43988 ,475
O4CZ37204CZ44386 ,681
O4CZ37204CZ43903 ,399
O4CZ37204CZ44529 ,0
O4CZ37204CZ45051 ,0
O4CZ37204CZ44450 ,0
O4CZ37204CZ44966 ,58
O4CZ37204CZ43967 ,453
O4CZ37204CZ44365 ,612
O4CZ37204CZ43882 ,0
O4CZ37204CZ44508 ,0
O4CZ37204CZ44423 ,470
O4CZ37204CZ44945 ,13
O4CZ37204CZ44344 ,732
O4CZ37204CZ43861 ,391
O4CZ37204CZ44487 ,0
O4CZ37204CZ45003 ,91
O4CZ37204CZ44402 ,593
O4CZ37204CZ43919 ,413
O4CZ37204CZ43840 ,371
O4CZ37204CZ44982 ,71
O4CZ37204CZ44381 ,672
O4CZ37204CZ43898 ,0
O4CZ37204CZ44961 ,54
O4CZ37204CZ44360 ,481
O4CZ37204CZ43877 ,0
O4CZ37204CZ44275 ,771
O4CZ37204CZ44418 ,767
O4CZ37204CZ44934 ,40
O4CZ37204CZ44816 ,320
O4CZ37204CZ44339 ,484
O4CZ37204CZ44333 ,849
O4CZ37204CZ44855 ,358
O4CZ37204CZ44254 ,703
O4CZ37204CZ44998 ,86
O4CZ37204CZ44397 ,480
O4CZ37204CZ44795 ,300
O4CZ37204CZ44312 ,812
O4CZ37204CZ44977 ,66
O4CZ37204CZ44774 ,284
O4CZ37204CZ44291 ,788
O4CZ37204CZ44206 ,654
O4CZ37204CZ44832 ,336
O4CZ37204CZ44871 ,9
O4CZ37204CZ44753 ,265
O4CZ37204CZ44270 ,715
O4CZ37204CZ44185 ,636
O4CZ37204CZ44929 ,35
O4CZ37204CZ44811 ,315
O4CZ37204CZ44328 ,655
O4CZ37204CZ44850 ,354
O4CZ37204CZ44726 ,239
O4CZ37204CZ44249 ,694
O4CZ37204CZ44164 ,617
O4CZ37204CZ44908 ,10
O4CZ37204CZ44790 ,295
O4CZ37204CZ44307 ,807
O4CZ37204CZ44705 ,220
O4CZ37204CZ44222 ,672
O4CZ37204CZ44143 ,593
O4CZ37204CZ44887 ,9
O4CZ37204CZ44769 ,279
O4CZ37204CZ44684 ,200
O4CZ37204CZ44201 ,651
O4CZ37204CZ44827 ,331
O4CZ37204CZ44116 ,755
O4CZ37204CZ44748 ,259
O4CZ37204CZ44663 ,180
O4CZ37204CZ44180 ,631
O4CZ37204CZ44095 ,735
O4CZ37204CZ44642 ,161
O4CZ37204CZ44636 ,156
O4CZ37204CZ44159 ,608
O4CZ37204CZ44074 ,726
O4CZ37204CZ44700 ,215
O4CZ37204CZ44217 ,663
O4CZ37204CZ44615 ,137
O4CZ37204CZ44138 ,588
O4CZ37204CZ44132 ,577
O4CZ37204CZ44053 ,544
O4CZ37204CZ44679 ,195
O4CZ37204CZ44594 ,121
O4CZ37204CZ44111 ,751
O4CZ37204CZ44658 ,176
O4CZ37204CZ44573 ,103
O4CZ37204CZ44090 ,730
O4CZ37204CZ44005 ,497
O4CZ37204CZ44631 ,151
O4CZ37204CZ44552 ,0
O4CZ37204CZ44069 ,562
O4CZ37204CZ43984 ,471
O4CZ37204CZ44127 ,766
O4CZ37204CZ44525 ,631
O4CZ37204CZ44048 ,539
O4CZ37204CZ44446 ,629
O4CZ37204CZ43963 ,452
O4CZ37204CZ44589 ,117
O4CZ37204CZ44504 ,743
O4CZ37204CZ44021 ,512
O4CZ37204CZ43936 ,425
O4CZ37204CZ44568 ,0
O4CZ37204CZ44483 ,696
O4CZ37204CZ44000 ,488
O4CZ37204CZ43915 ,410
O4CZ37204CZ44547 ,0
O4CZ37204CZ45063 ,0
O4CZ37204CZ44462 ,523
O4CZ37204CZ43979 ,466
O4CZ37204CZ43894 ,0
O4CZ37204CZ44520 ,746
O4CZ37204CZ45036 ,3
O4CZ37204CZ44441 ,591
O4CZ37204CZ44435 ,579
O4CZ37204CZ44356 ,624
O4CZ37204CZ43873 ,0
O4CZ37204CZ44499 ,741
O4CZ37204CZ44414 ,763
O4CZ37204CZ43937 ,426
O4CZ37204CZ43852 ,383
O4CZ37204CZ44478 ,533
O4CZ37204CZ44994 ,81
O4CZ37204CZ44393 ,607
O4CZ37204CZ43910 ,407
O4CZ37204CZ45058 ,0
O4CZ37204CZ44457 ,547
O4CZ37204CZ44973 ,63
O4CZ37204CZ44372 ,510
O4CZ37204CZ43889 ,0
O4CZ37204CZ44430 ,703
O4CZ37204CZ44952 ,46
O4CZ37204CZ44351 ,619
O4CZ37204CZ44266 ,712
O4CZ37204CZ45010 ,94
O4CZ37204CZ44409 ,757
O4CZ37204CZ44925 ,31
O4CZ37204CZ44846 ,349
O4CZ37204CZ44324 ,0
O4CZ37204CZ43847 ,379
O4CZ37204CZ44245 ,696
O4CZ37204CZ44989 ,78
O4CZ37204CZ44388 ,663
O4CZ37204CZ44904 ,10
O4CZ37204CZ44786 ,292
O4CZ37204CZ44303 ,804
O4CZ37204CZ44968 ,59
O4CZ37204CZ44367 ,628
O4CZ37204CZ44883 ,9
O4CZ37204CZ44765 ,275
O4CZ37204CZ44282 ,779
O4CZ37204CZ44823 ,327
O4CZ37204CZ44862 ,365
O4CZ37204CZ44744 ,255
O4CZ37204CZ44261 ,711
O4CZ37204CZ44176 ,628
O4CZ37204CZ44920 ,22
O4CZ37204CZ44319 ,815
O4CZ37204CZ44841 ,347
O4CZ37204CZ44240 ,716
O4CZ37204CZ44234 ,682
O4CZ37204CZ44155 ,604
O4CZ37204CZ44899 ,9
O4CZ37204CZ44781 ,291
O4CZ37204CZ44298 ,800
O4CZ37204CZ44696 ,211
O4CZ37204CZ44213 ,0
O4CZ37204CZ44760 ,271
O4CZ37204CZ44277 ,774
O4CZ37204CZ44675 ,191
O4CZ37204CZ44192 ,642
O4CZ37204CZ44818 ,322
O4CZ37204CZ44857 ,360
O4CZ37204CZ44739 ,250
O4CZ37204CZ44733 ,245
O4CZ37204CZ44654 ,172
O4CZ37204CZ44171 ,624
O4CZ37204CZ44797 ,302
O4CZ37204CZ44086 ,574
O4CZ37204CZ44712 ,226
O4CZ37204CZ44229 ,677
O4CZ37204CZ44150 ,599
O4CZ37204CZ44691 ,206
O4CZ37204CZ44208 ,657
O4CZ37204CZ44606 ,129
O4CZ37204CZ44123 ,762
O4CZ37204CZ44044 ,535
O4CZ37204CZ44670 ,186
O4CZ37204CZ44187 ,638
O4CZ37204CZ44585 ,114
O4CZ37204CZ44102 ,742
O4CZ37204CZ44728 ,241
O4CZ37204CZ44649 ,167
O4CZ37204CZ44564 ,0
O4CZ37204CZ44081 ,614
O4CZ37204CZ44707 ,222
O4CZ37204CZ43996 ,484
O4CZ37204CZ44622 ,143
O4CZ37204CZ44543 ,643
O4CZ37204CZ44060 ,551
O4CZ37204CZ43975 ,463
O4CZ37204CZ44118 ,757
O4CZ37204CZ44516 ,574
O4CZ37204CZ44033 ,523
O4CZ37204CZ44039 ,530
O4CZ37204CZ43954 ,439
O4CZ37204CZ44580 ,110
O4CZ37204CZ44097 ,737
O4CZ37204CZ44495 ,0
O4CZ37204CZ44559 ,790
O4CZ37204CZ44474 ,683
O4CZ37204CZ43991 ,480
O4CZ37204CZ43906 ,403
O4CZ37204CZ44538 ,652
O4CZ37204CZ44532 ,0
O4CZ37204CZ45054 ,  
O4CZ37204CZ44453 ,561
O4CZ37204CZ43970 ,457
O4CZ37204CZ43885 ,0
O4CZ37204CZ44511 ,580
O4CZ37204CZ44028 ,518
O4CZ37204CZ44426 ,704
O4CZ37204CZ43949 ,434
O4CZ37204CZ43864 ,396
O4CZ37204CZ44490 ,549
O4CZ37204CZ44007 ,499
O4CZ37204CZ44405 ,555
O4CZ37204CZ43843 ,374
O4CZ37204CZ44469 ,527
O4CZ37204CZ44985 ,74
O4CZ37204CZ44384 ,722
O4CZ37204CZ43901 ,390
O4CZ37204CZ44527 ,633
O4CZ37204CZ45049 ,96
O4CZ37204CZ44448 ,319
O4CZ37204CZ44363 ,611
O4CZ37204CZ43880 ,0
O4CZ37204CZ44421 ,701
O4CZ37204CZ44943 ,12
O4CZ37204CZ44342 ,493
O4CZ37204CZ44336 ,685
O4CZ37204CZ45001 ,89
O4CZ37204CZ44400 ,601
O4CZ37204CZ44916 ,15
O4CZ37204CZ44315 ,0
O4CZ37204CZ44980 ,69
O4CZ37204CZ44379 ,664
O4CZ37204CZ44895 ,9
O4CZ37204CZ44294 ,791
O4CZ37204CZ44959 ,52
O4CZ37204CZ44835 ,339
O4CZ37204CZ44358 ,626
O4CZ37204CZ44756 ,267
O4CZ37204CZ44273 ,769
O4CZ37204CZ44938 ,44
O4CZ37204CZ44932 ,38
O4CZ37204CZ44814 ,318
O4CZ37204CZ44337 ,597
O4CZ37204CZ44331 ,278
O4CZ37204CZ44252 ,701
O4CZ37204CZ44911 ,11
O4CZ37204CZ44793 ,298
O4CZ37204CZ44310 ,810
O4CZ37204CZ44225 ,674
O4CZ37204CZ44146 ,596
O4CZ37204CZ44772 ,282
O4CZ37204CZ44289 ,786
O4CZ37204CZ44204 ,656
O4CZ37204CZ44830 ,334
O4CZ37204CZ44869 ,9
O4CZ37204CZ44751 ,263
O4CZ37204CZ44268 ,721
O4CZ37204CZ44666 ,183
O4CZ37204CZ44183 ,634
O4CZ37204CZ44927 ,33
O4CZ37204CZ44809 ,313
O4CZ37204CZ44724 ,237
O4CZ37204CZ44645 ,163
O4CZ37204CZ44162 ,611
O4CZ37204CZ44788 ,292
O4CZ37204CZ44703 ,218
O4CZ37204CZ44220 ,670
O4CZ37204CZ44135 ,616
O4CZ37204CZ44141 ,591
O4CZ37204CZ44767 ,277
O4CZ37204CZ44056 ,547
O4CZ37204CZ44682 ,198
O4CZ37204CZ44199 ,556
O4CZ37204CZ44114 ,565
O4CZ37204CZ44661 ,178
O4CZ37204CZ44178 ,798
O4CZ37204CZ44576 ,107
O4CZ37204CZ44093 ,0
O4CZ37204CZ44719 ,233
O4CZ37204CZ44640 ,159
O4CZ37204CZ44634 ,154
O4CZ37204CZ44157 ,606
O4CZ37204CZ44555 ,779
O4CZ37204CZ44072 ,476
O4CZ37204CZ44698 ,213
O4CZ37204CZ44613 ,135
O4CZ37204CZ44051 ,542
O4CZ37204CZ44677 ,193
O4CZ37204CZ43966 ,460
O4CZ37204CZ44109 ,749
O4CZ37204CZ44024 ,515
O4CZ37204CZ43945 ,446
O4CZ37204CZ44571 ,101
O4CZ37204CZ44088 ,575
O4CZ37204CZ44486 ,728
O4CZ37204CZ44003 ,492
O4CZ37204CZ44629 ,149
O4CZ37204CZ44550 ,667
O4CZ37204CZ45066 ,0
O4CZ37204CZ44067 ,559
O4CZ37204CZ44465 ,531
O4CZ37204CZ43982 ,469
O4CZ37204CZ44608 ,131
O4CZ37204CZ44523 ,630
O4CZ37204CZ45045 ,7
O4CZ37204CZ44444 ,720
O4CZ37204CZ43961 ,451
O4CZ37204CZ44587 ,116
O4CZ37204CZ43876 ,0
O4CZ37204CZ44502 ,731
O4CZ37204CZ44019 ,509
O4CZ37204CZ43940 ,429
O4CZ37204CZ43934 ,423
O4CZ37204CZ43855 ,386
O4CZ37204CZ44481 ,638
O4CZ37204CZ43998 ,696
O4CZ37204CZ44396 ,676
O4CZ37204CZ43913 ,408
O4CZ37204CZ45061 ,0
O4CZ37204CZ44460 ,544
O4CZ37204CZ44976 ,65
O4CZ37204CZ43977 ,467
O4CZ37204CZ44375 ,661
O4CZ37204CZ43892 ,0
O4CZ37204CZ44518 ,582
O4CZ37204CZ45034 ,3
O4CZ37204CZ44439 ,706
O4CZ37204CZ44433 ,603
O4CZ37204CZ44955 ,49
O4CZ37204CZ44354 ,622
O4CZ37204CZ43871 ,0
O4CZ37204CZ44497 ,739
O4CZ37204CZ44412 ,761
O4CZ37204CZ43929 ,0
O4CZ37204CZ43850 ,382
O4CZ37204CZ44391 ,0
O4CZ37204CZ43908 ,405
O4CZ37204CZ44971 ,61
O4CZ37204CZ44370 ,508
O4CZ37204CZ43887 ,0
O4CZ37204CZ44285 ,783
O4CZ37204CZ45029 ,2
O4CZ37204CZ44428 ,0
O4CZ37204CZ44826 ,330
O4CZ37204CZ44349 ,498
O4CZ37204CZ44865 ,368
O4CZ37204CZ44264 ,710
O4CZ37204CZ45008 ,94
O4CZ37204CZ44407 ,755
O4CZ37204CZ44923 ,29
O4CZ37204CZ44805 ,309
O4CZ37204CZ44322 ,0
O4CZ37204CZ44243 ,691
O4CZ37204CZ44987 ,76
O4CZ37204CZ44902 ,10
O4CZ37204CZ44784 ,292
O4CZ37204CZ44301 ,802
O4CZ37204CZ44216 ,661
O4CZ37204CZ44881 ,9
O4CZ37204CZ44763 ,273
O4CZ37204CZ44280 ,777
O4CZ37204CZ44195 ,645
O4CZ37204CZ44821 ,325
O4CZ37204CZ44860 ,363
O4CZ37204CZ44742 ,253
O4CZ37204CZ44736 ,247
O4CZ37204CZ44259 ,709
O4CZ37204CZ44174 ,674
O4CZ37204CZ44918 ,18
O4CZ37204CZ44800 ,305
O4CZ37204CZ44317 ,813
O4CZ37204CZ44839 ,343
O4CZ37204CZ44715 ,229
O4CZ37204CZ44238 ,687
O4CZ37204CZ44232 ,680
O4CZ37204CZ44153 ,602
O4CZ37204CZ44897 ,9
O4CZ37204CZ44779 ,289
O4CZ37204CZ44694 ,209
O4CZ37204CZ44211 ,688
O4CZ37204CZ44126 ,765
O4CZ37204CZ44758 ,269
O4CZ37204CZ44673 ,189
O4CZ37204CZ44190 ,640
O4CZ37204CZ44105 ,745
O4CZ37204CZ44737 ,248
O4CZ37204CZ44731 ,243
O4CZ37204CZ44652 ,170
O4CZ37204CZ44169 ,622
O4CZ37204CZ44084 ,572
O4CZ37204CZ44710 ,224
O4CZ37204CZ44227 ,797
O4CZ37204CZ44625 ,146
O4CZ37204CZ44148 ,598
O4CZ37204CZ44546 ,0
O4CZ37204CZ44063 ,554
O4CZ37204CZ44604 ,127
O4CZ37204CZ44121 ,760
O4CZ37204CZ44042 ,534
O4CZ37204CZ44036 ,526
O4CZ37204CZ44668 ,185
O4CZ37204CZ44100 ,740
O4CZ37204CZ44015 ,506
O4CZ37204CZ44647 ,165
O4CZ37204CZ44562 ,787
O4CZ37204CZ44079 ,569
O4CZ37204CZ43994 ,482
O4CZ37204CZ44620 ,142
O4CZ37204CZ44541 ,635
O4CZ37204CZ44535 ,0
O4CZ37204CZ44058 ,550
O4CZ37204CZ44456 ,558
O4CZ37204CZ43973 ,461
O4CZ37204CZ44514 ,572
O4CZ37204CZ44037 ,528
O4CZ37204CZ44031 ,521
O4CZ37204CZ43952 ,437
O4CZ37204CZ44578 ,108
O4CZ37204CZ44493 ,535
O4CZ37204CZ44010 ,502
O4CZ37204CZ43925 ,419
O4CZ37204CZ44557 ,782
O4CZ37204CZ43846 ,378
O4CZ37204CZ44472 ,637
O4CZ37204CZ43989 ,478
O4CZ37204CZ43904 ,401
O4CZ37204CZ44530 ,585
O4CZ37204CZ45052 ,  
O4CZ37204CZ44451 ,594
O4CZ37204CZ43968 ,455
O4CZ37204CZ44366 ,486
O4CZ37204CZ43883 ,0
O4CZ37204CZ44509 ,0
O4CZ37204CZ45025 ,1
O4CZ37204CZ44424 ,700
O4CZ37204CZ44946 ,12
O4CZ37204CZ43947 ,447
O4CZ37204CZ44345 ,494
O4CZ37204CZ43862 ,393
O4CZ37204CZ44488 ,548
O4CZ37204CZ45004 ,92
O4CZ37204CZ44403 ,596
O4CZ37204CZ43920 ,414
O4CZ37204CZ43841 ,372
O4CZ37204CZ44467 ,797
O4CZ37204CZ44983 ,72
O4CZ37204CZ44382 ,0
O4CZ37204CZ43899 ,0
O4CZ37204CZ44962 ,55
O4CZ37204CZ44361 ,559
O4CZ37204CZ43878 ,0
O4CZ37204CZ44276 ,772
O4CZ37204CZ44419 ,768
O4CZ37204CZ44941 ,12
O4CZ37204CZ44935 ,41
O4CZ37204CZ44340 ,0
O4CZ37204CZ44334 ,490
O4CZ37204CZ44856 ,359
O4CZ37204CZ43857 ,388
O4CZ37204CZ44255 ,704
O4CZ37204CZ44999 ,87
O4CZ37204CZ44398 ,560
O4CZ37204CZ44914 ,17
O4CZ37204CZ44796 ,301
O4CZ37204CZ44313 ,0
O4CZ37204CZ44978 ,67
O4CZ37204CZ44377 ,674
O4CZ37204CZ44893 ,9
O4CZ37204CZ44775 ,285
O4CZ37204CZ44292 ,789
O4CZ37204CZ44957 ,50
O4CZ37204CZ44833 ,337
O4CZ37204CZ44754 ,266
O4CZ37204CZ44271 ,717
O4CZ37204CZ44186 ,637
O4CZ37204CZ44930 ,36
O4CZ37204CZ44812 ,316
O4CZ37204CZ44329 ,577
O4CZ37204CZ44851 ,355
O4CZ37204CZ44250 ,699
O4CZ37204CZ44165 ,618
O4CZ37204CZ44791 ,296
O4CZ37204CZ44308 ,808
O4CZ37204CZ44706 ,221
O4CZ37204CZ44223 ,666
O4CZ37204CZ44144 ,594
O4CZ37204CZ44770 ,280
O4CZ37204CZ44287 ,0
O4CZ37204CZ44685 ,201
O4CZ37204CZ44202 ,652
O4CZ37204CZ44828 ,332
O4CZ37204CZ44749 ,260
O4CZ37204CZ44664 ,181
O4CZ37204CZ44181 ,632
O4CZ37204CZ44807 ,311
O4CZ37204CZ44096 ,736
O4CZ37204CZ44722 ,235
O4CZ37204CZ44643 ,162
O4CZ37204CZ44160 ,609
O4CZ37204CZ44075 ,727
O4CZ37204CZ44701 ,216
O4CZ37204CZ44218 ,0
O4CZ37204CZ44616 ,138
O4CZ37204CZ44139 ,589
O4CZ37204CZ44133 ,578
O4CZ37204CZ44054 ,545
O4CZ37204CZ44680 ,196
O4CZ37204CZ44197 ,648
O4CZ37204CZ44595 ,122
O4CZ37204CZ44112 ,752
O4CZ37204CZ44091 ,731
O4CZ37204CZ44717 ,231
O4CZ37204CZ44006 ,498
O4CZ37204CZ44638 ,157
O4CZ37204CZ44632 ,152
O4CZ37204CZ44553 ,0
O4CZ37204CZ44070 ,563
O4CZ37204CZ43985 ,472
O4CZ37204CZ44611 ,133
O4CZ37204CZ44128 ,767
O4CZ37204CZ44526 ,632
O4CZ37204CZ44049 ,540
O4CZ37204CZ43964 ,459
O4CZ37204CZ44590 ,118
O4CZ37204CZ44107 ,747
O4CZ37204CZ44505 ,747
O4CZ37204CZ44022 ,513
O4CZ37204CZ43943 ,431
O4CZ37204CZ44484 ,599
O4CZ37204CZ44001 ,490
O4CZ37204CZ43916 ,411
O4CZ37204CZ44548 ,689
O4CZ37204CZ44463 ,523
O4CZ37204CZ43895 ,0
O4CZ37204CZ44521 ,748
O4CZ37204CZ45043 ,6
O4CZ37204CZ44442 ,590
O4CZ37204CZ44436 ,553
O4CZ37204CZ43959 ,499
O4CZ37204CZ43874 ,0
O4CZ37204CZ44500 ,745
O4CZ37204CZ45016 ,94
O4CZ37204CZ44017 ,508
O4CZ37204CZ44415 ,764
O4CZ37204CZ43938 ,427
O4CZ37204CZ43932 ,796
O4CZ37204CZ43853 ,384
O4CZ37204CZ44479 ,691
O4CZ37204CZ44995 ,82
O4CZ37204CZ44394 ,608
O4CZ37204CZ43911 ,416
O4CZ37204CZ45059 ,0
O4CZ37204CZ44458 ,539
O4CZ37204CZ44373 ,512
O4CZ37204CZ43890 ,0
O4CZ37204CZ45038 ,4
O4CZ37204CZ45032 ,3
O4CZ37204CZ44437 ,0
O4CZ37204CZ44431 ,441
O4CZ37204CZ44953 ,47
O4CZ37204CZ44352 ,620
O4CZ37204CZ43869 ,0
O4CZ37204CZ44410 ,758
O4CZ37204CZ44926 ,32
O4CZ37204CZ43927 ,421
O4CZ37204CZ44325 ,104
O4CZ37204CZ43848 ,380
O4CZ37204CZ44246 ,698
O4CZ37204CZ44990 ,79
O4CZ37204CZ44389 ,0
O4CZ37204CZ44304 ,805
O4CZ37204CZ44368 ,0
O4CZ37204CZ44766 ,276
O4CZ37204CZ44283 ,781
O4CZ37204CZ45027 ,1
O4CZ37204CZ44948 ,13
O4CZ37204CZ44824 ,328
O4CZ37204CZ44347 ,496
O4CZ37204CZ44863 ,366
O4CZ37204CZ44745 ,256
O4CZ37204CZ44262 ,576
O4CZ37204CZ44921 ,27
O4CZ37204CZ44803 ,307
O4CZ37204CZ44320 ,816
O4CZ37204CZ44241 ,689
O4CZ37204CZ44235 ,683
O4CZ37204CZ44156 ,605
O4CZ37204CZ44782 ,292
O4CZ37204CZ44299 ,801
O4CZ37204CZ44214 ,660
O4CZ37204CZ44879 ,9
O4CZ37204CZ44278 ,775
O4CZ37204CZ44676 ,192
O4CZ37204CZ44193 ,643
O4CZ37204CZ44819 ,323
O4CZ37204CZ44858 ,361
O4CZ37204CZ44740 ,251
O4CZ37204CZ44734 ,246
O4CZ37204CZ44257 ,706
O4CZ37204CZ44655 ,173
O4CZ37204CZ44172 ,625
O4CZ37204CZ44798 ,303
O4CZ37204CZ44837 ,341
O4CZ37204CZ44713 ,227
O4CZ37204CZ44230 ,678
O4CZ37204CZ44151 ,600
O4CZ37204CZ44777 ,287
O4CZ37204CZ44066 ,558
O4CZ37204CZ44692 ,207
O4CZ37204CZ44124 ,763
O4CZ37204CZ44045 ,536
O4CZ37204CZ44671 ,187
O4CZ37204CZ44188 ,639
O4CZ37204CZ44586 ,115
O4CZ37204CZ44103 ,743
O4CZ37204CZ44650 ,168
O4CZ37204CZ44167 ,620
O4CZ37204CZ44082 ,570
O4CZ37204CZ44708 ,223
O4CZ37204CZ44623 ,144
O4CZ37204CZ44544 ,642
O4CZ37204CZ44061 ,552
O4CZ37204CZ44687 ,203
O4CZ37204CZ43976 ,464
O4CZ37204CZ44602 ,0
O4CZ37204CZ44119 ,758
O4CZ37204CZ44040 ,531
O4CZ37204CZ44034 ,524
