"O2MS163914CZ189035","3393",
"O2MS163914CZ187006","1522",
"O2MS163914CZ189295","3653",
"O2MS163914CZ187717","2165",
"O2MS163914CZ188051","2488",
"O2MS163914CZ188311","2697",
"O2MS163914CZ188762","3129",
"O2MS163914CZ190717","4236",
"O2MS163914CZ186733","1282",
"O2MS163914CZ189022","3380",
"O2MS163914CZ188664","3035",
"O2MS163914CZ186969","1489",
"O2MS163914CZ188924","3285",
"O2MS163914CZ189258","3616",
"O2MS163914CZ187229","1733",
"O2MS163914CZ187680","2130",
"O2MS163914CZ187465","1925",
"O2MS163914CZ190229","3949;4469",
"O2MS163914CZ188176","2582",
"O2MS163914CZ190465","4097",
"O2MS163914CZ186598","1169",
"O2MS163914CZ188887","3248",
"O2MS163914CZ187192","1696",
"O2MS163914CZ186834","1372",
"O2MS163914CZ187643","2093",
"O2MS163914CZ187094","1606",
"O2MS163914CZ187903","2341",
"O2MS163914CZ190192","3914",
"O2MS163914CZ187545","2004",
"O2MS163914CZ187805","2251",
"O2MS163914CZ190643","toh:4204",
"O2MS163914CZ188139","2545-2",
"O2MS163914CZ190094","3847",
"O2MS163914CZ190903","4363",
"O2MS163914CZ188399","2780",
"O2MS163914CZ190545","4127",
"O2MS163914CZ186561","1132",
"O2MS163914CZ188850","3214",
"O2MS163914CZ190805","4302",
"O2MS163914CZ186821","1359",
"O2MS163914CZ189110","3468",
"O2MS163914CZ187057","1572",
"O2MS163914CZ189346","3703",
"O2MS163914CZ187317","1802",
"O2MS163914CZ190057","3816",
"O2MS163914CZ188028","2466",
"O2MS163914CZ188362","2743",
"O2MS163914CZ190317","4016",
"O2MS163914CZ190768","4275",
"O2MS163914CZ188264","2662;cf.494",
"O2MS163914CZ189073","3431",
"O2MS163914CZ188524","2901",
"O2MS163914CZ189333","3690",
"O2MS163914CZ186686","1236",
"O2MS163914CZ188975","3333",
"O2MS163914CZ187280","1782",
"O2MS163914CZ187991","2429",
"O2MS163914CZ190280","3992",
"O2MS163914CZ188702","3072",
"O2MS163914CZ190991","4434",
"O2MS163914CZ188487","2867",
"O2MS163914CZ186649","1202",
"O2MS163914CZ188604","2975",
"O2MS163914CZ188938","3299",
"O2MS163914CZ186909","1431",
"O2MS163914CZ187243","1746",
"O2MS163914CZ189198","3556",
"O2MS163914CZ187503","1961",
"O2MS163914CZ187145","1653",
"O2MS163914CZ187620","2074",
"O2MS163914CZ187405","1873",
"O2MS163914CZ190620","4186",
"O2MS163914CZ188450","2831",
"O2MS163914CZ190405","4064",
"O2MS163914CZ188567","2939",
"O2MS163914CZ190856","4327",
"O2MS163914CZ188827","3191",
"O2MS163914CZ189161","3519",
"O2MS163914CZ187132","1641",
"O2MS163914CZ189421","3773",
"O2MS163914CZ186774","1321",
"O2MS163914CZ187583","2038",
"O2MS163914CZ190583","4155",
"O2MS163914CZ190368","4038",
"O2MS163914CZ188790","3154",
"O2MS163914CZ186737","1286",
"O2MS163914CZ189286","3644",
"O2MS163914CZ187708","2156",
"O2MS163914CZ188042","2480",
"O2MS163914CZ188302","2692",
"O2MS163914CZ187944","2382",
"O2MS163914CZ188753","3120",
"O2MS163914CZ190708","4230",
"O2MS163914CZ188204","2609",
"O2MS163914CZ189013","3371",
"O2MS163914CZ188655","3026",
"O2MS163914CZ186626","1187",
"O2MS163914CZ190944","4402",
"O2MS163914CZ186960","1480",
"O2MS163914CZ188915","3276",
"O2MS163914CZ189249","3607",
"O2MS163914CZ187220","1724",
"O2MS163914CZ187671","2121",
"O2MS163914CZ187456","1919",
"O2MS163914CZ187931","2369",
"O2MS163914CZ190220","3940",
"O2MS163914CZ190671","4221",
"O2MS163914CZ188167","2573",
"O2MS163914CZ190456","4093",
"O2MS163914CZ190931","4390",
"O2MS163914CZ188427","2808",
"O2MS163914CZ186589","1160",
"O2MS163914CZ188878","3241",
"O2MS163914CZ187183","1687",
"O2MS163914CZ187085","1599",
"O2MS163914CZ189374","3727",
"O2MS163914CZ187536","1995",
"O2MS163914CZ187796","2242",
"O2MS163914CZ190085","3839",
"O2MS163914CZ188390","2771",
"O2MS163914CZ190536","4122",
"O2MS163914CZ186552","1123",
"O2MS163914CZ188841","3205",
"O2MS163914CZ186812","1351",
"O2MS163914CZ189101","3459",
"O2MS163914CZ186714","1263",
"O2MS163914CZ187048","1563",
"O2MS163914CZ189337","3694",
"O2MS163914CZ187759","2209",
"O2MS163914CZ188019","2457",
"O2MS163914CZ188353","2736-1",
"O2MS163914CZ190308","4012",
"O2MS163914CZ188255","2656",
"O2MS163914CZ188730","3099-3101",
"O2MS163914CZ191019","4464",
"O2MS163914CZ188515","2893",
"O2MS163914CZ186677","1227",
"O2MS163914CZ188966","3324",
"O2MS163914CZ187271","1774",
"O2MS163914CZ189226","3584",
"O2MS163914CZ187531","1990",
"O2MS163914CZ187982","2420",
"O2MS163914CZ190271","3984",
"O2MS163914CZ187884","2325",
"O2MS163914CZ188693","3064",
"O2MS163914CZ190982","4425",
"O2MS163914CZ188478","2859",
"O2MS163914CZ186640","1197",
"O2MS163914CZ188595","2966",
"O2MS163914CZ190884","4350",
"O2MS163914CZ186900","1422",
"O2MS163914CZ189189","3547",
"O2MS163914CZ187136","1645",
"O2MS163914CZ187611","2065",
"O2MS163914CZ187396","1867",
"O2MS163914CZ187847","2290",
"O2MS163914CZ190611","4177",
"O2MS163914CZ188107","2523",
"O2MS163914CZ188441","2822",
"O2MS163914CZ190396","4055",
"O2MS163914CZ188558","2933",
"O2MS163914CZ186863","1397",
"O2MS163914CZ188818","3182",
"O2MS163914CZ189152","3510",
"O2MS163914CZ187123","1632",
"O2MS163914CZ186765","1314",
"O2MS163914CZ189054","3412",
"O2MS163914CZ187359","1840",
"O2MS163914CZ189314","3671",
"O2MS163914CZ190123","3862",
"O2MS163914CZ188070","2503",
"O2MS163914CZ188330","2715",
"O2MS163914CZ188781","3145",
"O2MS163914CZ186988","1508",
"O2MS163914CZ189277","3635",
"O2MS163914CZ187699","2147",
"O2MS163914CZ187484","1942",
"O2MS163914CZ188293","2684",
"O2MS163914CZ187935","2373",
"O2MS163914CZ188195","2600",
"O2MS163914CZ190484","4105",
"O2MS163914CZ188646","3017",
"O2MS163914CZ186617","1182",
"O2MS163914CZ190935","4394",
"O2MS163914CZ186951","1471",
"O2MS163914CZ188906","3267",
"O2MS163914CZ189240","3598",
"O2MS163914CZ187211","1714",
"O2MS163914CZ187662","2112",
"O2MS163914CZ187447","1911",
"O2MS163914CZ187922","2360",
"O2MS163914CZ190211","3932;4534",
"O2MS163914CZ187564","2019",
"O2MS163914CZ187824","2267",
"O2MS163914CZ190662","4218",
"O2MS163914CZ188158","2564",
"O2MS163914CZ188633","3004",
"O2MS163914CZ190922","4381",
"O2MS163914CZ188418","2799",
"O2MS163914CZ190564","4146",
"O2MS163914CZ186580","1151",
"O2MS163914CZ188869","3232",
"O2MS163914CZ190824","4311",
"O2MS163914CZ189129","3487",
"O2MS163914CZ189365","3719",
"O2MS163914CZ187787","2234",
"O2MS163914CZ190076","3830",
"O2MS163914CZ188381","2762",
"O2MS163914CZ186543","1114",
"O2MS163914CZ190787","4290",
"O2MS163914CZ186803","1347",
"O2MS163914CZ189092","3450",
"O2MS163914CZ188734","3101-2",
"O2MS163914CZ186705","1255",
"O2MS163914CZ187039","1554",
"O2MS163914CZ188994","3352",
"O2MS163914CZ187750","2200",
"O2MS163914CZ190039","3807",
"O2MS163914CZ188010","2448",
"O2MS163914CZ190299","4004",
"O2MS163914CZ190750","4266",
"O2MS163914CZ188246","2647",
"O2MS163914CZ188721","3090",
"O2MS163914CZ191010","4454",
"O2MS163914CZ188506","2885",
"O2MS163914CZ186668","1218",
"O2MS163914CZ188957","3315",
"O2MS163914CZ186928","1449",
"O2MS163914CZ187262","1765",
"O2MS163914CZ189217","3575",
"O2MS163914CZ187522","1979",
"O2MS163914CZ187164","1669",
"O2MS163914CZ187973","2411",
"O2MS163914CZ187424","1891",
"O2MS163914CZ190262","3978",
"O2MS163914CZ188233","2634",
"O2MS163914CZ190522","4119",
"O2MS163914CZ187875","2316",
"O2MS163914CZ190164","3890",
"O2MS163914CZ188469","2850",
"O2MS163914CZ190424","4078",
"O2MS163914CZ188586","2957",
"O2MS163914CZ190875","4345",
"O2MS163914CZ186891","1417",
"O2MS163914CZ189180","3538",
"O2MS163914CZ187602","2056",
"O2MS163914CZ187387","1858",
"O2MS163914CZ187838","2281",
"O2MS163914CZ190602","4171",
"O2MS163914CZ188098","2515",
"O2MS163914CZ190387","4050",
"O2MS163914CZ188549","2926",
"O2MS163914CZ188334","2719",
"O2MS163914CZ188809","3173",
"O2MS163914CZ189143","3501",
"O2MS163914CZ189403","3755",
"O2MS163914CZ186756","1305",
"O2MS163914CZ189045","3403",
"O2MS163914CZ187016","1532",
"O2MS163914CZ187350","1834",
"O2MS163914CZ189305","3662",
"O2MS163914CZ187727","2174",
"O2MS163914CZ188061","2498",
"O2MS163914CZ190350","4034",
"O2MS163914CZ188321","2706",
"O2MS163914CZ188772","3139",
"O2MS163914CZ190727","4246",
"O2MS163914CZ189032","3390",
"O2MS163914CZ188674","3045",
"O2MS163914CZ186979","1499",
"O2MS163914CZ189268","3626",
"O2MS163914CZ187690","2138",
"O2MS163914CZ187475","1935",
"O2MS163914CZ188186","2591",
"O2MS163914CZ190475","4102",
"O2MS163914CZ188637","3008",
"O2MS163914CZ186608","1179",
"O2MS163914CZ186942","1462",
"O2MS163914CZ188897","3258",
"O2MS163914CZ187202","1706",
"O2MS163914CZ186844","1382",
"O2MS163914CZ187653","2103",
"O2MS163914CZ187104","1613",
"O2MS163914CZ187913","2351",
"O2MS163914CZ190202","3924",
"O2MS163914CZ187555","00",
"O2MS163914CZ190653","4212",
"O2MS163914CZ188149","2555",
"O2MS163914CZ190913","4372",
"O2MS163914CZ188409","2790",
"O2MS163914CZ190555","4137",
"O2MS163914CZ186571","1142",
"O2MS163914CZ188860","3224",
"O2MS163914CZ190815","4306",
"O2MS163914CZ186831","1369",
"O2MS163914CZ189120","3478",
"O2MS163914CZ187067","1581",
"O2MS163914CZ189356","3710",
"O2MS163914CZ187327","1812",
"O2MS163914CZ187778","2225",
"O2MS163914CZ188372","2753",
"O2MS163914CZ190778","4283",
"O2MS163914CZ188274","2669",
"O2MS163914CZ189083","3441",
"O2MS163914CZ186696","1246",
"O2MS163914CZ188985","3343",
"O2MS163914CZ187290","1787",
"O2MS163914CZ187741","2191",
"O2MS163914CZ188001","2439",
"O2MS163914CZ190741","4260",
"O2MS163914CZ188237","2638",
"O2MS163914CZ188712","3082",
"O2MS163914CZ191001","4446",
"O2MS163914CZ188497","2877",
"O2MS163914CZ186659","1212",
"O2MS163914CZ188614","2985",
"O2MS163914CZ188948","3306",
"O2MS163914CZ186919","1441",
"O2MS163914CZ187253","1756",
"O2MS163914CZ189208","3566",
"O2MS163914CZ187513","1970",
"O2MS163914CZ187630","2084",
"O2MS163914CZ187415","1882",
"O2MS163914CZ190253","3969;4490",
"O2MS163914CZ190513","4116",
"O2MS163914CZ187866","2307",
"O2MS163914CZ190155","3884",
"O2MS163914CZ190630","4196",
"O2MS163914CZ188126","2538",
"O2MS163914CZ188460","2841",
"O2MS163914CZ190415","4070",
"O2MS163914CZ188577","2948",
"O2MS163914CZ190866","4337",
"O2MS163914CZ189171","3529",
"O2MS163914CZ189431","3793",
"O2MS163914CZ186784","1331",
"O2MS163914CZ187593","2047",
"O2MS163914CZ190593","4162",
"O2MS163914CZ188089","2512",
"O2MS163914CZ190378","4045",
"O2MS163914CZ188540","2917",
"O2MS163914CZ188800","3164",
"O2MS163914CZ186747","1296",
"O2MS163914CZ189036","3394",
"O2MS163914CZ187007","1523",
"O2MS163914CZ189296","3654",
"O2MS163914CZ187718","2166",
"O2MS163914CZ188052","2489",
"O2MS163914CZ188312","2698",
"O2MS163914CZ187954","2392",
"O2MS163914CZ188763","3130",
"O2MS163914CZ190718","4237",
"O2MS163914CZ188214","2619",
"O2MS163914CZ189023","3381",
"O2MS163914CZ188665","3036",
"O2MS163914CZ190954","4412",
"O2MS163914CZ186970","1490",
"O2MS163914CZ188925","3286",
"O2MS163914CZ189259","3617",
"O2MS163914CZ187230","1734",
"O2MS163914CZ187681","2131",
"O2MS163914CZ187466","1926",
"O2MS163914CZ190681","4222",
"O2MS163914CZ188177","2583",
"O2MS163914CZ190466","4098",
"O2MS163914CZ186599","1170",
"O2MS163914CZ188888","3249",
"O2MS163914CZ187193","1697",
"O2MS163914CZ186835","1373",
"O2MS163914CZ187095","1607",
"O2MS163914CZ190193","3915",
"O2MS163914CZ187546","2005",
"O2MS163914CZ187806","2252",
"O2MS163914CZ188140","2546",
"O2MS163914CZ190095","3848;3844",
"O2MS163914CZ188400","2781",
"O2MS163914CZ190546","4128",
"O2MS163914CZ186562","1133",
"O2MS163914CZ188851","3215",
"O2MS163914CZ190806","4303",
"O2MS163914CZ186822","1360",
"O2MS163914CZ189111","3469",
"O2MS163914CZ186724","1273",
"O2MS163914CZ189347","3704",
"O2MS163914CZ187318","1803",
"O2MS163914CZ190058","3817",
"O2MS163914CZ188029","2467",
"O2MS163914CZ188363","2744",
"O2MS163914CZ190769","4276",
"O2MS163914CZ188265","2663;cf.494",
"O2MS163914CZ188525","2902",
"O2MS163914CZ186687","1237",
"O2MS163914CZ187281","1783",
"O2MS163914CZ187992","2430",
"O2MS163914CZ190281","3993",
"O2MS163914CZ187634","2087-2",
"O2MS163914CZ187894","2335",
"O2MS163914CZ188703","3073",
"O2MS163914CZ190992","4435",
"O2MS163914CZ188488","2868",
"O2MS163914CZ190634","4200",
"O2MS163914CZ186650","1203",
"O2MS163914CZ188605","2976",
"O2MS163914CZ188939","3300",
"O2MS163914CZ190894","4358",
"O2MS163914CZ186910","1432",
"O2MS163914CZ189199","3557",
"O2MS163914CZ187146","1654",
"O2MS163914CZ187621","2075",
"O2MS163914CZ187857","2299",
"O2MS163914CZ190146","3876",
"O2MS163914CZ190621","4187",
"O2MS163914CZ188451","2832",
"O2MS163914CZ190406","4065",
"O2MS163914CZ188568","2940",
"O2MS163914CZ190857","4328",
"O2MS163914CZ188828","3192",
"O2MS163914CZ189162","3520",
"O2MS163914CZ187133","1642",
"O2MS163914CZ189422","3774",
"O2MS163914CZ186775","1322",
"O2MS163914CZ189064","3422",
"O2MS163914CZ187369","1846",
"O2MS163914CZ189324","3681",
"O2MS163914CZ190369","4039",
"O2MS163914CZ188791","3155",
"O2MS163914CZ186738","1287",
"O2MS163914CZ189287","3645",
"O2MS163914CZ187234","1737",
"O2MS163914CZ187709","2157",
"O2MS163914CZ188043","2481",
"O2MS163914CZ189998","3788",
"O2MS163914CZ187494","1952",
"O2MS163914CZ188303","2693",
"O2MS163914CZ187945","2383",
"O2MS163914CZ190234","3953;4478",
"O2MS163914CZ190709","4231",
"O2MS163914CZ188205","2610",
"O2MS163914CZ190494","4106",
"O2MS163914CZ188656","3027",
"O2MS163914CZ186627","1188",
"O2MS163914CZ190945","4403",
"O2MS163914CZ186961","1481",
"O2MS163914CZ188916","3277",
"O2MS163914CZ189250","3608",
"O2MS163914CZ187221","1725",
"O2MS163914CZ187672","2122",
"O2MS163914CZ187457","1920",
"O2MS163914CZ187932","2370",
"O2MS163914CZ190221","3941;4525",
"O2MS163914CZ187574","2029",
"O2MS163914CZ188168","2574",
"O2MS163914CZ190932","4391",
"O2MS163914CZ188428","2809",
"O2MS163914CZ186590","1161",
"O2MS163914CZ188879","3242",
"O2MS163914CZ187086","00",
"O2MS163914CZ189375","3728",
"O2MS163914CZ187537","1996",
"O2MS163914CZ187797","2243",
"O2MS163914CZ190086","3840;4162",
"O2MS163914CZ188391","2772",
"O2MS163914CZ186553","1124",
"O2MS163914CZ188842","3206",
"O2MS163914CZ186813","1352",
"O2MS163914CZ189102","3460",
"O2MS163914CZ188744","3111",
"O2MS163914CZ186715","1264",
"O2MS163914CZ187049","1564",
"O2MS163914CZ189004","3362",
"O2MS163914CZ189338","3695",
"O2MS163914CZ187760","2210",
"O2MS163914CZ188020","2458",
"O2MS163914CZ190309","4013",
"O2MS163914CZ188256","2657",
"O2MS163914CZ188731","3099",
"O2MS163914CZ188516","2894",
"O2MS163914CZ186678","1228",
"O2MS163914CZ188967","3325",
"O2MS163914CZ187272","1775",
"O2MS163914CZ189227","3585",
"O2MS163914CZ187532","1991",
"O2MS163914CZ187174","1679",
"O2MS163914CZ187983","2421",
"O2MS163914CZ190272","3985;4552",
"O2MS163914CZ187885","2326",
"O2MS163914CZ190174","3899;4547",
"O2MS163914CZ190983","4426",
"O2MS163914CZ188479","2860",
"O2MS163914CZ188596","2967",
"O2MS163914CZ190885","4351",
"O2MS163914CZ186901","1423",
"O2MS163914CZ189190","3548",
"O2MS163914CZ187137","1646",
"O2MS163914CZ187612","2066",
"O2MS163914CZ187397","1868",
"O2MS163914CZ187848","2291",
"O2MS163914CZ190612","4178",
"O2MS163914CZ190137","3871",
"O2MS163914CZ188108","2524",
"O2MS163914CZ188442","2823",
"O2MS163914CZ190397","4056",
"O2MS163914CZ188559","2934",
"O2MS163914CZ188344","2729",
"O2MS163914CZ188819","3183",
"O2MS163914CZ189153","3511",
"O2MS163914CZ189413","3765",
"O2MS163914CZ189055","3413",
"O2MS163914CZ187026","1541",
"O2MS163914CZ187360","1841",
"O2MS163914CZ189315","3672",
"O2MS163914CZ188331","2716",
"O2MS163914CZ188782","3146",
"O2MS163914CZ188684","3055",
"O2MS163914CZ186989","1509",
"O2MS163914CZ189278","3636",
"O2MS163914CZ187700","2148",
"O2MS163914CZ187485","1943",
"O2MS163914CZ187936","2374",
"O2MS163914CZ188196","2601",
"O2MS163914CZ188647","3018",
"O2MS163914CZ190936","4395",
"O2MS163914CZ186952","1472",
"O2MS163914CZ188907","3268",
"O2MS163914CZ189241","3599",
"O2MS163914CZ187212","1716",
"O2MS163914CZ187663","2113",
"O2MS163914CZ187114","1623",
"O2MS163914CZ187448","1912",
"O2MS163914CZ187923","2361",
"O2MS163914CZ190212","3933",
"O2MS163914CZ187565","2020",
"O2MS163914CZ187825","2268",
"O2MS163914CZ190663","4219",
"O2MS163914CZ188159","2565",
"O2MS163914CZ190114","3859",
"O2MS163914CZ190448","4092",
"O2MS163914CZ190923","4382",
"O2MS163914CZ188419","2800",
"O2MS163914CZ190565","4147",
"O2MS163914CZ186581","1152",
"O2MS163914CZ188870","3233",
"O2MS163914CZ189130","3488",
"O2MS163914CZ187077","1591",
"O2MS163914CZ187788","2235",
"O2MS163914CZ190077","3831",
"O2MS163914CZ188382","2763",
"O2MS163914CZ190788","4291",
"O2MS163914CZ188284","2676",
"O2MS163914CZ189093","3451",
"O2MS163914CZ188735","3102",
"O2MS163914CZ186706","1256",
"O2MS163914CZ187040","1555",
"O2MS163914CZ188995","3353",
"O2MS163914CZ187300","1793",
"O2MS163914CZ187751","2201",
"O2MS163914CZ188011","2449",
"O2MS163914CZ190300","4005",
"O2MS163914CZ190751","4267",
"O2MS163914CZ188247","2648",
"O2MS163914CZ188722","3091",
"O2MS163914CZ188507","2886",
"O2MS163914CZ186669","1219",
"O2MS163914CZ188624","2995",
"O2MS163914CZ188958","3316",
"O2MS163914CZ186929","1450",
"O2MS163914CZ187263","1766",
"O2MS163914CZ189218","3576",
"O2MS163914CZ187523","1982",
"O2MS163914CZ187165","1670",
"O2MS163914CZ187425","1892",
"O2MS163914CZ190263","3979",
"O2MS163914CZ187876","2317",
"O2MS163914CZ190165","3891",
"O2MS163914CZ188470","2851",
"O2MS163914CZ190425","4080",
"O2MS163914CZ188587","2958",
"O2MS163914CZ186892","1418",
"O2MS163914CZ189181","3539",
"O2MS163914CZ186794","1341",
"O2MS163914CZ187603","2057",
"O2MS163914CZ187388","1859",
"O2MS163914CZ187839","2282",
"O2MS163914CZ190388","4051",
"O2MS163914CZ188550","2927",
"O2MS163914CZ190839","4315",
"O2MS163914CZ188335","2720",
"O2MS163914CZ188810","3174",
"O2MS163914CZ186757","1306",
"O2MS163914CZ189046","3404",
"O2MS163914CZ187351","1835",
"O2MS163914CZ189306","3663",
"O2MS163914CZ187728","2175",
"O2MS163914CZ188062","2499",
"O2MS163914CZ190017","3794",
"O2MS163914CZ188322","2707",
"O2MS163914CZ187964","2402",
"O2MS163914CZ190728","4247",
"O2MS163914CZ188224","2626",
"O2MS163914CZ189033","3391",
"O2MS163914CZ188675","3046",
"O2MS163914CZ186980","1500",
"O2MS163914CZ189269","3627",
"O2MS163914CZ187691","2139",
"O2MS163914CZ187476","1936",
"O2MS163914CZ190691","4226",
"O2MS163914CZ188187","2592",
"O2MS163914CZ190476","4103",
"O2MS163914CZ188638","3009",
"O2MS163914CZ188898","3259",
"O2MS163914CZ187203","1707",
"O2MS163914CZ186845","1383",
"O2MS163914CZ189134","3492",
"O2MS163914CZ187439","1903",
"O2MS163914CZ189394","3746",
"O2MS163914CZ190203","3925;4531",
"O2MS163914CZ187556","2013",
"O2MS163914CZ188150","2556",
"O2MS163914CZ190105","3855",
"O2MS163914CZ188410","2791",
"O2MS163914CZ190556","4138",
"O2MS163914CZ186572","1143",
"O2MS163914CZ188861","3225",
"O2MS163914CZ190816","4307",
"O2MS163914CZ186832","1370",
"O2MS163914CZ189121","3479",
"O2MS163914CZ187068","1582",
"O2MS163914CZ189357","3711",
"O2MS163914CZ187328","1813",
"O2MS163914CZ187779","2226",
"O2MS163914CZ188373","2754",
"O2MS163914CZ190328","4019",
"O2MS163914CZ186697","1247",
"O2MS163914CZ188986","3344",
"O2MS163914CZ187742","2192",
"O2MS163914CZ188002","2440",
"O2MS163914CZ187644","2094",
"O2MS163914CZ187904","2342",
"O2MS163914CZ190742","4261",
"O2MS163914CZ188238","2639",
"O2MS163914CZ188713","3083",
"O2MS163914CZ191002","4447",
"O2MS163914CZ188498","2878",
"O2MS163914CZ186660","1213",
"O2MS163914CZ188615","2986",
"O2MS163914CZ188949","3307",
"O2MS163914CZ190904","4364",
"O2MS163914CZ186920","1442",
"O2MS163914CZ189209","3567",
"O2MS163914CZ187156","1661",
"O2MS163914CZ187631","2085",
"O2MS163914CZ187416","1883",
"O2MS163914CZ187867","2308",
"O2MS163914CZ190631","4197",
"O2MS163914CZ190156","3885",
"O2MS163914CZ188127","2539",
"O2MS163914CZ188461","2842",
"O2MS163914CZ190416","4071",
"O2MS163914CZ188578","2949",
"O2MS163914CZ189172","3530",
"O2MS163914CZ189432","3784",
"O2MS163914CZ186785","1332",
"O2MS163914CZ189074","3432",
"O2MS163914CZ187379","1851",
"O2MS163914CZ190379","4046",
"O2MS163914CZ188541","2918",
"O2MS163914CZ188801","3165",
"O2MS163914CZ186748","1297",
"O2MS163914CZ189037","3395",
"O2MS163914CZ187008","1524",
"O2MS163914CZ187342","1825",
"O2MS163914CZ189297","3655",
"O2MS163914CZ187244","1747",
"O2MS163914CZ187719","2167",
"O2MS163914CZ188053","2490",
"O2MS163914CZ187504","1962",
"O2MS163914CZ190342","4027",
"O2MS163914CZ188313","2699",
"O2MS163914CZ187955","2393",
"O2MS163914CZ190719","4238",
"O2MS163914CZ188215","2620",
"O2MS163914CZ188666","3037",
"O2MS163914CZ190955","4413",
"O2MS163914CZ186971","1491",
"O2MS163914CZ188926","3287",
"O2MS163914CZ189260","3618",
"O2MS163914CZ187231","1735",
"O2MS163914CZ187682","2132",
"O2MS163914CZ190231","3951;4471",
"O2MS163914CZ187584","2039",
"O2MS163914CZ188178","2584",
"O2MS163914CZ186600","1171",
"O2MS163914CZ188889","3250",
"O2MS163914CZ186836","1374",
"O2MS163914CZ189385","3737",
"O2MS163914CZ187547","2006",
"O2MS163914CZ187807","2253",
"O2MS163914CZ188141","2547",
"O2MS163914CZ190096","3849;3845",
"O2MS163914CZ188401","2782",
"O2MS163914CZ190547","4129",
"O2MS163914CZ186563","1134",
"O2MS163914CZ188852","3216",
"O2MS163914CZ190807","4304",
"O2MS163914CZ186823","1361",
"O2MS163914CZ189112","3470",
"O2MS163914CZ188754","3121",
"O2MS163914CZ186725","1274",
"O2MS163914CZ187059","1573",
"O2MS163914CZ189014","3372",
"O2MS163914CZ187319","1804",
"O2MS163914CZ187770","2217",
"O2MS163914CZ190059","3818",
"O2MS163914CZ188030","2468",
"O2MS163914CZ190770","4277",
"O2MS163914CZ188526","2903",
"O2MS163914CZ188977","3335",
"O2MS163914CZ187184","1688",
"O2MS163914CZ187993","2431",
"O2MS163914CZ187635","2088",
"O2MS163914CZ187895","2336",
"O2MS163914CZ190993","4438",
"O2MS163914CZ188489","2869",
"O2MS163914CZ190635","4201",
"O2MS163914CZ186651","1204",
"O2MS163914CZ188606","2977",
"O2MS163914CZ188940","3301",
"O2MS163914CZ186911","1433",
"O2MS163914CZ189200","3558",
"O2MS163914CZ187147","1655",
"O2MS163914CZ187622","2076",
"O2MS163914CZ187407","1874",
"O2MS163914CZ187858","2300",
"O2MS163914CZ190147","3877",
"O2MS163914CZ190622","4188",
"O2MS163914CZ188452","2833",
"O2MS163914CZ190407","4066",
"O2MS163914CZ188569","2941",
"O2MS163914CZ190858","4329",
"O2MS163914CZ188354","2736-2",
"O2MS163914CZ188829","3193",
"O2MS163914CZ189163","3521",
"O2MS163914CZ189423","3775",
"O2MS163914CZ186776","1323",
"O2MS163914CZ189065","3423",
"O2MS163914CZ187370","1847",
"O2MS163914CZ189325","3682",
"O2MS163914CZ188792","3156",
"O2MS163914CZ186739","1287",
"O2MS163914CZ188694","3065",
"O2MS163914CZ189288","3646",
"O2MS163914CZ187235","1738",
"O2MS163914CZ187710","2158",
"O2MS163914CZ189999","3789",
"O2MS163914CZ187495","1953",
"O2MS163914CZ187946","2384",
"O2MS163914CZ190235","3954;4479",
"O2MS163914CZ190710","4232",
"O2MS163914CZ188206","2611",
"O2MS163914CZ190495","4107",
"O2MS163914CZ188657","3028",
"O2MS163914CZ186628","1189",
"O2MS163914CZ190946","4404",
"O2MS163914CZ186962","1482",
"O2MS163914CZ188917","3278",
"O2MS163914CZ189251","3609",
"O2MS163914CZ187222","1726",
"O2MS163914CZ186864","1398",
"O2MS163914CZ187673","2123",
"O2MS163914CZ187124","1633",
"O2MS163914CZ187458","1921",
"O2MS163914CZ187933","2371",
"O2MS163914CZ190222","3942;4550",
"O2MS163914CZ187575","2030",
"O2MS163914CZ188169","2575",
"O2MS163914CZ190124","3863",
"O2MS163914CZ190933","4392",
"O2MS163914CZ188429","2810",
"O2MS163914CZ190575","4152",
"O2MS163914CZ186591","1162",
"O2MS163914CZ188880","3243",
"O2MS163914CZ189376","3729",
"O2MS163914CZ187538","1997",
"O2MS163914CZ187798","2244",
"O2MS163914CZ190087","3841",
"O2MS163914CZ188392","2773",
"O2MS163914CZ188034","2472",
"O2MS163914CZ188843","3207",
"O2MS163914CZ190798","4297",
"O2MS163914CZ188294","2685",
"O2MS163914CZ189103","3461",
"O2MS163914CZ188745","3112",
"O2MS163914CZ186716","1265",
"O2MS163914CZ187050","1565",
"O2MS163914CZ189005","3363",
"O2MS163914CZ189339","3696",
"O2MS163914CZ187761","2211",
"O2MS163914CZ188021","2459",
"O2MS163914CZ190310","4014",
"O2MS163914CZ190761","4269",
"O2MS163914CZ188257","2658",
"O2MS163914CZ188732","3100",
"O2MS163914CZ188517","2895",
"O2MS163914CZ186679","1229",
"O2MS163914CZ188968","3326",
"O2MS163914CZ187273","00",
"O2MS163914CZ189228","3586",
"O2MS163914CZ187533","1992",
"O2MS163914CZ187175","1680",
"O2MS163914CZ190273","3986",
"O2MS163914CZ187886","2327",
"O2MS163914CZ190175","3900",
"O2MS163914CZ188480","2861",
"O2MS163914CZ188597","2968",
"O2MS163914CZ186902","1424",
"O2MS163914CZ189191","3549",
"O2MS163914CZ186544","1115",
"O2MS163914CZ187138","1647",
"O2MS163914CZ187613","2067",
"O2MS163914CZ187849","2292",
"O2MS163914CZ190138","3872",
"O2MS163914CZ190613","4179",
"O2MS163914CZ188109","2525",
"O2MS163914CZ188443","2824",
"O2MS163914CZ190398","4057",
"O2MS163914CZ188560","2935",
"O2MS163914CZ190849","4321",
"O2MS163914CZ188345","2730",
"O2MS163914CZ188820","3184",
"O2MS163914CZ186767","1315",
"O2MS163914CZ189056","3414",
"O2MS163914CZ187027","1542",
"O2MS163914CZ187361","1842",
"O2MS163914CZ189316","3673",
"O2MS163914CZ190027","3800",
"O2MS163914CZ188332","2717",
"O2MS163914CZ187974","2412",
"O2MS163914CZ188783","3147",
"O2MS163914CZ188685","3056",
"O2MS163914CZ186990","1510",
"O2MS163914CZ189279","3637",
"O2MS163914CZ187701","2149",
"O2MS163914CZ187486","1944",
"O2MS163914CZ187937","2375",
"O2MS163914CZ190701","4227",
"O2MS163914CZ188197","2602",
"O2MS163914CZ188648","3019",
"O2MS163914CZ190937","4396",
"O2MS163914CZ186953","1473",
"O2MS163914CZ188908","3269",
"O2MS163914CZ189242","3600",
"O2MS163914CZ187213","1717",
"O2MS163914CZ189144","3502",
"O2MS163914CZ187115","1624",
"O2MS163914CZ187449","1913",
"O2MS163914CZ189404","3756",
"O2MS163914CZ190213","3934",
"O2MS163914CZ187566","2021",
"O2MS163914CZ187826","2269",
"O2MS163914CZ188160","2566",
"O2MS163914CZ188420","2801",
"O2MS163914CZ190566","4148",
"O2MS163914CZ186582","1153",
"O2MS163914CZ188871","3234",
"O2MS163914CZ189131","3489",
"O2MS163914CZ187078","1592",
"O2MS163914CZ189367","3720",
"O2MS163914CZ187789","2236",
"O2MS163914CZ190078","3832",
"O2MS163914CZ188383","2764",
"O2MS163914CZ190789","4292",
"O2MS163914CZ188285","2677",
"O2MS163914CZ188736","3103",
"O2MS163914CZ186707","1257",
"O2MS163914CZ187041","1556",
"O2MS163914CZ188996","3354",
"O2MS163914CZ187752","2202",
"O2MS163914CZ188012","2450",
"O2MS163914CZ190301","4006",
"O2MS163914CZ187654","2104",
"O2MS163914CZ187914","2352",
"O2MS163914CZ188248","2649",
"O2MS163914CZ188723","3092",
"O2MS163914CZ191012","4456",
"O2MS163914CZ188508","2887",
"O2MS163914CZ190654","4313",
"O2MS163914CZ186670","1220",
"O2MS163914CZ188625","2996",
"O2MS163914CZ188959","3317",
"O2MS163914CZ190914","4373",
"O2MS163914CZ186930","1451",
"O2MS163914CZ189219","3577",
"O2MS163914CZ187166","1671",
"O2MS163914CZ187426","1893",
"O2MS163914CZ187877","2318",
"O2MS163914CZ190166","3892",
"O2MS163914CZ188471","2852",
"O2MS163914CZ190426","4081",
"O2MS163914CZ188588","2959",
"O2MS163914CZ189182","3540",
"O2MS163914CZ186795","1342",
"O2MS163914CZ189084","3442",
"O2MS163914CZ187389","1860",
"O2MS163914CZ187840","2283",
"O2MS163914CZ188100","2516",
"O2MS163914CZ190389","4052",
"O2MS163914CZ188336","2721",
"O2MS163914CZ188811","3175",
"O2MS163914CZ186758","1307",
"O2MS163914CZ189047","3405",
"O2MS163914CZ187018","1533",
"O2MS163914CZ187352","1836",
"O2MS163914CZ189307","3664",
"O2MS163914CZ187254","1757",
"O2MS163914CZ187729","2176",
"O2MS163914CZ188063","2500",
"O2MS163914CZ190018","3795",
"O2MS163914CZ187514","1971",
"O2MS163914CZ188323","2708",
"O2MS163914CZ187965","2403",
"O2MS163914CZ190254","3970",
"O2MS163914CZ190729","4248",
"O2MS163914CZ188225","2627",
"O2MS163914CZ188676","3047",
"O2MS163914CZ186981","1501",
"O2MS163914CZ189270","3628",
"O2MS163914CZ187692","2140",
"O2MS163914CZ187594","2048",
"O2MS163914CZ188188","2593",
"O2MS163914CZ190594","4163",
"O2MS163914CZ188639","3010",
"O2MS163914CZ188899","3260",
"O2MS163914CZ186846","1384",
"O2MS163914CZ189135","3493",
"O2MS163914CZ187106","1615",
"O2MS163914CZ187440","1904",
"O2MS163914CZ189395","3747",
"O2MS163914CZ187817","2260",
"O2MS163914CZ188151","2557",
"O2MS163914CZ190106","3856",
"O2MS163914CZ190440","4089",
"O2MS163914CZ188411","2792",
"O2MS163914CZ186573","1144",
"O2MS163914CZ190817","4308",
"O2MS163914CZ186833","1371",
"O2MS163914CZ189122","3480",
"O2MS163914CZ188764","3131",
"O2MS163914CZ187069","1583",
"O2MS163914CZ189024","3382",
"O2MS163914CZ189358","3712",
"O2MS163914CZ187329","1814",
"O2MS163914CZ187780","2227",
"O2MS163914CZ190780","4284",
"O2MS163914CZ186698","1248",
"O2MS163914CZ188987","3345",
"O2MS163914CZ186934","1454",
"O2MS163914CZ187743","2193",
"O2MS163914CZ187194","1698",
"O2MS163914CZ188003","2441",
"O2MS163914CZ187645","2095",
"O2MS163914CZ187905","2343",
"O2MS163914CZ190743","4262",
"O2MS163914CZ188239","2640",
"O2MS163914CZ190194","3916;4567",
"O2MS163914CZ191003","a.4448",
"O2MS163914CZ188499","2879",
"O2MS163914CZ190645","4205",
"O2MS163914CZ186661","1214",
"O2MS163914CZ188616","2987",
"O2MS163914CZ188950","3308",
"O2MS163914CZ186921","1443",
"O2MS163914CZ189210","3568",
"O2MS163914CZ187157","1662",
"O2MS163914CZ187632","2086",
"O2MS163914CZ187417","1884",
"O2MS163914CZ187868","2309",
"O2MS163914CZ190157","3886",
"O2MS163914CZ190632","4198",
"O2MS163914CZ188128","2540",
"O2MS163914CZ188462","2843",
"O2MS163914CZ190417","4072",
"O2MS163914CZ188579","2950",
"O2MS163914CZ190868","4338",
"O2MS163914CZ188364","2745",
"O2MS163914CZ189173","3531",
"O2MS163914CZ189433","3785",
"O2MS163914CZ186786","1333",
"O2MS163914CZ189075","3433",
"O2MS163914CZ187380","1852",
"O2MS163914CZ188091","2512",
"O2MS163914CZ188542","2919",
"O2MS163914CZ188802","3166",
"O2MS163914CZ186749","1298",
"O2MS163914CZ188704","3074",
"O2MS163914CZ189038","3396",
"O2MS163914CZ187009","1525",
"O2MS163914CZ187343","1827",
"O2MS163914CZ189298","3656",
"O2MS163914CZ187245","1748",
"O2MS163914CZ187720","2168",
"O2MS163914CZ187505","1963",
"O2MS163914CZ190343","4028",
"O2MS163914CZ187956","2394",
"O2MS163914CZ190720","4239",
"O2MS163914CZ190245","3961",
"O2MS163914CZ188216","2621",
"O2MS163914CZ190505","4112",
"O2MS163914CZ188667","3038",
"O2MS163914CZ190956","4414",
"O2MS163914CZ186972","1492",
"O2MS163914CZ188927","3288",
"O2MS163914CZ189261","3619",
"O2MS163914CZ187232","1736",
"O2MS163914CZ187683","2133",
"O2MS163914CZ187468","1928",
"O2MS163914CZ187585","2040",
"O2MS163914CZ190683","4223",
"O2MS163914CZ188179","2585",
"O2MS163914CZ186601","1172",
"O2MS163914CZ188890","3251",
"O2MS163914CZ186837","1375",
"O2MS163914CZ189386","3738",
"O2MS163914CZ187548","2007",
"O2MS163914CZ187808","2254",
"O2MS163914CZ188142","2548",
"O2MS163914CZ190097","3850",
"O2MS163914CZ188402","2783",
"O2MS163914CZ190548","4130",
"O2MS163914CZ188044","2482",
"O2MS163914CZ188853","3217",
"O2MS163914CZ190808","4304",
"O2MS163914CZ189113","3471",
"O2MS163914CZ188755","3122",
"O2MS163914CZ186726","1275",
"O2MS163914CZ187060","1574",
"O2MS163914CZ189015","3373",
"O2MS163914CZ187771","2218",
"O2MS163914CZ190060","3819",
"O2MS163914CZ188031","2469",
"O2MS163914CZ190771","4278",
"O2MS163914CZ188527","2904",
"O2MS163914CZ186689","1239",
"O2MS163914CZ188978","3336",
"O2MS163914CZ187185","1689",
"O2MS163914CZ187636","2089",
"O2MS163914CZ187896","2337",
"O2MS163914CZ188490","2870",
"O2MS163914CZ190636","4202",
"O2MS163914CZ186652","1205",
"O2MS163914CZ188607","2978",
"O2MS163914CZ188941","3302",
"O2MS163914CZ186912","1434",
"O2MS163914CZ189201","3559",
"O2MS163914CZ186554","1125",
"O2MS163914CZ187148","1656",
"O2MS163914CZ187623","2077",
"O2MS163914CZ187408","1875",
"O2MS163914CZ187859","2301",
"O2MS163914CZ190148","3878",
"O2MS163914CZ190623","4189",
"O2MS163914CZ188119","2532",
"O2MS163914CZ188453","2834",
"O2MS163914CZ188570","2942-3049",
"O2MS163914CZ190859","4330",
"O2MS163914CZ188355","2737",
"O2MS163914CZ188830","3194",
"O2MS163914CZ186777","1324",
"O2MS163914CZ189066","3424",
"O2MS163914CZ189326","3683",
"O2MS163914CZ188082","2510",
"O2MS163914CZ187984","2422",
"O2MS163914CZ188793","3157",
"O2MS163914CZ186740","1289",
"O2MS163914CZ188695","3066",
"O2MS163914CZ190984","4427",
"O2MS163914CZ187000","1516",
"O2MS163914CZ189289","3647",
"O2MS163914CZ187236","1739",
"O2MS163914CZ187711","2159",
"O2MS163914CZ187496","1954",
"O2MS163914CZ187947","2385",
"O2MS163914CZ190236","3955;4480",
"O2MS163914CZ190711","4233",
"O2MS163914CZ188207","2612",
"O2MS163914CZ188658","3029",
"O2MS163914CZ190947","4405",
"O2MS163914CZ186963","1483",
"O2MS163914CZ188918","3279",
"O2MS163914CZ189252","3610",
"O2MS163914CZ187223","1727",
"O2MS163914CZ186865","1399",
"O2MS163914CZ189154","3512",
"O2MS163914CZ187125","1634",
"O2MS163914CZ187459","1922",
"O2MS163914CZ189414","3766",
"O2MS163914CZ190223","3943",
"O2MS163914CZ187576","2031",
"O2MS163914CZ188170","2576",
"O2MS163914CZ188430","2811",
"O2MS163914CZ190576","4153",
"O2MS163914CZ186592","1163",
"O2MS163914CZ188881","3244",
"O2MS163914CZ187088","1600",
"O2MS163914CZ189377","3730",
"O2MS163914CZ187539","1998",
"O2MS163914CZ187799","2245",
"O2MS163914CZ190088","3842",
"O2MS163914CZ188393","2774",
"O2MS163914CZ188035","2473",
"O2MS163914CZ190799","4298",
"O2MS163914CZ188295","2686",
"O2MS163914CZ188746","3113",
"O2MS163914CZ186717","1266",
"O2MS163914CZ187051","1566",
"O2MS163914CZ189006","3364",
"O2MS163914CZ189340","3697",
"O2MS163914CZ187311","1796",
"O2MS163914CZ187762","2212",
"O2MS163914CZ190051","3811",
"O2MS163914CZ188022","2460",
"O2MS163914CZ190311","4015",
"O2MS163914CZ187664","2114",
"O2MS163914CZ187924","2362",
"O2MS163914CZ188258","2659",
"O2MS163914CZ188733","3101-1",
"O2MS163914CZ188518","2896-1",
"O2MS163914CZ186680","1230",
"O2MS163914CZ188969","3327",
"O2MS163914CZ190924","4383",
"O2MS163914CZ189229","3587",
"O2MS163914CZ187176","1681",
"O2MS163914CZ187887","2328",
"O2MS163914CZ190176","3901",
"O2MS163914CZ188481","2862",
"O2MS163914CZ188598","2969",
"O2MS163914CZ190887","4352",
"O2MS163914CZ186903","1425",
"O2MS163914CZ189192","3550",
"O2MS163914CZ186545","1116",
"O2MS163914CZ188834","3198",
"O2MS163914CZ186805","1347",
"O2MS163914CZ187139","1648",
"O2MS163914CZ189094","3452",
"O2MS163914CZ187850","2293",
"O2MS163914CZ190139","3873",
"O2MS163914CZ188110","2526",
"O2MS163914CZ190399","4058",
"O2MS163914CZ188561","2936",
"O2MS163914CZ190850","4322",
"O2MS163914CZ188346","2731",
"O2MS163914CZ188821","3185",
"O2MS163914CZ186768","1316",
"O2MS163914CZ189057","3415",
"O2MS163914CZ187028","1543",
"O2MS163914CZ189317","3674",
"O2MS163914CZ187264","1767",
"O2MS163914CZ188073","2504",
"O2MS163914CZ190028","3801",
"O2MS163914CZ187524","1983",
"O2MS163914CZ190362","4037",
"O2MS163914CZ188333","2718",
"O2MS163914CZ187975","2413",
"O2MS163914CZ190264","3980",
"O2MS163914CZ188686","3057",
"O2MS163914CZ190975","4421",
"O2MS163914CZ186991","1511",
"O2MS163914CZ189280","3638",
"O2MS163914CZ187702","2150",
"O2MS163914CZ187487","1945",
"O2MS163914CZ187604","2058",
"O2MS163914CZ187938","2376",
"O2MS163914CZ190702","4228",
"O2MS163914CZ188198","2603",
"O2MS163914CZ188649","3020",
"O2MS163914CZ190938","4397",
"O2MS163914CZ188434","2815",
"O2MS163914CZ188909","3270",
"O2MS163914CZ189243","3601",
"O2MS163914CZ186856","1390",
"O2MS163914CZ189145","3503",
"O2MS163914CZ187116","1625",
"O2MS163914CZ187450","1914",
"O2MS163914CZ189405","3757",
"O2MS163914CZ187567","2022",
"O2MS163914CZ187827","2270",
"O2MS163914CZ188161","2567",
"O2MS163914CZ190116","3859",
"O2MS163914CZ190450","4092",
"O2MS163914CZ188421","2802",
"O2MS163914CZ190567","4149",
"O2MS163914CZ188872","3235",
"O2MS163914CZ189132","3490",
"O2MS163914CZ187079","1593",
"O2MS163914CZ189368","3721",
"O2MS163914CZ187790","2237",
"O2MS163914CZ190079","3833;4551",
"O2MS163914CZ190790","4293",
"O2MS163914CZ188286","2678",
"O2MS163914CZ188737","3104",
"O2MS163914CZ186708","1258",
"O2MS163914CZ187042","1557",
"O2MS163914CZ188997","3355",
"O2MS163914CZ186944","1464",
"O2MS163914CZ187753","2203",
"O2MS163914CZ187204","1798",
"O2MS163914CZ188013","2451",
"O2MS163914CZ190302","4007",
"O2MS163914CZ187655","2105",
"O2MS163914CZ187915","2353",
"O2MS163914CZ190753","4267",
"O2MS163914CZ188249","2650",
"O2MS163914CZ188509","2888",
"O2MS163914CZ190655","4314",
"O2MS163914CZ186671","1221",
"O2MS163914CZ188626","2997",
"O2MS163914CZ188960","3318",
"O2MS163914CZ190915","4374",
"O2MS163914CZ186931","1452",
"O2MS163914CZ189220","3578",
"O2MS163914CZ187167","1672",
"O2MS163914CZ187427","1894",
"O2MS163914CZ187878","2319",
"O2MS163914CZ188472","2853",
"O2MS163914CZ190427","4082",
"O2MS163914CZ188589","2960",
"O2MS163914CZ188374","2755",
"O2MS163914CZ189183","3541",
"O2MS163914CZ186796","1343",
"O2MS163914CZ189085","3443",
"O2MS163914CZ187390","1861",
"O2MS163914CZ187841","2284",
"O2MS163914CZ188101","2517",
"O2MS163914CZ188552","2928",
"O2MS163914CZ190841","4316",
"O2MS163914CZ188337","2722",
"O2MS163914CZ188812","3176",
"O2MS163914CZ186759","1308",
"O2MS163914CZ189048","3406",
"O2MS163914CZ187019","1534",
"O2MS163914CZ187353","1837",
"O2MS163914CZ189308","3665",
"O2MS163914CZ187255","1758",
"O2MS163914CZ187730","2177-2181",
"O2MS163914CZ187515","1972",
"O2MS163914CZ187966","2404",
"O2MS163914CZ190255","3971;4564",
"O2MS163914CZ190730","4249",
"O2MS163914CZ190515","4117",
"O2MS163914CZ188677","3048",
"O2MS163914CZ190966","4420",
"O2MS163914CZ186982","1502",
"O2MS163914CZ189271","3629",
"O2MS163914CZ186884","1413",
"O2MS163914CZ187693","2141",
"O2MS163914CZ187595","2049",
"O2MS163914CZ188189","2594",
"O2MS163914CZ188640","3011",
"O2MS163914CZ190595","4164",
"O2MS163914CZ188900","3261",
"O2MS163914CZ186847","1385",
"O2MS163914CZ189136","3494",
"O2MS163914CZ187107","1616",
"O2MS163914CZ187441","1905",
"O2MS163914CZ189396","3748",
"O2MS163914CZ187558","2014",
"O2MS163914CZ187818","2261",
"O2MS163914CZ188152","2558",
"O2MS163914CZ190107","3857",
"O2MS163914CZ190441","4090",
"O2MS163914CZ188412","2793",
"O2MS163914CZ190558","4140",
"O2MS163914CZ188054","2491",
"O2MS163914CZ188863","3226",
"O2MS163914CZ190818","4309",
"O2MS163914CZ188314","2700",
"O2MS163914CZ189123","3481",
"O2MS163914CZ188765","3132",
"O2MS163914CZ189025","3383",
"O2MS163914CZ189359","3713",
"O2MS163914CZ187330","1815",
"O2MS163914CZ187781","2228",
"O2MS163914CZ190070","3824",
"O2MS163914CZ190781","4285",
"O2MS163914CZ186699","1249",
"O2MS163914CZ188988","3346",
"O2MS163914CZ186935","1455",
"O2MS163914CZ187195","1699",
"O2MS163914CZ190293","3998",
"O2MS163914CZ187646","2096",
"O2MS163914CZ187906","2344",
"O2MS163914CZ188240","2641",
"O2MS163914CZ190195","3917",
"O2MS163914CZ188500","2880-1",
"O2MS163914CZ190646","4206",
"O2MS163914CZ186662","1215",
"O2MS163914CZ188617","2988",
"O2MS163914CZ188951","3309",
"O2MS163914CZ190906","4365",
"O2MS163914CZ186922","1444",
"O2MS163914CZ189211","3569",
"O2MS163914CZ186564","1135",
"O2MS163914CZ186824","1362",
"O2MS163914CZ187158","1663",
"O2MS163914CZ187633","2087-1",
"O2MS163914CZ187418","1885",
"O2MS163914CZ187869","2310",
"O2MS163914CZ190158","3887",
"O2MS163914CZ190633","4199",
"O2MS163914CZ188129","2541",
"O2MS163914CZ188463","2844",
"O2MS163914CZ190418","4073",
"O2MS163914CZ188580","2951",
"O2MS163914CZ190869","4339",
"O2MS163914CZ188365","2746",
"O2MS163914CZ186787","1334",
"O2MS163914CZ189076","3434",
"O2MS163914CZ190381","4047",
"O2MS163914CZ187734","2185",
"O2MS163914CZ188543","2920",
"O2MS163914CZ187994","2432",
"O2MS163914CZ188803","3167",
"O2MS163914CZ190734","4253",
"O2MS163914CZ186750","1299",
"O2MS163914CZ188705","3075",
"O2MS163914CZ189039","3397",
"O2MS163914CZ190994","4439",
"O2MS163914CZ187010","1526",
"O2MS163914CZ189299","3657",
"O2MS163914CZ187246","1749",
"O2MS163914CZ187721","2169",
"O2MS163914CZ187506","1964",
"O2MS163914CZ187957","2395",
"O2MS163914CZ190246","3962",
"O2MS163914CZ190721","4240",
"O2MS163914CZ188217","2622",
"O2MS163914CZ190506","4113",
"O2MS163914CZ188668","3039",
"O2MS163914CZ190957","4415",
"O2MS163914CZ186973","1493",
"O2MS163914CZ188928","3289",
"O2MS163914CZ189262","3620",
"O2MS163914CZ186875","1405",
"O2MS163914CZ189164","3522",
"O2MS163914CZ187469","1929",
"O2MS163914CZ189424","3776",
"O2MS163914CZ190233","3952;4477",
"O2MS163914CZ187586","2041",
"O2MS163914CZ188180","2586",
"O2MS163914CZ186602","1173",
"O2MS163914CZ188891","3252",
"O2MS163914CZ186838","1376",
"O2MS163914CZ189387","3739",
"O2MS163914CZ187549","2008",
"O2MS163914CZ187334","1819",
"O2MS163914CZ187809","2255",
"O2MS163914CZ188143","2549",
"O2MS163914CZ190098","3851",
"O2MS163914CZ188403","2784",
"O2MS163914CZ190549","4131",
"O2MS163914CZ190334","4022;4023",
"O2MS163914CZ190809","4305",
"O2MS163914CZ188756","3123",
"O2MS163914CZ186727","1276",
"O2MS163914CZ187061","1575",
"O2MS163914CZ189016","3374",
"O2MS163914CZ187772","2219",
"O2MS163914CZ190061","3820",
"O2MS163914CZ188032","2470",
"O2MS163914CZ190321","4016",
"O2MS163914CZ187674","2124",
"O2MS163914CZ190772","4279",
"O2MS163914CZ188528","2905",
"O2MS163914CZ186690","1240",
"O2MS163914CZ188979","3337",
"O2MS163914CZ187186","1690",
"O2MS163914CZ187637","2090",
"O2MS163914CZ187897","2338",
"O2MS163914CZ190186","3908",
"O2MS163914CZ188491","2871",
"O2MS163914CZ186653","1206",
"O2MS163914CZ188608","2979",
"O2MS163914CZ188942","3303",
"O2MS163914CZ186913","1435",
"O2MS163914CZ189202","3560",
"O2MS163914CZ186555","1126",
"O2MS163914CZ188844","3208",
"O2MS163914CZ186815","1353",
"O2MS163914CZ187149","1657",
"O2MS163914CZ189104","3462",
"O2MS163914CZ187409","1876",
"O2MS163914CZ187860","2302",
"O2MS163914CZ190149","3879",
"O2MS163914CZ188120","2533",
"O2MS163914CZ190409","4067",
"O2MS163914CZ188571","2942",
"O2MS163914CZ190860","4331",
"O2MS163914CZ188356","2738",
"O2MS163914CZ188831","3195",
"O2MS163914CZ186778","1325",
"O2MS163914CZ189067","3425",
"O2MS163914CZ187372","1848",
"O2MS163914CZ189327","3684",
"O2MS163914CZ187274","1776",
"O2MS163914CZ187985","2423",
"O2MS163914CZ190274","3987",
"O2MS163914CZ186741","1290",
"O2MS163914CZ188696","3067",
"O2MS163914CZ190985","4428",
"O2MS163914CZ187001","1517",
"O2MS163914CZ189290","3648",
"O2MS163914CZ187237","1740",
"O2MS163914CZ187712","2160",
"O2MS163914CZ187497","1955",
"O2MS163914CZ187614","2068",
"O2MS163914CZ187948","2386",
"O2MS163914CZ190237","3956;4481",
"O2MS163914CZ190712","4234",
"O2MS163914CZ188208","2613",
"O2MS163914CZ190497","4108",
"O2MS163914CZ188659","3030",
"O2MS163914CZ190614","4180",
"O2MS163914CZ190948","4406",
"O2MS163914CZ188444","2825",
"O2MS163914CZ188919","3280",
"O2MS163914CZ189253","3611",
"O2MS163914CZ186866","1400",
"O2MS163914CZ189155","3513",
"O2MS163914CZ187126","1635",
"O2MS163914CZ189415","3767",
"O2MS163914CZ187577","2032",
"O2MS163914CZ188171","2577",
"O2MS163914CZ190126","3864",
"O2MS163914CZ190460","4094",
"O2MS163914CZ188431","2812",
"O2MS163914CZ190577","4254",
"O2MS163914CZ186593","1164",
"O2MS163914CZ188882","3245-1",
"O2MS163914CZ188784","3148",
"O2MS163914CZ187089","1601",
"O2MS163914CZ189378","3731",
"O2MS163914CZ187540","1999",
"O2MS163914CZ187800","2246",
"O2MS163914CZ190089","3843",
"O2MS163914CZ190540","4123",
"O2MS163914CZ188036","2474",
"O2MS163914CZ190800","4299",
"O2MS163914CZ188296","2687",
"O2MS163914CZ188747","3114",
"O2MS163914CZ187052","1567",
"O2MS163914CZ189007","3365",
"O2MS163914CZ189341","3698",
"O2MS163914CZ187312","1797",
"O2MS163914CZ186954","1474",
"O2MS163914CZ187763","2213",
"O2MS163914CZ187214","1718",
"O2MS163914CZ188023","2461",
"O2MS163914CZ187665","2115",
"O2MS163914CZ187925","2363",
"O2MS163914CZ190763","4270",
"O2MS163914CZ188259","2660",
"O2MS163914CZ190214","3935",
"O2MS163914CZ188519","2896-2",
"O2MS163914CZ190665","4220",
"O2MS163914CZ186681","1231",
"O2MS163914CZ188970","3328",
"O2MS163914CZ190925","4384",
"O2MS163914CZ189230","3588",
"O2MS163914CZ187177","1682",
"O2MS163914CZ187888","2329",
"O2MS163914CZ190177","3902;4467",
"O2MS163914CZ188482","2863",
"O2MS163914CZ188599","2970",
"O2MS163914CZ190888","4353",
"O2MS163914CZ188384","2765",
"O2MS163914CZ189193","3551",
"O2MS163914CZ186546","1117",
"O2MS163914CZ188835","3199",
"O2MS163914CZ189095","3453",
"O2MS163914CZ187851","2294",
"O2MS163914CZ188111","2527",
"O2MS163914CZ190400","4059",
"O2MS163914CZ188347","2732",
"O2MS163914CZ188822","3186",
"O2MS163914CZ186769","1317",
"O2MS163914CZ188724","3093",
"O2MS163914CZ189058","3416",
"O2MS163914CZ187029","1544",
"O2MS163914CZ187363","1843",
"O2MS163914CZ189318","3675",
"O2MS163914CZ187265","1768",
"O2MS163914CZ190029","3802",
"O2MS163914CZ187525","1984",
"O2MS163914CZ187976","2414",
"O2MS163914CZ188687","3058",
"O2MS163914CZ186992","1512",
"O2MS163914CZ189281","3639",
"O2MS163914CZ186894","1419",
"O2MS163914CZ187703","2151",
"O2MS163914CZ187488","1946",
"O2MS163914CZ187605","2059",
"O2MS163914CZ187939","2377",
"O2MS163914CZ188199","2604",
"O2MS163914CZ190488","4106",
"O2MS163914CZ188650","3021",
"O2MS163914CZ186621","1183",
"O2MS163914CZ190939","4398",
"O2MS163914CZ188435","2816",
"O2MS163914CZ188910","3271",
"O2MS163914CZ186857","1391",
"O2MS163914CZ189146","3504",
"O2MS163914CZ187117","1626",
"O2MS163914CZ187451","1915",
"O2MS163914CZ187568","2023",
"O2MS163914CZ187828","2271",
"O2MS163914CZ188162","2568",
"O2MS163914CZ188422","2803",
"O2MS163914CZ188873","3236",
"O2MS163914CZ190828","4312",
"O2MS163914CZ188324","2709",
"O2MS163914CZ188324","2696/525",
"O2MS163914CZ189133","3491",
"O2MS163914CZ187080","1594",
"O2MS163914CZ189369","3722",
"O2MS163914CZ187791","327-",
"O2MS163914CZ190080","3834",
"O2MS163914CZ190791","4294",
"O2MS163914CZ188287","2679",
"O2MS163914CZ188738","3105",
"O2MS163914CZ186709","1259",
"O2MS163914CZ187043","1558",
"O2MS163914CZ188998","3356",
"O2MS163914CZ186945","1465",
"O2MS163914CZ189234","3592",
"O2MS163914CZ187205","1709",
"O2MS163914CZ190043","3807",
"O2MS163914CZ190303","4008",
"O2MS163914CZ187656","2106",
"O2MS163914CZ187916","2354",
"O2MS163914CZ188250","2651",
"O2MS163914CZ190205","3927;4533",
"O2MS163914CZ188510","2889",
"O2MS163914CZ190656","4315",
"O2MS163914CZ186672","1222",
"O2MS163914CZ188627","2998",
"O2MS163914CZ188961","3319",
"O2MS163914CZ190916","4375",
"O2MS163914CZ186932","1453",
"O2MS163914CZ189221","3579",
"O2MS163914CZ186574","1145",
"O2MS163914CZ187168","1673",
"O2MS163914CZ187428","1895",
"O2MS163914CZ187879","2320",
"O2MS163914CZ190168","3894",
"O2MS163914CZ188473","2854",
"O2MS163914CZ190428","4083",
"O2MS163914CZ188590","2961",
"O2MS163914CZ188375","2756",
"O2MS163914CZ186797","1344",
"O2MS163914CZ189086","3444",
"O2MS163914CZ187842","2285",
"O2MS163914CZ188102","2518",
"O2MS163914CZ190391","4053",
"O2MS163914CZ187744","2194",
"O2MS163914CZ188553","2929",
"O2MS163914CZ188004","2442",
"O2MS163914CZ190842","4317",
"O2MS163914CZ188338","2723",
"O2MS163914CZ188813","3177",
"O2MS163914CZ190744","4263",
"O2MS163914CZ186760","1309",
"O2MS163914CZ188715","3084",
"O2MS163914CZ191004","4449",
"O2MS163914CZ189049","3407",
"O2MS163914CZ187020","1535",
"O2MS163914CZ189309","3666",
"O2MS163914CZ187256","1759",
"O2MS163914CZ187731","2182",
"O2MS163914CZ190020","3796",
"O2MS163914CZ187516","1973",
"O2MS163914CZ187967","2405",
"O2MS163914CZ190256","3972;4565",
"O2MS163914CZ190731","4250",
"O2MS163914CZ188227","2628",
"O2MS163914CZ190516","4118",
"O2MS163914CZ188678","3049",
"O2MS163914CZ190967","toh:4420-2",
"O2MS163914CZ186983","1503",
"O2MS163914CZ189272","3630",
"O2MS163914CZ186885","1414",
"O2MS163914CZ189174","3532",
"O2MS163914CZ187479","1937",
"O2MS163914CZ187596","2050",
"O2MS163914CZ188190","2595",
"O2MS163914CZ188641","3012",
"O2MS163914CZ190596","4165",
"O2MS163914CZ188901","3262",
"O2MS163914CZ186848","1386",
"O2MS163914CZ189137","3495",
"O2MS163914CZ187108","1617",
"O2MS163914CZ187442","1906",
"O2MS163914CZ189397","3749",
"O2MS163914CZ187559","2014",
"O2MS163914CZ187344","1828",
"O2MS163914CZ187819","2262",
"O2MS163914CZ188153","2559",
"O2MS163914CZ190108","3858",
"O2MS163914CZ188413","2794",
"O2MS163914CZ190559","4141",
"O2MS163914CZ188055","2492",
"O2MS163914CZ190344","4029",
"O2MS163914CZ190819","4310",
"O2MS163914CZ188315","2701",
"O2MS163914CZ188766","3133",
"O2MS163914CZ187071","1585",
"O2MS163914CZ189026","3384",
"O2MS163914CZ189360","3714",
"O2MS163914CZ187331","1816",
"O2MS163914CZ187782","2229",
"O2MS163914CZ190071","3825",
"O2MS163914CZ187684","2134",
"O2MS163914CZ190782","4286",
"O2MS163914CZ188278","2670",
"O2MS163914CZ190684","4224",
"O2MS163914CZ186700","1250",
"O2MS163914CZ188989","3347",
"O2MS163914CZ186936","1456",
"O2MS163914CZ187196","1700",
"O2MS163914CZ187647","2097",
"O2MS163914CZ187907","2345",
"O2MS163914CZ188241","2642",
"O2MS163914CZ190196","3918",
"O2MS163914CZ188501","2880-2",
"O2MS163914CZ190647","4207",
"O2MS163914CZ186663","1216",
"O2MS163914CZ188618","2989",
"O2MS163914CZ188952","3310",
"O2MS163914CZ190907","4366",
"O2MS163914CZ186923","1445",
"O2MS163914CZ189212","3570",
"O2MS163914CZ186565","1136",
"O2MS163914CZ188854","3218",
"O2MS163914CZ186825","1363",
"O2MS163914CZ187159","1664",
"O2MS163914CZ189114","3472",
"O2MS163914CZ187419","1886",
"O2MS163914CZ187870","2311",
"O2MS163914CZ190159","3888",
"O2MS163914CZ188130","2542",
"O2MS163914CZ190419","4074;4539",
"O2MS163914CZ188581","2952",
"O2MS163914CZ190870","4340",
"O2MS163914CZ188366","2747",
"O2MS163914CZ186788","1335",
"O2MS163914CZ189077","3435",
"O2MS163914CZ187382","1853",
"O2MS163914CZ187735","2186",
"O2MS163914CZ187995","2433",
"O2MS163914CZ190735","4254",
"O2MS163914CZ186751","1300",
"O2MS163914CZ188706","3076",
"O2MS163914CZ189040","3398",
"O2MS163914CZ190995","4440",
"O2MS163914CZ187011","1527",
"O2MS163914CZ189300","3658",
"O2MS163914CZ187247","1750",
"O2MS163914CZ187722","2170",
"O2MS163914CZ190011","3791",
"O2MS163914CZ187507","1965",
"O2MS163914CZ187624","2078",
"O2MS163914CZ187958","2396",
"O2MS163914CZ190247","3963",
"O2MS163914CZ190722","4241",
"O2MS163914CZ188218","2623",
"O2MS163914CZ188669","3040",
"O2MS163914CZ190624","4190",
"O2MS163914CZ190958","4416",
"O2MS163914CZ188454","2835",
"O2MS163914CZ188929","3290",
"O2MS163914CZ189263","3621",
"O2MS163914CZ186876","1406",
"O2MS163914CZ189165","3523",
"O2MS163914CZ187470","1930",
"O2MS163914CZ189425","3777",
"O2MS163914CZ187587","2042",
"O2MS163914CZ188181","2587",
"O2MS163914CZ190470","4099;326",
"O2MS163914CZ190587","4156",
"O2MS163914CZ186603","1174",
"O2MS163914CZ188892","3253",
"O2MS163914CZ188534","2911",
"O2MS163914CZ186839","1377",
"O2MS163914CZ188794","3158",
"O2MS163914CZ187099","1608",
"O2MS163914CZ189388","3740",
"O2MS163914CZ187550","2008?",
"O2MS163914CZ187335","1820",
"O2MS163914CZ187810","2256",
"O2MS163914CZ190099","3852",
"O2MS163914CZ188046","2483",
"O2MS163914CZ190335","4023;4022",
"O2MS163914CZ188757","3124",
"O2MS163914CZ186728","1277",
"O2MS163914CZ187062","1576",
"O2MS163914CZ189017","3375",
"O2MS163914CZ189351","3705",
"O2MS163914CZ187322","1807",
"O2MS163914CZ187773","2220",
"O2MS163914CZ187224","1728",
"O2MS163914CZ190062","3821",
"O2MS163914CZ188033","2471",
"O2MS163914CZ190322","4017",
"O2MS163914CZ187675","2125",
"O2MS163914CZ190773","4280",
"O2MS163914CZ188269","2664",
"O2MS163914CZ190224","3944",
"O2MS163914CZ188529","2906",
"O2MS163914CZ190675","4221",
"O2MS163914CZ186691","1241",
"O2MS163914CZ188980","3338",
"O2MS163914CZ187187","1691",
"O2MS163914CZ187638","2091",
"O2MS163914CZ187898","2339",
"O2MS163914CZ190187","3909",
"O2MS163914CZ188492","2872",
"O2MS163914CZ188134","2543",
"O2MS163914CZ188609","2980",
"O2MS163914CZ188943","3304",
"O2MS163914CZ190898","4358",
"O2MS163914CZ188394","2775",
"O2MS163914CZ189203","3561",
"O2MS163914CZ186556","1127",
"O2MS163914CZ188845","3209",
"O2MS163914CZ186816","1354",
"O2MS163914CZ187150","1658",
"O2MS163914CZ189105","3463",
"O2MS163914CZ187410","1877",
"O2MS163914CZ187861","2303",
"O2MS163914CZ190150","3880",
"O2MS163914CZ188121","2534",
"O2MS163914CZ190410","4068",
"O2MS163914CZ188572","2943",
"O2MS163914CZ188357","2739",
"O2MS163914CZ188832","3196",
"O2MS163914CZ186779","1326",
"O2MS163914CZ189068","3426",
"O2MS163914CZ187373","1849",
"O2MS163914CZ189328","3685",
"O2MS163914CZ187275","1777",
"O2MS163914CZ190373","4040",
"O2MS163914CZ187986","2424",
"O2MS163914CZ190275","3988",
"O2MS163914CZ186742","1291",
"O2MS163914CZ188697","3068",
"O2MS163914CZ190986","4429",
"O2MS163914CZ187002","1518",
"O2MS163914CZ189291","3649",
"O2MS163914CZ186644","1198",
"O2MS163914CZ186904","1426",
"O2MS163914CZ187238","1741",
"O2MS163914CZ187713","2161",
"O2MS163914CZ187498","1956",
"O2MS163914CZ187615","2069",
"O2MS163914CZ187949","2387",
"O2MS163914CZ190238","3957;4482",
"O2MS163914CZ190713","4235",
"O2MS163914CZ188209","2614",
"O2MS163914CZ190498","4109",
"O2MS163914CZ188660","3031",
"O2MS163914CZ190949","4407",
"O2MS163914CZ188445","2826",
"O2MS163914CZ188920","3281",
"O2MS163914CZ189156","3514",
"O2MS163914CZ187127","1636",
"O2MS163914CZ189416","3768",
"O2MS163914CZ187578","2033",
"O2MS163914CZ188172","2578",
"O2MS163914CZ190127","3865",
"O2MS163914CZ188432","2813",
"O2MS163914CZ188074","2505",
"O2MS163914CZ188883","3245-2",
"O2MS163914CZ188785","3149",
"O2MS163914CZ187090","1602",
"O2MS163914CZ189379","3732",
"O2MS163914CZ187541","2000",
"O2MS163914CZ187801","2247",
"O2MS163914CZ190090","3844;3848",
"O2MS163914CZ190541","4124",
"O2MS163914CZ188037","2475",
"O2MS163914CZ190801","4300",
"O2MS163914CZ188297","2688",
"O2MS163914CZ188748","3115",
"O2MS163914CZ186719","1268",
"O2MS163914CZ187053","1568",
"O2MS163914CZ189008","3366",
"O2MS163914CZ189342","3699",
"O2MS163914CZ187313","1798",
"O2MS163914CZ186955","1475",
"O2MS163914CZ189244","3602",
"O2MS163914CZ187215","1719",
"O2MS163914CZ190053","3812",
"O2MS163914CZ187666","2116",
"O2MS163914CZ187926","2364",
"O2MS163914CZ188260","2661",
"O2MS163914CZ190215","3936",
"O2MS163914CZ188520","2897",
"O2MS163914CZ186682","1232",
"O2MS163914CZ188971","3329",
"O2MS163914CZ190926","4385",
"O2MS163914CZ189231","3589",
"O2MS163914CZ186584","1155",
"O2MS163914CZ187889","2330",
"O2MS163914CZ190178","3903",
"O2MS163914CZ188483","2864",
"O2MS163914CZ188600","2971",
"O2MS163914CZ190889","4354",
"O2MS163914CZ188385","2766",
"O2MS163914CZ186547","1118",
"O2MS163914CZ188836","3200",
"O2MS163914CZ187141","1649",
"O2MS163914CZ189096","3454",
"O2MS163914CZ187401","1869",
"O2MS163914CZ187852","2295",
"O2MS163914CZ188112","2528",
"O2MS163914CZ190401","4060",
"O2MS163914CZ187754","2204",
"O2MS163914CZ188014","2452",
"O2MS163914CZ190852","4323",
"O2MS163914CZ188348","2733",
"O2MS163914CZ188823","3187",
"O2MS163914CZ186770","1318",
"O2MS163914CZ188725","3094",
"O2MS163914CZ189059","3417",
"O2MS163914CZ191014","4459",
"O2MS163914CZ187030","1545",
"O2MS163914CZ189319","3676",
"O2MS163914CZ187266","1769",
"O2MS163914CZ187526","1985",
"O2MS163914CZ187977","2415",
"O2MS163914CZ190526","4120",
"O2MS163914CZ188688","3059",
"O2MS163914CZ186993","1513",
"O2MS163914CZ189282","3640",
"O2MS163914CZ186635","1192",
"O2MS163914CZ189184","3542",
"O2MS163914CZ187489","1947",
"O2MS163914CZ187606","2060",
"O2MS163914CZ187940","2378",
"O2MS163914CZ188200","2605",
"O2MS163914CZ188651","3022",
"O2MS163914CZ190606","4172",
"O2MS163914CZ186622","1184",
"O2MS163914CZ190940","4399",
"O2MS163914CZ188436","2817",
"O2MS163914CZ188911","3272",
"O2MS163914CZ186858","1392",
"O2MS163914CZ189147","3505",
"O2MS163914CZ187118","1627",
"O2MS163914CZ187452","1916",
"O2MS163914CZ189407","3759",
"O2MS163914CZ187569","2024",
"O2MS163914CZ187829","2272",
"O2MS163914CZ188163","2569",
"O2MS163914CZ188423","2804",
"O2MS163914CZ188065","2501",
"O2MS163914CZ190354","4034",
"O2MS163914CZ188325","2710",
"O2MS163914CZ188325","2696/525",
"O2MS163914CZ188776","3140-55555",
"O2MS163914CZ187081","1595",
"O2MS163914CZ189370","3723",
"O2MS163914CZ187792","2238",
"O2MS163914CZ190081","3835",
"O2MS163914CZ187694","2142",
"O2MS163914CZ190792","4295",
"O2MS163914CZ188288","2680",
"O2MS163914CZ188739","3106",
"O2MS163914CZ186710","1260",
"O2MS163914CZ188999","3357",
"O2MS163914CZ186946","1466",
"O2MS163914CZ189235","3593",
"O2MS163914CZ187206","1710",
"O2MS163914CZ187657","2107",
"O2MS163914CZ187917","2355",
"O2MS163914CZ188251","2652",
"O2MS163914CZ190206","3928;4476",
"O2MS163914CZ188511","2890",
"O2MS163914CZ190657","4316",
"O2MS163914CZ186673","1223",
"O2MS163914CZ188628","2999",
"O2MS163914CZ188962","3320",
"O2MS163914CZ190917","4376",
"O2MS163914CZ189222","3580",
"O2MS163914CZ186575","1146",
"O2MS163914CZ188864","3227",
"O2MS163914CZ187169","1674",
"O2MS163914CZ189124","3482",
"O2MS163914CZ187429","1896",
"O2MS163914CZ187880","2321",
"O2MS163914CZ190169","3895",
"O2MS163914CZ190429","4084",
"O2MS163914CZ188591","2962",
"O2MS163914CZ190880","4346",
"O2MS163914CZ188376","2757",
"O2MS163914CZ186538","1109",
"O2MS163914CZ186798","1342",
"O2MS163914CZ189087","3445",
"O2MS163914CZ187034","1549",
"O2MS163914CZ187843","2286",
"O2MS163914CZ187294","1788",
"O2MS163914CZ188103","2519",
"O2MS163914CZ190392","4054",
"O2MS163914CZ187745","2195",
"O2MS163914CZ188005","2443",
"O2MS163914CZ190843","4318",
"O2MS163914CZ188339","2724",
"O2MS163914CZ190294","3999",
"O2MS163914CZ190745","4264",
"O2MS163914CZ186761","1310",
"O2MS163914CZ188716","3085",
"O2MS163914CZ189050","3408",
"O2MS163914CZ191005","4450",
"O2MS163914CZ187021","1536",
"O2MS163914CZ189310","3667",
"O2MS163914CZ187257","1760",
"O2MS163914CZ187732","2183",
"O2MS163914CZ190021","3797",
"O2MS163914CZ187517","1974",
"O2MS163914CZ187968","2406",
"O2MS163914CZ190257","3973",
"O2MS163914CZ190732","4251",
"O2MS163914CZ188228","2629",
"O2MS163914CZ188679","3050",
"O2MS163914CZ188464","2845",
"O2MS163914CZ189273","3631",
"O2MS163914CZ189175","3533",
"O2MS163914CZ187480","1938",
"O2MS163914CZ187597","2051",
"O2MS163914CZ188191","2596",
"O2MS163914CZ188642","3013",
"O2MS163914CZ190597","4166",
"O2MS163914CZ188902","3263",
"O2MS163914CZ188544","2921",
"O2MS163914CZ186849","1387",
"O2MS163914CZ188804","3168",
"O2MS163914CZ189138","3496",
"O2MS163914CZ187109","1618",
"O2MS163914CZ187443","1907",
"O2MS163914CZ189398","3750",
"O2MS163914CZ187560","2015",
"O2MS163914CZ187345","1829",
"O2MS163914CZ187820","2263",
"O2MS163914CZ190443","4090",
"O2MS163914CZ190560","4142",
"O2MS163914CZ188056","2493",
"O2MS163914CZ190345","4030",
"O2MS163914CZ190820","4311",
"O2MS163914CZ188767","3134",
"O2MS163914CZ187072","1586",
"O2MS163914CZ189027","3385",
"O2MS163914CZ189361","3715",
"O2MS163914CZ187332","1817",
"O2MS163914CZ186974","1494",
"O2MS163914CZ187783","2230",
"O2MS163914CZ190072","3826",
"O2MS163914CZ190332","4020",
"O2MS163914CZ187685","2135",
"O2MS163914CZ188279","2671",
"O2MS163914CZ186701","1251",
"O2MS163914CZ188990","3348",
"O2MS163914CZ187197","1701",
"O2MS163914CZ187648","2098",
"O2MS163914CZ187908","2346",
"O2MS163914CZ188242","2643",
"O2MS163914CZ188502","2881",
"O2MS163914CZ190648","4208",
"O2MS163914CZ188144","2550",
"O2MS163914CZ188619","2990",
"O2MS163914CZ188953","3311",
"O2MS163914CZ190908","4367",
"O2MS163914CZ188404","2785",
"O2MS163914CZ189213","3571",
"O2MS163914CZ186566","1137",
"O2MS163914CZ188855","3219",
"O2MS163914CZ186826","1364",
"O2MS163914CZ187160","1665",
"O2MS163914CZ189115","3473",
"O2MS163914CZ187420","1887",
"O2MS163914CZ187871","2312",
"O2MS163914CZ190160","3889",
"O2MS163914CZ190420","4075;4544",
"O2MS163914CZ188582","2953",
"O2MS163914CZ188367","2748",
"O2MS163914CZ186789","1336",
"O2MS163914CZ189078","3436",
"O2MS163914CZ187285","1784",
"O2MS163914CZ187736","2187",
"O2MS163914CZ187996","2434",
"O2MS163914CZ190285","3994",
"O2MS163914CZ190736","4255",
"O2MS163914CZ186752","1301",
"O2MS163914CZ188707","3077",
"O2MS163914CZ190996","4441",
"O2MS163914CZ189041","3399",
"O2MS163914CZ189301","3659",
"O2MS163914CZ186654","1207",
"O2MS163914CZ186914","1436",
"O2MS163914CZ187248","1751",
"O2MS163914CZ187723","2171",
"O2MS163914CZ187508","1966",
"O2MS163914CZ187625","2079",
"O2MS163914CZ187959","2397",
"O2MS163914CZ190248","3964",
"O2MS163914CZ190723","4242",
"O2MS163914CZ188219","2624",
"O2MS163914CZ190508","4114",
"O2MS163914CZ188670","3041",
"O2MS163914CZ190625","4191",
"O2MS163914CZ190959","4416",
"O2MS163914CZ188455","2836",
"O2MS163914CZ188930","3291",
"O2MS163914CZ186877","1407",
"O2MS163914CZ189166","3524",
"O2MS163914CZ187471","1931",
"O2MS163914CZ189426","3778",
"O2MS163914CZ187588","2043",
"O2MS163914CZ188182","2588",
"O2MS163914CZ190471","4100",
"O2MS163914CZ190588","4157",
"O2MS163914CZ188893","3254",
"O2MS163914CZ188535","2912",
"O2MS163914CZ186840","1378",
"O2MS163914CZ188795","3159",
"O2MS163914CZ187100","1609",
"O2MS163914CZ189389","3741",
"O2MS163914CZ187551","2009",
"O2MS163914CZ187336","1821",
"O2MS163914CZ187811","2257",
"O2MS163914CZ190100","3853",
"O2MS163914CZ190551","4133",
"O2MS163914CZ188047","2484",
"O2MS163914CZ190336","4024",
"O2MS163914CZ188307","2694/526",
"O2MS163914CZ188758","3125",
"O2MS163914CZ186729","1278",
"O2MS163914CZ187063","1577",
"O2MS163914CZ189018","3376",
"O2MS163914CZ189352","3706",
"O2MS163914CZ187323","1808",
"O2MS163914CZ186965","1485",
"O2MS163914CZ189254","3612",
"O2MS163914CZ187225","1729",
"O2MS163914CZ187676","2126",
"O2MS163914CZ188270","2665",
"O2MS163914CZ190225","3945;4494",
"O2MS163914CZ188530","2907",
"O2MS163914CZ186692","1242",
"O2MS163914CZ188981","3339",
"O2MS163914CZ186594","1165",
"O2MS163914CZ187188","1692",
"O2MS163914CZ187899","2340",
"O2MS163914CZ190188","3910",
"O2MS163914CZ188493","2873",
"O2MS163914CZ188135","2544-1",
"O2MS163914CZ188610","2981",
"O2MS163914CZ190899","4359",
"O2MS163914CZ188395","2776",
"O2MS163914CZ186557","1128",
"O2MS163914CZ188846","3210",
"O2MS163914CZ186817","1355",
"O2MS163914CZ187151","1659",
"O2MS163914CZ189106","3464",
"O2MS163914CZ187411","1878",
"O2MS163914CZ187862","2304",
"O2MS163914CZ190411","4069",
"O2MS163914CZ187764","2214",
"O2MS163914CZ188573","2944",
"O2MS163914CZ188024","2462",
"O2MS163914CZ190862","4333",
"O2MS163914CZ188358","2740",
"O2MS163914CZ188833","3197",
"O2MS163914CZ190764","4271",
"O2MS163914CZ186780","1327",
"O2MS163914CZ189069","3427",
"O2MS163914CZ189329","3686",
"O2MS163914CZ187276","1778",
"O2MS163914CZ187987","2425",
"O2MS163914CZ190276","3989",
"O2MS163914CZ186743","1292",
"O2MS163914CZ188698","3069",
"O2MS163914CZ190987","4430",
"O2MS163914CZ187003","1519",
"O2MS163914CZ189292","3650",
"O2MS163914CZ188934","3295",
"O2MS163914CZ186905","1427",
"O2MS163914CZ187239","1742",
"O2MS163914CZ189194","3552",
"O2MS163914CZ190003","3790",
"O2MS163914CZ187499","1957",
"O2MS163914CZ187616","2070",
"O2MS163914CZ187950","2388",
"O2MS163914CZ190239","3958;4483",
"O2MS163914CZ188210","2615",
"O2MS163914CZ190499","4110",
"O2MS163914CZ188661","3032",
"O2MS163914CZ190616","4182",
"O2MS163914CZ186632","1190",
"O2MS163914CZ190950","4408",
"O2MS163914CZ188446","2827",
"O2MS163914CZ188921","3282",
"O2MS163914CZ186868","1401",
"O2MS163914CZ189157","3515",
"O2MS163914CZ187128","1637",
"O2MS163914CZ189417","ff.130v-160v",
"O2MS163914CZ187579","2034",
"O2MS163914CZ187364","1844",
"O2MS163914CZ188173","2579",
"O2MS163914CZ190128","3866",
"O2MS163914CZ190462","4094",
"O2MS163914CZ188433","2814",
"O2MS163914CZ188075","2506",
"O2MS163914CZ188786","3150",
"O2MS163914CZ187091","1603",
"O2MS163914CZ189380","3733",
"O2MS163914CZ187542","2001",
"O2MS163914CZ187802","2248",
"O2MS163914CZ190091","3845;3849",
"O2MS163914CZ187704","2152",
"O2MS163914CZ190542","4125",
"O2MS163914CZ188038","2476",
"O2MS163914CZ188298","2689",
"O2MS163914CZ188749","3116",
"O2MS163914CZ190704","4220",
"O2MS163914CZ186720","1269",
"O2MS163914CZ189009","3367",
"O2MS163914CZ189343","3700",
"O2MS163914CZ186956","1476",
"O2MS163914CZ189245","3603",
"O2MS163914CZ187216","1720",
"O2MS163914CZ187667","2117",
"O2MS163914CZ187927","2365",
"O2MS163914CZ190216","3937",
"O2MS163914CZ188521","2898",
"O2MS163914CZ186683","1233",
"O2MS163914CZ188972","3330",
"O2MS163914CZ190927","4386",
"O2MS163914CZ189232","3590",
"O2MS163914CZ186585","1156",
"O2MS163914CZ188874","3237",
"O2MS163914CZ187179","1683",
"O2MS163914CZ187890","2331",
"O2MS163914CZ190179","3904",
"O2MS163914CZ188601","2972",
"O2MS163914CZ190890","4355",
"O2MS163914CZ188386","2767",
"O2MS163914CZ186548","1119",
"O2MS163914CZ188837","3201",
"O2MS163914CZ187142","1650",
"O2MS163914CZ189097","3455",
"O2MS163914CZ187402","1870",
"O2MS163914CZ187044","1559",
"O2MS163914CZ187853","2296",
"O2MS163914CZ187304","1793",
"O2MS163914CZ188113","2529",
"O2MS163914CZ190402","4061",
"O2MS163914CZ187755","2205",
"O2MS163914CZ188015","2453",
"O2MS163914CZ190853","4324",
"O2MS163914CZ188349","2734",
"O2MS163914CZ190304","4009",
"O2MS163914CZ186771","1319",
"O2MS163914CZ188726","3095",
"O2MS163914CZ189060","3418",
"O2MS163914CZ191015","4460",
"O2MS163914CZ187031","1546",
"O2MS163914CZ189320","3677",
"O2MS163914CZ187267","1770",
"O2MS163914CZ190031","3803",
"O2MS163914CZ187527","1986",
"O2MS163914CZ187978","2416",
"O2MS163914CZ188689","3060",
"O2MS163914CZ188474","2855",
"O2MS163914CZ189283","3641",
"O2MS163914CZ186636","1193",
"O2MS163914CZ189185","3543",
"O2MS163914CZ187490","1948",
"O2MS163914CZ187607","2061",
"O2MS163914CZ187941","2379",
"O2MS163914CZ188201","2606",
"O2MS163914CZ190490","4106",
"O2MS163914CZ188652","3023",
"O2MS163914CZ190607","4173",
"O2MS163914CZ190941","4400",
"O2MS163914CZ188437","2818",
"O2MS163914CZ188912","3273",
"O2MS163914CZ188554","2930",
"O2MS163914CZ186859","1393",
"O2MS163914CZ188814","3178",
"O2MS163914CZ189148","3506",
"O2MS163914CZ187119","1628",
"O2MS163914CZ189408","3760;4530",
"O2MS163914CZ187570","2025",
"O2MS163914CZ187830","2273",
"O2MS163914CZ188066","2502",
"O2MS163914CZ190830","4312",
"O2MS163914CZ188326","2711",
"O2MS163914CZ188777","3141",
"O2MS163914CZ187082","1596",
"O2MS163914CZ189371","3724",
"O2MS163914CZ186984","1504",
"O2MS163914CZ187793","2239",
"O2MS163914CZ190082","3836;4553",
"O2MS163914CZ187695","2143",
"O2MS163914CZ190793","4296",
"O2MS163914CZ188289","2681",
"O2MS163914CZ188740","3107",
"O2MS163914CZ190695","4226",
"O2MS163914CZ186711","1261",
"O2MS163914CZ189000","3358",
"O2MS163914CZ186947","1467",
"O2MS163914CZ189236","3594",
"O2MS163914CZ187207","1711",
"O2MS163914CZ187658","2108",
"O2MS163914CZ187918","2356",
"O2MS163914CZ188252","2653",
"O2MS163914CZ190207","3929;4468",
"O2MS163914CZ188512","00",
"O2MS163914CZ188154","2560",
"O2MS163914CZ188629","3000",
"O2MS163914CZ188963","3321",
"O2MS163914CZ190918","4377",
"O2MS163914CZ188414","2795",
"O2MS163914CZ189223","3581",
"O2MS163914CZ186576","1147",
"O2MS163914CZ188865","3228",
"O2MS163914CZ187170","1675",
"O2MS163914CZ189125","3483",
"O2MS163914CZ187430","1897",
"O2MS163914CZ187881","2322",
"O2MS163914CZ190170","3896",
"O2MS163914CZ190430","4085",
"O2MS163914CZ188592","2963",
"O2MS163914CZ190881","4347",
"O2MS163914CZ188377","2758",
"O2MS163914CZ186539","1110",
"O2MS163914CZ189088","3446",
"O2MS163914CZ187393","1864",
"O2MS163914CZ187035","1550",
"O2MS163914CZ187295","1789",
"O2MS163914CZ187746","2196",
"O2MS163914CZ188006","2444",
"O2MS163914CZ190295","4000",
"O2MS163914CZ188340","2725",
"O2MS163914CZ190746","4265",
"O2MS163914CZ186762","1311",
"O2MS163914CZ188717","3086",
"O2MS163914CZ191006","4451",
"O2MS163914CZ187022","1537",
"O2MS163914CZ189311","3668",
"O2MS163914CZ186664","1217",
"O2MS163914CZ186924","1446",
"O2MS163914CZ187258","1761",
"O2MS163914CZ187733","2184",
"O2MS163914CZ190022","3798",
"O2MS163914CZ187518","1975",
"O2MS163914CZ187969","2407",
"O2MS163914CZ190258","3974",
"O2MS163914CZ190733","4252",
"O2MS163914CZ188229","2630",
"O2MS163914CZ188680","3051",
"O2MS163914CZ188465","2846",
"O2MS163914CZ189176","3534",
"O2MS163914CZ187481","1939",
"O2MS163914CZ187598","2052",
"O2MS163914CZ188192","2597",
"O2MS163914CZ190481","4104",
"O2MS163914CZ187834","2277",
"O2MS163914CZ188643","3014",
"O2MS163914CZ190598","4167",
"O2MS163914CZ188903","3264",
"O2MS163914CZ188545","2922",
"O2MS163914CZ190834","4312",
"O2MS163914CZ186850","1388",
"O2MS163914CZ188805","3169",
"O2MS163914CZ189139","3497",
"O2MS163914CZ187110","1619",
"O2MS163914CZ189399","3751",
"O2MS163914CZ187561","2016",
"O2MS163914CZ187346","1830",
"O2MS163914CZ187821","2264",
"O2MS163914CZ190110","3859",
"O2MS163914CZ190561","4143",
"O2MS163914CZ188057","2494",
"O2MS163914CZ190346","4031",
"O2MS163914CZ188317","2702",
"O2MS163914CZ188768","3135",
"O2MS163914CZ187073","1587",
"O2MS163914CZ189028","3386",
"O2MS163914CZ189362","3716",
"O2MS163914CZ187333","1818",
"O2MS163914CZ186975","1495",
"O2MS163914CZ189264","3622",
"O2MS163914CZ190073","3827",
"O2MS163914CZ190333","4021",
"O2MS163914CZ187686","2135",
"O2MS163914CZ188280","2672",
"O2MS163914CZ186702","1252",
"O2MS163914CZ188991","3349",
"O2MS163914CZ186604","1175",
"O2MS163914CZ186938","1458",
"O2MS163914CZ187198","1702",
"O2MS163914CZ187649","2099",
"O2MS163914CZ187434","1901",
"O2MS163914CZ187909","2347",
"O2MS163914CZ188243","2644",
"O2MS163914CZ190198","3920;4541",
"O2MS163914CZ188503","2882",
"O2MS163914CZ188145","2551",
"O2MS163914CZ188620","2991",
"O2MS163914CZ190434","4088",
"O2MS163914CZ190909","4368",
"O2MS163914CZ188405","2786",
"O2MS163914CZ186567","1138",
"O2MS163914CZ188856","3220",
"O2MS163914CZ186827","1365",
"O2MS163914CZ187161","1666",
"O2MS163914CZ189116","3474",
"O2MS163914CZ187421","1888",
"O2MS163914CZ187872","2313",
"O2MS163914CZ190421","4076;4545",
"O2MS163914CZ187774","2221",
"O2MS163914CZ188583","2954",
"O2MS163914CZ190872","4342",
"O2MS163914CZ188368","2749",
"O2MS163914CZ186790","1337",
"O2MS163914CZ189079","3437",
"O2MS163914CZ187286","00",
"O2MS163914CZ187737","2187-2",
"O2MS163914CZ187997","2435",
"O2MS163914CZ190737","4256",
"O2MS163914CZ186753","1302",
"O2MS163914CZ188708","3078",
"O2MS163914CZ189042","3400",
"O2MS163914CZ190997","4442",
"O2MS163914CZ187013","1529",
"O2MS163914CZ189302","3660",
"O2MS163914CZ186655","1208",
"O2MS163914CZ188944","3305",
"O2MS163914CZ186915","1437",
"O2MS163914CZ187249","1752",
"O2MS163914CZ189204","3562",
"O2MS163914CZ187509","1967",
"O2MS163914CZ187626","2080",
"O2MS163914CZ187960","2398",
"O2MS163914CZ190249","3965",
"O2MS163914CZ188220","2625",
"O2MS163914CZ188671","3042",
"O2MS163914CZ190626","4192",
"O2MS163914CZ190960","4418",
"O2MS163914CZ188456","2837",
"O2MS163914CZ188931","3292",
"O2MS163914CZ186878","1408",
"O2MS163914CZ189167","3525",
"O2MS163914CZ187472","1932",
"O2MS163914CZ189427","3779",
"O2MS163914CZ187589","2044",
"O2MS163914CZ187374","1850",
"O2MS163914CZ188183","2589",
"O2MS163914CZ190374","4041",
"O2MS163914CZ188536","2913",
"O2MS163914CZ186841","1379",
"O2MS163914CZ188796","3160",
"O2MS163914CZ187101","1610",
"O2MS163914CZ189390","3742",
"O2MS163914CZ187552","2010",
"O2MS163914CZ187337","1822",
"O2MS163914CZ187812","2258",
"O2MS163914CZ190101","3854",
"O2MS163914CZ187714","2162",
"O2MS163914CZ190552","4134",
"O2MS163914CZ188048","2485",
"O2MS163914CZ190337","4025",
"O2MS163914CZ188308","2695/525",
"O2MS163914CZ188759","3126",
"O2MS163914CZ186730","1279",
"O2MS163914CZ189019","3377",
"O2MS163914CZ189353","3707",
"O2MS163914CZ186966","1486",
"O2MS163914CZ189255","3613",
"O2MS163914CZ187226","1730",
"O2MS163914CZ187677","2127",
"O2MS163914CZ188271","2666",
"O2MS163914CZ190226","3946;4472",
"O2MS163914CZ188531","2908",
"O2MS163914CZ190677","4222",
"O2MS163914CZ186693","1243",
"O2MS163914CZ188982","3340",
"O2MS163914CZ188884","3245-3",
"O2MS163914CZ187189","1693",
"O2MS163914CZ190189","3911;4519",
"O2MS163914CZ188136","2544-2",
"O2MS163914CZ188611","2982",
"O2MS163914CZ190900","4360",
"O2MS163914CZ188396","2777",
"O2MS163914CZ186558","1129",
"O2MS163914CZ188847","3211",
"O2MS163914CZ186818","1356",
"O2MS163914CZ187152","1660",
"O2MS163914CZ189107","3465",
"O2MS163914CZ187412","1879",
"O2MS163914CZ187054","1569",
"O2MS163914CZ187863","2305-2312",
"O2MS163914CZ187314","1799",
"O2MS163914CZ190152","3881",
"O2MS163914CZ188123","2535",
"O2MS163914CZ187765","2215",
"O2MS163914CZ190054","3813",
"O2MS163914CZ188025","2463",
"O2MS163914CZ190863","4334",
"O2MS163914CZ188359","2741-2847",
"O2MS163914CZ190765","4272",
"O2MS163914CZ186781","1328",
"O2MS163914CZ189070","3428",
"O2MS163914CZ189330","3687",
"O2MS163914CZ187277","1779",
"O2MS163914CZ187988","2426",
"O2MS163914CZ190277","3990",
"O2MS163914CZ190988","4431",
"O2MS163914CZ188484","00",
"O2MS163914CZ189293","3651",
"O2MS163914CZ186646","1199",
"O2MS163914CZ188935","3296",
"O2MS163914CZ186906","1428",
"O2MS163914CZ187240","1743",
"O2MS163914CZ189195","3553",
"O2MS163914CZ187500","1958",
"O2MS163914CZ187617","2071",
"O2MS163914CZ187951","2389",
"O2MS163914CZ190240","3959;4484",
"O2MS163914CZ188211","2616",
"O2MS163914CZ190500","4111",
"O2MS163914CZ188662","3033",
"O2MS163914CZ190617","4183",
"O2MS163914CZ186633","1191",
"O2MS163914CZ190951","4409",
"O2MS163914CZ188447","2828",
"O2MS163914CZ188922","3283",
"O2MS163914CZ186869","1402",
"O2MS163914CZ188824","3188",
"O2MS163914CZ189158","3516",
"O2MS163914CZ187129","1638",
"O2MS163914CZ187463","1923",
"O2MS163914CZ189418","3770",
"O2MS163914CZ187580","2035",
"O2MS163914CZ187365","1845",
"O2MS163914CZ190129","3867",
"O2MS163914CZ190463","4095",
"O2MS163914CZ188076","2507",
"O2MS163914CZ188787","3151",
"O2MS163914CZ187092","1604",
"O2MS163914CZ189381","3734",
"O2MS163914CZ186734","1283",
"O2MS163914CZ187543","2002",
"O2MS163914CZ187803","2249",
"O2MS163914CZ187705","2153",
"O2MS163914CZ190543","4126",
"O2MS163914CZ188039","2477",
"O2MS163914CZ188750","3117",
"O2MS163914CZ186721","1270",
"O2MS163914CZ189010","3368",
"O2MS163914CZ186957","1477",
"O2MS163914CZ189246","3604",
"O2MS163914CZ187217","1721",
"O2MS163914CZ187668","2118",
"O2MS163914CZ187928","2366",
"O2MS163914CZ190217","3938",
"O2MS163914CZ188522","2899",
"O2MS163914CZ188164","2570",
"O2MS163914CZ188973","3331",
"O2MS163914CZ190928","4387",
"O2MS163914CZ188424","2805",
"O2MS163914CZ189233","3591",
"O2MS163914CZ186586","1157",
"O2MS163914CZ188875","3238",
"O2MS163914CZ187180","1684",
"O2MS163914CZ187891","2332",
"O2MS163914CZ190180","3906",
"O2MS163914CZ188602","2973",
"O2MS163914CZ190891","4356",
"O2MS163914CZ188387","2768",
"O2MS163914CZ186549","1120",
"O2MS163914CZ188838","3202",
"O2MS163914CZ186809","1348",
"O2MS163914CZ187143","1651",
"O2MS163914CZ189098","3456",
"O2MS163914CZ187403","1871",
"O2MS163914CZ187045","1560",
"O2MS163914CZ189334","3691",
"O2MS163914CZ187305","1794",
"O2MS163914CZ190143","3874",
"O2MS163914CZ190403","4062",
"O2MS163914CZ187756","2206",
"O2MS163914CZ190045","3808",
"O2MS163914CZ188016","2454",
"O2MS163914CZ188350","2735-1",
"O2MS163914CZ186772","1320",
"O2MS163914CZ188727","3096",
"O2MS163914CZ189061","3419",
"O2MS163914CZ191016","4461",
"O2MS163914CZ187032","1547",
"O2MS163914CZ189321","3678",
"O2MS163914CZ186674","1224",
"O2MS163914CZ187268","1771",
"O2MS163914CZ190032","3804",
"O2MS163914CZ187528","1987",
"O2MS163914CZ187979","2417",
"O2MS163914CZ190268","3981",
"O2MS163914CZ188690","3061",
"O2MS163914CZ190979","4422",
"O2MS163914CZ188475","2856",
"O2MS163914CZ186637","1194",
"O2MS163914CZ189186","3544",
"O2MS163914CZ187491","1949",
"O2MS163914CZ187608","2062",
"O2MS163914CZ187942","2380",
"O2MS163914CZ188202","2607",
"O2MS163914CZ187844","2287",
"O2MS163914CZ188653","3024",
"O2MS163914CZ190608","4174",
"O2MS163914CZ188104","2520",
"O2MS163914CZ190942","4400a",
"O2MS163914CZ188438","2819",
"O2MS163914CZ188913","3274",
"O2MS163914CZ188555","2931",
"O2MS163914CZ190844","4319",
"O2MS163914CZ186860","1394",
"O2MS163914CZ188815","3179",
"O2MS163914CZ189149","3507",
"O2MS163914CZ187120","1629",
"O2MS163914CZ189409","3761",
"O2MS163914CZ187571","2026",
"O2MS163914CZ187831","2274",
"O2MS163914CZ190120","3860",
"O2MS163914CZ190356","4035",
"O2MS163914CZ188327","2712",
"O2MS163914CZ188778","3142",
"O2MS163914CZ187083","1597",
"O2MS163914CZ189372","3725",
"O2MS163914CZ186985","1505",
"O2MS163914CZ189274","3632",
"O2MS163914CZ190083","3837;4554",
"O2MS163914CZ187696","2144",
"O2MS163914CZ188290","2682",
"O2MS163914CZ188741","3108",
"O2MS163914CZ186712","1262",
"O2MS163914CZ186614","1180",
"O2MS163914CZ186948","1468",
"O2MS163914CZ189237","3595",
"O2MS163914CZ187208","1712",
"O2MS163914CZ187659","2109",
"O2MS163914CZ187444","1908",
"O2MS163914CZ187919","2357",
"O2MS163914CZ188253","2654",
"O2MS163914CZ190208","3930",
"O2MS163914CZ188513","2891",
"O2MS163914CZ188155","2561",
"O2MS163914CZ188630","3001",
"O2MS163914CZ190444","4091",
"O2MS163914CZ190919","4378",
"O2MS163914CZ188415","2796",
"O2MS163914CZ186577","1148",
"O2MS163914CZ188866","3229",
"O2MS163914CZ187171","1676",
"O2MS163914CZ189126","3484",
"O2MS163914CZ187431","1898",
"O2MS163914CZ187882","2323",
"O2MS163914CZ190171","3897",
"O2MS163914CZ187784","2231",
"O2MS163914CZ188593","2964",
"O2MS163914CZ190882","4348",
"O2MS163914CZ188378","2759",
"O2MS163914CZ186540","1111",
"O2MS163914CZ190784","4287",
"O2MS163914CZ189089","3447",
"O2MS163914CZ187036","1551",
"O2MS163914CZ187296","1790",
"O2MS163914CZ187747","2197",
"O2MS163914CZ190036","3805",
"O2MS163914CZ188007","2445",
"O2MS163914CZ188341","2726",
"O2MS163914CZ190296","4001",
"O2MS163914CZ186763","1312",
"O2MS163914CZ188718","3087",
"O2MS163914CZ189052","3410",
"O2MS163914CZ187023","1538",
"O2MS163914CZ189312","3669",
"O2MS163914CZ188954","3312",
"O2MS163914CZ187259","1762",
"O2MS163914CZ189214","3572",
"O2MS163914CZ190023","3799",
"O2MS163914CZ187519","1976",
"O2MS163914CZ187970","2408",
"O2MS163914CZ190259","3975;4487",
"O2MS163914CZ188230","2631",
"O2MS163914CZ188681","3052",
"O2MS163914CZ188466","2847",
"O2MS163914CZ189177","3535",
"O2MS163914CZ187482","1940",
"O2MS163914CZ187599","2053",
"O2MS163914CZ187384","1855",
"O2MS163914CZ188193","2598",
"O2MS163914CZ187835","2278",
"O2MS163914CZ190599","4168",
"O2MS163914CZ188095","2512",
"O2MS163914CZ188546","2923",
"O2MS163914CZ188806","3170",
"O2MS163914CZ189140","3498",
"O2MS163914CZ187111","1620",
"O2MS163914CZ189400","3752",
"O2MS163914CZ187562","2017",
"O2MS163914CZ187347","1831",
"O2MS163914CZ187822","2265",
"O2MS163914CZ187724","2172",
"O2MS163914CZ190562","4144",
"O2MS163914CZ188058","2495",
"O2MS163914CZ190347","4032",
"O2MS163914CZ188318","2703",
"O2MS163914CZ188769","3136",
"O2MS163914CZ190724","4243",
"O2MS163914CZ189029","3387",
"O2MS163914CZ189363","3717",
"O2MS163914CZ186976","1496",
"O2MS163914CZ189265","3623",
"O2MS163914CZ187687","2136-1",
"O2MS163914CZ188281","2673",
"O2MS163914CZ186703","1253",
"O2MS163914CZ188992","3350",
"O2MS163914CZ188634","3005",
"O2MS163914CZ186939","1459",
"O2MS163914CZ188894","3255",
"O2MS163914CZ187199","1703",
"O2MS163914CZ187650","2100",
"O2MS163914CZ187435","1902",
"O2MS163914CZ187910","2348",
"O2MS163914CZ190199","3921",
"O2MS163914CZ190650","4209",
"O2MS163914CZ188146","2552",
"O2MS163914CZ188621","2992",
"O2MS163914CZ190910","4369",
"O2MS163914CZ188406","2787",
"O2MS163914CZ186568","1139",
"O2MS163914CZ188857","3221",
"O2MS163914CZ186828","1366",
"O2MS163914CZ187162","1667",
"O2MS163914CZ189117","3475",
"O2MS163914CZ187422","1889",
"O2MS163914CZ187064","1578",
"O2MS163914CZ187873","2314",
"O2MS163914CZ187324","1809",
"O2MS163914CZ190422","4077;4546",
"O2MS163914CZ187775","2222",
"O2MS163914CZ190064","3822",
"O2MS163914CZ190873","4343",
"O2MS163914CZ188369","2750",
"O2MS163914CZ190324","4018",
"O2MS163914CZ186791","1338",
"O2MS163914CZ189080","3438",
"O2MS163914CZ187738","2188",
"O2MS163914CZ187998","2436",
"O2MS163914CZ190287","3995",
"O2MS163914CZ190738","4257",
"O2MS163914CZ188234","2635",
"O2MS163914CZ188709","3079",
"O2MS163914CZ189043","3401",
"O2MS163914CZ190998","4443",
"O2MS163914CZ188494","2874",
"O2MS163914CZ189303","3661-1",
"O2MS163914CZ186656","1209",
"O2MS163914CZ186916","1438",
"O2MS163914CZ187250","1753",
"O2MS163914CZ189205","3563",
"O2MS163914CZ187510","1968",
"O2MS163914CZ187627","2081",
"O2MS163914CZ187961","2399",
"O2MS163914CZ190250","3966;4492",
"O2MS163914CZ188672","3043",
"O2MS163914CZ190627","4193",
"O2MS163914CZ190961","4419",
"O2MS163914CZ188457","2838",
"O2MS163914CZ188932","3293",
"O2MS163914CZ188574","2945",
"O2MS163914CZ186879","1409",
"O2MS163914CZ189168","3526",
"O2MS163914CZ187473","1933",
"O2MS163914CZ189428","3780",
"O2MS163914CZ187590","2045",
"O2MS163914CZ187375","1851",
"O2MS163914CZ190375","4042",
"O2MS163914CZ188537","2914",
"O2MS163914CZ186842","1380",
"O2MS163914CZ188797","3161",
"O2MS163914CZ187102","1611",
"O2MS163914CZ189391","3743",
"O2MS163914CZ186744","1293",
"O2MS163914CZ187553","2011",
"O2MS163914CZ187004","1520",
"O2MS163914CZ187338","1823",
"O2MS163914CZ187813","2259",
"O2MS163914CZ187715","2163",
"O2MS163914CZ190553","4135",
"O2MS163914CZ188049","2486",
"O2MS163914CZ190338","4026",
"O2MS163914CZ188309","2696/525",
"O2MS163914CZ188760","3127",
"O2MS163914CZ186731","1280",
"O2MS163914CZ189020","3378",
"O2MS163914CZ186967","1487",
"O2MS163914CZ189256","3614",
"O2MS163914CZ187227","1731",
"O2MS163914CZ187678","2128",
"O2MS163914CZ188272","2667",
"O2MS163914CZ190227","3947;4465",
"O2MS163914CZ188532","2909",
"O2MS163914CZ188174","2580",
"O2MS163914CZ188983","3341",
"O2MS163914CZ188885","3246",
"O2MS163914CZ187190","1694",
"O2MS163914CZ190190","3912;4518",
"O2MS163914CZ190641","4203",
"O2MS163914CZ188137","2544-3",
"O2MS163914CZ188612","2983",
"O2MS163914CZ190901","4361",
"O2MS163914CZ188397","2778",
"O2MS163914CZ186559","1130",
"O2MS163914CZ188848","3212",
"O2MS163914CZ186819","1357",
"O2MS163914CZ189108","3466",
"O2MS163914CZ187413","1880",
"O2MS163914CZ187055","1570",
"O2MS163914CZ189344","3701",
"O2MS163914CZ187315","1800",
"O2MS163914CZ190153","3882",
"O2MS163914CZ187766","2216",
"O2MS163914CZ190055","3814",
"O2MS163914CZ188026","2464",
"O2MS163914CZ188360","2741",
"O2MS163914CZ190315","4016",
"O2MS163914CZ190766","4273",
"O2MS163914CZ186782","1329",
"O2MS163914CZ189071","3429",
"O2MS163914CZ189331","3688",
"O2MS163914CZ186684","1234",
"O2MS163914CZ187278","1780",
"O2MS163914CZ187989","2427",
"O2MS163914CZ190989","4432",
"O2MS163914CZ188485","2865",
"O2MS163914CZ186647","1200",
"O2MS163914CZ188936","3297",
"O2MS163914CZ186907","1429",
"O2MS163914CZ187241","1744",
"O2MS163914CZ189196","3554",
"O2MS163914CZ187501","1959",
"O2MS163914CZ187618","2072",
"O2MS163914CZ187952","2390",
"O2MS163914CZ190241","3960;4466",
"O2MS163914CZ188212","2617",
"O2MS163914CZ187854","2297",
"O2MS163914CZ188663","3034",
"O2MS163914CZ190618","4184",
"O2MS163914CZ188114","2530",
"O2MS163914CZ190952","4410",
"O2MS163914CZ188448","2829",
"O2MS163914CZ188923","3284",
"O2MS163914CZ188565","2937",
"O2MS163914CZ190854","4325",
"O2MS163914CZ186870","1403",
"O2MS163914CZ188825","3189",
"O2MS163914CZ189159","3517",
"O2MS163914CZ187130","1639",
"O2MS163914CZ189419","3771",
"O2MS163914CZ187581","2036",
"O2MS163914CZ190130","3868",
"O2MS163914CZ190581","4155",
"O2MS163914CZ188077","2508",
"O2MS163914CZ190366","4038",
"O2MS163914CZ188788","3152",
"O2MS163914CZ187093","1605",
"O2MS163914CZ189382","3735",
"O2MS163914CZ186995","1514",
"O2MS163914CZ189284","3642",
"O2MS163914CZ190093","3846",
"O2MS163914CZ187706","2154",
"O2MS163914CZ188040","2478",
"O2MS163914CZ189995","3786",
"O2MS163914CZ188300","2690;cf.558",
"O2MS163914CZ188751","3118",
"O2MS163914CZ186722","1271",
"O2MS163914CZ189011","3369",
"O2MS163914CZ186624","1185",
"O2MS163914CZ186958","1478",
"O2MS163914CZ189247","3605",
"O2MS163914CZ187218","1722",
"O2MS163914CZ187669","2119",
"O2MS163914CZ187454","1917",
"O2MS163914CZ187929","2367",
"O2MS163914CZ188523","2900",
"O2MS163914CZ190669","4220",
"O2MS163914CZ188165","2571",
"O2MS163914CZ190454","4093",
"O2MS163914CZ190929","4388",
"O2MS163914CZ188425","2806",
"O2MS163914CZ186587","1158",
"O2MS163914CZ188876","3239",
"O2MS163914CZ187181","1685",
"O2MS163914CZ187892","2333",
"O2MS163914CZ190181","3906",
"O2MS163914CZ187534","1993",
"O2MS163914CZ187794","2240",
"O2MS163914CZ188603","2974",
"O2MS163914CZ190892","4357",
"O2MS163914CZ188388","2769",
"O2MS163914CZ190534","4121",
"O2MS163914CZ186550","1121",
"O2MS163914CZ188839","3203",
"O2MS163914CZ186810","1349",
"O2MS163914CZ189099","3457",
"O2MS163914CZ187046","1561",
"O2MS163914CZ189335","3692",
"O2MS163914CZ187757","2207",
"O2MS163914CZ190046","3809",
"O2MS163914CZ188017","2455",
"O2MS163914CZ188351","00",
"O2MS163914CZ190757","4268",
"O2MS163914CZ188728","3097",
"O2MS163914CZ189062","3420",
"O2MS163914CZ191017","4462",
"O2MS163914CZ187033","1548",
"O2MS163914CZ189322","3679",
"O2MS163914CZ186675","1225",
"O2MS163914CZ188964","3322",
"O2MS163914CZ187269","1772",
"O2MS163914CZ189224","3582",
"O2MS163914CZ187529","1988",
"O2MS163914CZ187980","2418",
"O2MS163914CZ190269","3982",
"O2MS163914CZ188691","3062",
"O2MS163914CZ188476","2857",
"O2MS163914CZ186638","1195",
"O2MS163914CZ186898","1420",
"O2MS163914CZ189187","3545",
"O2MS163914CZ187492","1950",
"O2MS163914CZ187134","1643",
"O2MS163914CZ187609","2063",
"O2MS163914CZ187943","2381",
"O2MS163914CZ187394","1865",
"O2MS163914CZ188203","2609",
"O2MS163914CZ187845","2288",
"O2MS163914CZ190609","4175",
"O2MS163914CZ188105","2521",
"O2MS163914CZ190943","4401",
"O2MS163914CZ188439","2820",
"O2MS163914CZ188556","00",
"O2MS163914CZ190845","4320",
"O2MS163914CZ186861","1395",
"O2MS163914CZ188816","3180",
"O2MS163914CZ189150","3508",
"O2MS163914CZ187121","1630",
"O2MS163914CZ189410","3762",
"O2MS163914CZ187572","2027",
"O2MS163914CZ187357","1838",
"O2MS163914CZ187832","2275",
"O2MS163914CZ190572","4150",
"O2MS163914CZ188328","2713",
"O2MS163914CZ188779","3143",
"O2MS163914CZ189373","3726",
"O2MS163914CZ186986","1506",
"O2MS163914CZ189275","3633",
"O2MS163914CZ187697","2145",
"O2MS163914CZ188291","2682",
"O2MS163914CZ188742","3109",
"O2MS163914CZ190697","4226",
"O2MS163914CZ188644","3015",
"O2MS163914CZ186949","1469",
"O2MS163914CZ188904","3265",
"O2MS163914CZ189238","3596",
"O2MS163914CZ187209","1713",
"O2MS163914CZ187660","2110",
"O2MS163914CZ187445","1909",
"O2MS163914CZ187920","2358",
"O2MS163914CZ190209","3931",
"O2MS163914CZ188156","2562",
"O2MS163914CZ188631","3002",
"O2MS163914CZ190920","4379",
"O2MS163914CZ188416","2797",
"O2MS163914CZ186578","1149",
"O2MS163914CZ188867","3230",
"O2MS163914CZ187172","1677",
"O2MS163914CZ189127","3485",
"O2MS163914CZ187432","1899",
"O2MS163914CZ187074","1588",
"O2MS163914CZ187883","2324",
"O2MS163914CZ190432","4086",
"O2MS163914CZ187785","2232",
"O2MS163914CZ190074","3828",
"O2MS163914CZ190883","4349",
"O2MS163914CZ188379","2760",
"O2MS163914CZ186541","1112",
"O2MS163914CZ190785","4288",
"O2MS163914CZ189090","3448",
"O2MS163914CZ187037","1552",
"O2MS163914CZ187297","1791",
"O2MS163914CZ187748","2198",
"O2MS163914CZ190037","3806",
"O2MS163914CZ188008","2446",
"O2MS163914CZ188342","2727",
"O2MS163914CZ190297","4002",
"O2MS163914CZ188244","2645",
"O2MS163914CZ188719","3088",
"O2MS163914CZ189053","3411",
"O2MS163914CZ191008","4452",
"O2MS163914CZ188504","2883",
"O2MS163914CZ189313","3670",
"O2MS163914CZ188955","3313",
"O2MS163914CZ186926","1447",
"O2MS163914CZ187260","1763",
"O2MS163914CZ189215","3573",
"O2MS163914CZ187520","1977",
"O2MS163914CZ187971","2409",
"O2MS163914CZ190260","3976;4488",
"O2MS163914CZ188231","2632",
"O2MS163914CZ190520","4119",
"O2MS163914CZ188682","3053",
"O2MS163914CZ190971","4421",
"O2MS163914CZ188467","2848",
"O2MS163914CZ188584","2955",
"O2MS163914CZ186889","1415",
"O2MS163914CZ189178","3536",
"O2MS163914CZ187483","1941",
"O2MS163914CZ187600","2054",
"O2MS163914CZ187385","1856",
"O2MS163914CZ190483","4104",
"O2MS163914CZ187836","2279",
"O2MS163914CZ190600","4169",
"O2MS163914CZ188096","2513",
"O2MS163914CZ190385","4048",
"O2MS163914CZ188547","2924",
"O2MS163914CZ190836","4313",
"O2MS163914CZ188807","3171",
"O2MS163914CZ189141","3499",
"O2MS163914CZ187112","1621",
"O2MS163914CZ189401","3753",
"O2MS163914CZ186754","1303",
"O2MS163914CZ187563","2018",
"O2MS163914CZ187014","1530",
"O2MS163914CZ187348","1832",
"O2MS163914CZ187823","2266",
"O2MS163914CZ187725","2173",
"O2MS163914CZ188059","2496",
"O2MS163914CZ190348","4033",
"O2MS163914CZ188319","2704",
"O2MS163914CZ188770","3137",
"O2MS163914CZ190725","4244",
"O2MS163914CZ189030","3388",
"O2MS163914CZ186977","1497",
"O2MS163914CZ189266","3624",
"O2MS163914CZ187688","2136-2",
"O2MS163914CZ188282","2674",
"O2MS163914CZ190688","4225",
"O2MS163914CZ188184","2590",
"O2MS163914CZ188993","3351",
"O2MS163914CZ188635","3006",
"O2MS163914CZ186606","1177",
"O2MS163914CZ186940","1460",
"O2MS163914CZ188895","3256",
"O2MS163914CZ187200","1704",
"O2MS163914CZ187651","2101",
"O2MS163914CZ187911","2349",
"O2MS163914CZ190200","3922;4542",
"O2MS163914CZ190651","4210",
"O2MS163914CZ188147","2553",
"O2MS163914CZ188622","2993",
"O2MS163914CZ190911","4370",
"O2MS163914CZ188407","2788",
"O2MS163914CZ186569","1140",
"O2MS163914CZ188858","3222",
"O2MS163914CZ186829","1367",
"O2MS163914CZ187163","1668",
"O2MS163914CZ189118","3476",
"O2MS163914CZ187423","1890",
"O2MS163914CZ187065","1579",
"O2MS163914CZ189354","3708",
"O2MS163914CZ187325","1810",
"O2MS163914CZ190423","4078",
"O2MS163914CZ187776","2223",
"O2MS163914CZ190065","3823",
"O2MS163914CZ188370","2751",
"O2MS163914CZ186792","1339",
"O2MS163914CZ189081","3439",
"O2MS163914CZ186694","1244",
"O2MS163914CZ187288","1785",
"O2MS163914CZ187739","2189",
"O2MS163914CZ187999","2437",
"O2MS163914CZ190288","3996",
"O2MS163914CZ190739","4258",
"O2MS163914CZ188235","2636",
"O2MS163914CZ188710","3080",
"O2MS163914CZ190999","4444",
"O2MS163914CZ188495","2875",
"O2MS163914CZ186657","1210",
"O2MS163914CZ187251","1754",
"O2MS163914CZ189206","3564",
"O2MS163914CZ187511","1969",
"O2MS163914CZ187628","2082",
"O2MS163914CZ187962","2400",
"O2MS163914CZ190251","3967;4491",
"O2MS163914CZ187864","2305",
"O2MS163914CZ188673","3044",
"O2MS163914CZ190962","deest",
"O2MS163914CZ190628","4194",
"O2MS163914CZ188124","2536",
"O2MS163914CZ188458","2839",
"O2MS163914CZ188933","3294",
"O2MS163914CZ188575","2946",
"O2MS163914CZ190864","4335",
"O2MS163914CZ186880","1410",
"O2MS163914CZ189169","3527",
"O2MS163914CZ189429","3781",
"O2MS163914CZ190591","4160",
"O2MS163914CZ190376","4043",
"O2MS163914CZ188538","2915",
"O2MS163914CZ186843","1381",
"O2MS163914CZ188798","3162",
"O2MS163914CZ187103","1612",
"O2MS163914CZ189392","3744",
"O2MS163914CZ186745","1294",
"O2MS163914CZ189034","3392",
"O2MS163914CZ187005","1521",
"O2MS163914CZ187339","1825",
"O2MS163914CZ189294","3652",
"O2MS163914CZ187716","2164",
"O2MS163914CZ188050","2487",
"O2MS163914CZ190005","3790",
"O2MS163914CZ188761","3128",
"O2MS163914CZ186732","1281",
"O2MS163914CZ189021","3379",
"O2MS163914CZ186968","1488",
"O2MS163914CZ189257","3615",
"O2MS163914CZ187228","1732",
"O2MS163914CZ187679","2129",
"O2MS163914CZ187464","1924",
"O2MS163914CZ188273","2668",
"O2MS163914CZ190228","3948",
"O2MS163914CZ188533","2910",
"O2MS163914CZ188175","2581",
"O2MS163914CZ190464","4096",
"O2MS163914CZ186597","1168",
"O2MS163914CZ188886","3247",
"O2MS163914CZ187191","1695",
"O2MS163914CZ187642","2092",
"O2MS163914CZ190191","3913",
"O2MS163914CZ187544","2003",
"O2MS163914CZ187804","2250",
"O2MS163914CZ190642","4204",
"O2MS163914CZ188138","2545-1",
"O2MS163914CZ188613","2984",
"O2MS163914CZ190902","4362",
"O2MS163914CZ188398","2779",
"O2MS163914CZ186560","1131",
"O2MS163914CZ188849","3213",
"O2MS163914CZ190804","4301",
"O2MS163914CZ186820","1358",
"O2MS163914CZ189109","3467",
"O2MS163914CZ187056","1571",
"O2MS163914CZ189345","3702",
"O2MS163914CZ187316","1801",
"O2MS163914CZ190056","3815",
"O2MS163914CZ188027","2465",
"O2MS163914CZ188361","2742",
"O2MS163914CZ190767","4274",
"O2MS163914CZ186783","1330",
"O2MS163914CZ189072","3430",
"O2MS163914CZ189332","3689",
"O2MS163914CZ186685","1235",
"O2MS163914CZ188974","3332",
"O2MS163914CZ187279","1781",
"O2MS163914CZ187990","2428",
"O2MS163914CZ190279","3991",
"O2MS163914CZ188701","3071",
"O2MS163914CZ190990","4433",
"O2MS163914CZ188486","2866",
"O2MS163914CZ186648","1201",
"O2MS163914CZ188937","3298",
"O2MS163914CZ186908","1430",
"O2MS163914CZ187242","1745",
"O2MS163914CZ189197","3555",
"O2MS163914CZ187502","1960",
"O2MS163914CZ187144","1652",
"O2MS163914CZ187619","2073",
"O2MS163914CZ187953","2391",
"O2MS163914CZ188213","2618",
"O2MS163914CZ187855","2298",
"O2MS163914CZ190144","3875",
"O2MS163914CZ190619","4185",
"O2MS163914CZ188115","2531",
"O2MS163914CZ190953","4411",
"O2MS163914CZ188449","2830",
"O2MS163914CZ190404","4063",
"O2MS163914CZ188566","2938",
"O2MS163914CZ190855","4326",
"O2MS163914CZ186871","1404",
"O2MS163914CZ188826","3190",
"O2MS163914CZ189160","3518",
"O2MS163914CZ187131","1640",
"O2MS163914CZ189420","3772",
"O2MS163914CZ187582","2037",
"O2MS163914CZ190131","3869",
"O2MS163914CZ188078","2509",
"O2MS163914CZ188789","3153",
"O2MS163914CZ189383","3736",
"O2MS163914CZ186736","1285",
"O2MS163914CZ186996","1515",
"O2MS163914CZ189285","3643",
"O2MS163914CZ187707","2155",
"O2MS163914CZ188041","2479",
"O2MS163914CZ189996","3789",
"O2MS163914CZ188301","2691",
"O2MS163914CZ188752","3119",
"O2MS163914CZ186723","1272",
"O2MS163914CZ189012","3370",
"O2MS163914CZ186625","1186",
"O2MS163914CZ186959","1479",
"O2MS163914CZ188914","3275",
"O2MS163914CZ189248","3606",
"O2MS163914CZ187219","1723",
"O2MS163914CZ187670","2120",
"O2MS163914CZ187455","1918",
"O2MS163914CZ187930","2368",
"O2MS163914CZ190219","3939;4549",
"O2MS163914CZ188166","2572",
"O2MS163914CZ190930","4389",
"O2MS163914CZ188426","2807",
"O2MS163914CZ186588","1159",
"O2MS163914CZ188877","3240",
"O2MS163914CZ187182","1686",
"O2MS163914CZ187084","1598",
"O2MS163914CZ187893","2334",
"O2MS163914CZ190182","3907",
"O2MS163914CZ187535","1994",
"O2MS163914CZ187795","2241",
"O2MS163914CZ190084","3838",
"O2MS163914CZ188389","2770",
"O2MS163914CZ186551","1122",
"O2MS163914CZ188840","3204",
"O2MS163914CZ186811","1350",
"O2MS163914CZ189100","3458",
"O2MS163914CZ189336","3693",
"O2MS163914CZ187307","1795",
"O2MS163914CZ187758","2208",
"O2MS163914CZ190047","3810",
"O2MS163914CZ188018","2456",
"O2MS163914CZ188352","2735-2",
"O2MS163914CZ190307","4011",
"O2MS163914CZ188254","2655",
"O2MS163914CZ188729","3098",
"O2MS163914CZ189063","3421",
"O2MS163914CZ191018","4463",
"O2MS163914CZ188514","2892",
"O2MS163914CZ189323","3680",
"O2MS163914CZ186676","1226",
"O2MS163914CZ188965","3323",
"O2MS163914CZ187270","1773",
"O2MS163914CZ189225","3583",
"O2MS163914CZ187530","1989",
"O2MS163914CZ187981","2419",
"O2MS163914CZ190270","3983",
"O2MS163914CZ190530","4120",
"O2MS163914CZ188692","3063",
"O2MS163914CZ190981","4424",
"O2MS163914CZ188477","2858",
"O2MS163914CZ186639","1196",
"O2MS163914CZ188594","2965",
"O2MS163914CZ186899","1421",
"O2MS163914CZ189188","3546",
"O2MS163914CZ187135","1644",
"O2MS163914CZ187610","2064",
"O2MS163914CZ187395","1866",
"O2MS163914CZ187846","2289",
"O2MS163914CZ190135","3870",
"O2MS163914CZ190610","4176",
"O2MS163914CZ188106","2522",
"O2MS163914CZ188440","2821",
"O2MS163914CZ188557","2932",
"O2MS163914CZ186862","1396",
"O2MS163914CZ188817","3181",
"O2MS163914CZ189151","3509",
"O2MS163914CZ187122","1631",
"O2MS163914CZ189411","3763;4527",
"O2MS163914CZ186764","1313",
"O2MS163914CZ187573","2028",
"O2MS163914CZ187358","1839",
"O2MS163914CZ187833","2276",
"O2MS163914CZ190122","3861",
"O2MS163914CZ190573","4151",
"O2MS163914CZ188329","2714",
"O2MS163914CZ188780","3144",
"O2MS163914CZ186987","1507",
"O2MS163914CZ189276","3634",
"O2MS163914CZ187698","2146",
"O2MS163914CZ188292","2683",
"O2MS163914CZ187934","2372",
"O2MS163914CZ188743","3110/592",
"O2MS163914CZ188194","2599",
"O2MS163914CZ189003","3361",
"O2MS163914CZ188645","3016",
"O2MS163914CZ186616","1181",
"O2MS163914CZ190934","4393",
"O2MS163914CZ186950","1470",
"O2MS163914CZ188905","3266",
"O2MS163914CZ189239","3597",
"O2MS163914CZ187210","1714",
"O2MS163914CZ187661","2111",
"O2MS163914CZ187446","1910",
"O2MS163914CZ187921","2359",
"O2MS163914CZ190661","4217",
"O2MS163914CZ188157","2563",
"O2MS163914CZ188632","3003",
"O2MS163914CZ190921","4380",
"O2MS163914CZ188417","2798",
"O2MS163914CZ186579","1150",
"O2MS163914CZ188868","3231",
"O2MS163914CZ187173","1678",
"O2MS163914CZ189128","3486",
"O2MS163914CZ187433","1900",
"O2MS163914CZ187075","1589",
"O2MS163914CZ189364","3718",
"O2MS163914CZ190173","2898",
"O2MS163914CZ190433","4087",
"O2MS163914CZ187786","2233",
"O2MS163914CZ190075","3829",
"O2MS163914CZ188380","2761",
"O2MS163914CZ186542","1113",
"O2MS163914CZ190786","4289",
"O2MS163914CZ186802","1346",
"O2MS163914CZ189091","3449",
"O2MS163914CZ186704","1254",
"O2MS163914CZ187038","1553",
"O2MS163914CZ187298","1792",
"O2MS163914CZ187749","2199",
"O2MS163914CZ188009","2447",
"O2MS163914CZ188343","2728",
"O2MS163914CZ190298","4003",
"O2MS163914CZ188245","2646",
"O2MS163914CZ188720","3089",
"O2MS163914CZ191009","4453",
"O2MS163914CZ188505","2884",
"O2MS163914CZ188956","3314",
"O2MS163914CZ186927","1448",
"O2MS163914CZ187261","1764",
"O2MS163914CZ189216","3574",
"O2MS163914CZ187521","1978",
"O2MS163914CZ187972","2410",
"O2MS163914CZ190261","3977;4489",
"O2MS163914CZ188232","2633",
"O2MS163914CZ187874","2315",
"O2MS163914CZ188683","3054",
"O2MS163914CZ188468","2849",
"O2MS163914CZ188585","2956",
"O2MS163914CZ190874","4344",
"O2MS163914CZ186890","1416",
"O2MS163914CZ189179","3537",
"O2MS163914CZ187601","2055",
"O2MS163914CZ187386","1857",
"O2MS163914CZ187837","2280",
"O2MS163914CZ190601","4170",
"O2MS163914CZ188097","2514",
"O2MS163914CZ190386","4049",
"O2MS163914CZ188548","2925",
"O2MS163914CZ190837","4314",
"O2MS163914CZ188808","3172",
"O2MS163914CZ189142","3500",
"O2MS163914CZ187113","1622",
"O2MS163914CZ189402","3754",
"O2MS163914CZ186755","1305,i.e.1304",
"O2MS163914CZ189044","3402",
"O2MS163914CZ187015","1531",
"O2MS163914CZ187349","1833",
"O2MS163914CZ189304","3661-2",
"O2MS163914CZ188060","2497",
"O2MS163914CZ188320","2705",
"O2MS163914CZ188771","3138",
"O2MS163914CZ190726","4245",
"O2MS163914CZ189031","3389",
"O2MS163914CZ186978","1498",
"O2MS163914CZ189267","3625",
"O2MS163914CZ187689","2135",
"O2MS163914CZ187474","1934",
"O2MS163914CZ188283","2675",
"O2MS163914CZ190689","4226",
"O2MS163914CZ190474","4101",
"O2MS163914CZ188636","3007",
"O2MS163914CZ186607","1178",
"O2MS163914CZ186941","1461",
"O2MS163914CZ188896","3257",
"O2MS163914CZ187201","1705",
"O2MS163914CZ187652","2102",
"O2MS163914CZ187912","2350",
"O2MS163914CZ190201","3923;4548",
"O2MS163914CZ187554","2012",
"O2MS163914CZ190652","4211",
"O2MS163914CZ188148","2554",
"O2MS163914CZ188623","2994",
"O2MS163914CZ190912","4371",
"O2MS163914CZ188408","2789",
"O2MS163914CZ190554","4136",
"O2MS163914CZ186570","1141",
"O2MS163914CZ188859","3223",
"O2MS163914CZ186830","1368",
"O2MS163914CZ189119","3477",
"O2MS163914CZ187066","1580",
"O2MS163914CZ189355","3709",
"O2MS163914CZ187326","1811",
"O2MS163914CZ187777","2224",
"O2MS163914CZ188371","2752",
"O2MS163914CZ190777","4282",
"O2MS163914CZ189082","3440",
"O2MS163914CZ186695","1245",
"O2MS163914CZ188984","3342",
"O2MS163914CZ187289","1786",
"O2MS163914CZ187740","2190",
"O2MS163914CZ188000","2438",
"O2MS163914CZ190289","3997",
"O2MS163914CZ190740","4259",
"O2MS163914CZ188236","2637",
"O2MS163914CZ188711","3081",
"O2MS163914CZ191000","4445",
"O2MS163914CZ188496","2876",
"O2MS163914CZ186658","1211",
"O2MS163914CZ186918","1440",
"O2MS163914CZ187252","1755",
"O2MS163914CZ189207","3565",
"O2MS163914CZ187629","2083",
"O2MS163914CZ187963","2401",
"O2MS163914CZ187414","1881",
"O2MS163914CZ190252","ff.3968;4493",
"O2MS163914CZ190512","4115",
"O2MS163914CZ187865","2306",
"O2MS163914CZ190154","3883",
"O2MS163914CZ190629","4195",
"O2MS163914CZ188125","2537",
"O2MS163914CZ188459","2840",
"O2MS163914CZ188576","2947",
"O2MS163914CZ190865","4336",
"O2MS163914CZ186881","1411",
"O2MS163914CZ189170","3528",
"O2MS163914CZ189430","3782;822;1105",
"O2MS163914CZ187592","2046",
"O2MS163914CZ190592","4157",
"O2MS163914CZ188088","2511",
"O2MS163914CZ190377","4044",
"O2MS163914CZ188539","2916",
"O2MS163914CZ188799","3163",
"O2MS163914CZ189393","3745",
"O2MS163914CZ186746","1295",
