O1GS129804CZ209650,211,,
O1GS129804CZ210276,796,,
O1GS129804CZ210191,716,,
O1GS129804CZ209708,264,,
O1GS129804CZ209623,185,,
O1GS129804CZ209544,117,,
O1GS129804CZ210170,695,,
O1GS129804CZ209687,244,,
O1GS129804CZ210085,612,,
O1GS129804CZ209602,166,,
O1GS129804CZ210228,749,,
O1GS129804CZ210149,676,,
O1GS129804CZ209666,226,,
O1GS129804CZ210064,592,,
O1GS129804CZ209581,147,,
O1GS129804CZ210207,731,,
O1GS129804CZ210122,649,,
O1GS129804CZ210043,571,,
O1GS129804CZ209560,128,,
O1GS129804CZ210186,711,,
O1GS129804CZ210101,628,,
O1GS129804CZ209533,108,,
O1GS129804CZ209454,44,,
O1GS129804CZ210080,607,,
O1GS129804CZ209597,161,,
O1GS129804CZ209995,525,,
O1GS129804CZ209512,93,,
O1GS129804CZ210059,587,,
O1GS129804CZ210575,1086,,
O1GS129804CZ209576,142,,
O1GS129804CZ209974,504,,
O1GS129804CZ209491,74,,
O1GS129804CZ210117,644,,
O1GS129804CZ210038,566,,
O1GS129804CZ210032,560,,
O1GS129804CZ210554,1066,,
O1GS129804CZ209953,486,,
O1GS129804CZ210096,623,,
O1GS129804CZ209528,101,,
O1GS129804CZ210591,1102,,
O1GS129804CZ209990,520,,
O1GS129804CZ209507,88,,
O1GS129804CZ209905,442,,
O1GS129804CZ209422,20/ 491,,
O1GS129804CZ210570,1081,,
O1GS129804CZ209969,500,,
O1GS129804CZ210485,998,,
O1GS129804CZ209486,69,,
O1GS129804CZ209884,422,,
O1GS129804CZ210027,555,,
O1GS129804CZ210549,1061,,
O1GS129804CZ209948,481,,
O1GS129804CZ210464,977,,
O1GS129804CZ209863,402,,
O1GS129804CZ209380,8,,
O1GS129804CZ210006,536,,
O1GS129804CZ210522,1035,,
O1GS129804CZ209921,456,,
O1GS129804CZ210443,956,,
O1GS129804CZ209842,381,,
O1GS129804CZ210586,1097,,
O1GS129804CZ210501,1014,,
O1GS129804CZ209900,437,,
O1GS129804CZ209417,15,,
O1GS129804CZ209815,358,,
O1GS129804CZ210480,993,,
O1GS129804CZ209879,417-418,,
O1GS129804CZ210395,909,,
O1GS129804CZ210459,972,,
O1GS129804CZ210335,851,,
O1GS129804CZ209858,397,,
O1GS129804CZ210374,888,,
O1GS129804CZ209773,321,,
O1GS129804CZ210517,1030,,
O1GS129804CZ210432,946,,
O1GS129804CZ210314,831,,
O1GS129804CZ209837,376,,
O1GS129804CZ209831,371,,
O1GS129804CZ210353,867,,
O1GS129804CZ210496,1009,,
O1GS129804CZ210411,925,,
O1GS129804CZ210293,813,,
O1GS129804CZ209810,353,,
O1GS129804CZ209725,280,,
O1GS129804CZ210390,904,,
O1GS129804CZ210272,792,,
O1GS129804CZ209789,337 / 31,,
O1GS129804CZ209704,261,,
O1GS129804CZ210330,846,,
O1GS129804CZ210369,883,,
O1GS129804CZ210251,771,,
O1GS129804CZ209768,316,,
O1GS129804CZ209683,241,,
O1GS129804CZ210427,941,,
O1GS129804CZ210309,827,,
O1GS129804CZ209826,367,,
O1GS129804CZ210348,513,862,
O1GS129804CZ210224,745,,
O1GS129804CZ209747,296,,
O1GS129804CZ210145,672,,
O1GS129804CZ209662,222,,
O1GS129804CZ210406,920,,
O1GS129804CZ210288,808,,
O1GS129804CZ210203,727,,
O1GS129804CZ209720,275,,
O1GS129804CZ209641,202,,
O1GS129804CZ209635,197,,
O1GS129804CZ210267,787,,
O1GS129804CZ210182,707,,
O1GS129804CZ209699,256,,
O1GS129804CZ209614,177,,
O1GS129804CZ210246,766,,
O1GS129804CZ210161,686,,
O1GS129804CZ209678,237,,
O1GS129804CZ210219,743,,
O1GS129804CZ210140,667,,
O1GS129804CZ210134,661,,
O1GS129804CZ209657,218,,
O1GS129804CZ210055,583,,
O1GS129804CZ209572,139,,
O1GS129804CZ210113,640,,
O1GS129804CZ209636,198,,
O1GS129804CZ209630,192,,
O1GS129804CZ209551,120,,
O1GS129804CZ210177,702,,
O1GS129804CZ210092,619,,
O1GS129804CZ209609,172,,
O1GS129804CZ209445,43,,
O1GS129804CZ210071,599,,
O1GS129804CZ209588,153,,
O1GS129804CZ209503,84,,
O1GS129804CZ210129,656,,
O1GS129804CZ210050,578,,
O1GS129804CZ209567,134,,
O1GS129804CZ209965,496,,
O1GS129804CZ209482,65,,
O1GS129804CZ210108,635,,
O1GS129804CZ210023,552,,
O1GS129804CZ210545,1057,,
O1GS129804CZ209461,49,,
O1GS129804CZ210087,614,,
O1GS129804CZ210002,532,,
O1GS129804CZ209519,97,,
O1GS129804CZ209440,38,,
O1GS129804CZ209434,32,,
O1GS129804CZ210066,594,,
O1GS129804CZ210582,1093,,
O1GS129804CZ209981,511,,
O1GS129804CZ210561,1073,,
O1GS129804CZ209960,492,,
O1GS129804CZ209477,61,,
O1GS129804CZ209875,414,,
O1GS129804CZ210018,547,,
O1GS129804CZ210540,1052,,
O1GS129804CZ210534,1047,,
O1GS129804CZ209939,474,,
O1GS129804CZ209933,468,,
O1GS129804CZ210455,968,,
O1GS129804CZ209854,393,,
O1GS129804CZ210598,1109,,
O1GS129804CZ209997,527,,
O1GS129804CZ210513,1026,,
O1GS129804CZ209912,448,,
O1GS129804CZ209429,27,,
O1GS129804CZ210577,1088,,
O1GS129804CZ209976,506,,
O1GS129804CZ210492,1005,,
O1GS129804CZ209891,429,,
O1GS129804CZ210556,1068,,
O1GS129804CZ210471,984,,
O1GS129804CZ209870,409,,
O1GS129804CZ209785,333,,
O1GS129804CZ210529,1042,,
O1GS129804CZ209928,463,,
O1GS129804CZ210450,963,,
O1GS129804CZ209849,388,,
O1GS129804CZ210365,879,,
O1GS129804CZ209764,312 / 628 / 1093,,
O1GS129804CZ210508,1021,,
O1GS129804CZ209907,444,,
O1GS129804CZ210423,937,,
O1GS129804CZ210305,825,,
O1GS129804CZ209822,363,,
O1GS129804CZ210344,270,858,
O1GS129804CZ209743,292,,
O1GS129804CZ210487,1000,,
O1GS129804CZ209886,424,,
O1GS129804CZ210402,916,,
O1GS129804CZ210284,804,,
O1GS129804CZ209801,345,,
O1GS129804CZ210466,979,,
O1GS129804CZ210381,895,,
O1GS129804CZ210263,783,,
O1GS129804CZ209780,328,,
O1GS129804CZ209695,252,,
O1GS129804CZ210321,837,,
O1GS129804CZ210360,874,,
O1GS129804CZ210242,762,,
O1GS129804CZ209759,307,,
O1GS129804CZ209674,233,,
O1GS129804CZ210418,932,,
O1GS129804CZ210300,820,,
O1GS129804CZ210339,145,853,
O1GS129804CZ210215,739,,
O1GS129804CZ209738,287,,
O1GS129804CZ209732,287,,
O1GS129804CZ209653,214,,
O1GS129804CZ210397,911,,
O1GS129804CZ210279,799,,
O1GS129804CZ209796,341,,
O1GS129804CZ210194,719,,
O1GS129804CZ210376,890,,
O1GS129804CZ210258,778,,
O1GS129804CZ210173,698,,
O1GS129804CZ209690,247,,
O1GS129804CZ210316,833,,
O1GS129804CZ209605,169,,
O1GS129804CZ210237,757,,
O1GS129804CZ210231,751,,
O1GS129804CZ210152,679,,
O1GS129804CZ209669,229,,
O1GS129804CZ209584,150,,
O1GS129804CZ210210,734,,
O1GS129804CZ209727,282,,
O1GS129804CZ210125,652,,
O1GS129804CZ209648,209,,
O1GS129804CZ209563,131,,
O1GS129804CZ210189,714,,
O1GS129804CZ209706,262,,
O1GS129804CZ210104,631,,
O1GS129804CZ209621,183,,
O1GS129804CZ209542,115,,
O1GS129804CZ210168,693,,
O1GS129804CZ210083,610,,
O1GS129804CZ209600,164,,
O1GS129804CZ210226,747,,
O1GS129804CZ209515,94,,
O1GS129804CZ210147,674,,
O1GS129804CZ210062,590,,
O1GS129804CZ209579,145 / 847,,
O1GS129804CZ209494,77,,
O1GS129804CZ210120,647,,
O1GS129804CZ210041,569,,
O1GS129804CZ210035,563,,
O1GS129804CZ209473,58,,
O1GS129804CZ210099,626,,
O1GS129804CZ209616,179,,
O1GS129804CZ210014,543,,
O1GS129804CZ209537,111,,
O1GS129804CZ209531,106,,
O1GS129804CZ209452,44,,
O1GS129804CZ210078,605,,
O1GS129804CZ210594,1105,,
O1GS129804CZ209993,523,,
O1GS129804CZ209510,91,,
O1GS129804CZ209425,23,,
O1GS129804CZ210057,585,,
O1GS129804CZ210573,1084,,
O1GS129804CZ209972,503,,
O1GS129804CZ209489,72,,
O1GS129804CZ209404,10,,
O1GS129804CZ210036,564,,
O1GS129804CZ210030,558,,
O1GS129804CZ210552,1064,,
O1GS129804CZ209951,484,,
O1GS129804CZ209468,55,,
O1GS129804CZ210009,539,,
O1GS129804CZ210525,1038,,
O1GS129804CZ209526,101,,
O1GS129804CZ209924,459,,
O1GS129804CZ209845,384,,
O1GS129804CZ210589,1100,,
O1GS129804CZ209988,518,,
O1GS129804CZ210504,1017,,
O1GS129804CZ209903,440,,
O1GS129804CZ209420,18,,
O1GS129804CZ210568,1079,,
O1GS129804CZ209967,498,,
O1GS129804CZ210483,996,,
O1GS129804CZ209882,420,,
O1GS129804CZ210547,1059,,
O1GS129804CZ209946,479,,
O1GS129804CZ210462,975,,
O1GS129804CZ209861,400,,
O1GS129804CZ209378,8,,
O1GS129804CZ210520,1033,,
O1GS129804CZ209919,454,,
O1GS129804CZ210441,954,,
O1GS129804CZ210435,949,,
O1GS129804CZ209840,379,,
O1GS129804CZ209755,303,,
O1GS129804CZ210499,1012,,
O1GS129804CZ209898,435,,
O1GS129804CZ210414,928,,
O1GS129804CZ209813,356,,
O1GS129804CZ210478,991,,
O1GS129804CZ209877,416,,
O1GS129804CZ210393,907,,
O1GS129804CZ210275,795,,
O1GS129804CZ210457,970,,
O1GS129804CZ210333,849,,
O1GS129804CZ209856,395,,
O1GS129804CZ210372,886,,
O1GS129804CZ210254,774,,
O1GS129804CZ209771,319,,
O1GS129804CZ210436,950,,
O1GS129804CZ210430,944,,
O1GS129804CZ210351,865,,
O1GS129804CZ209750,299,,
O1GS129804CZ209665,225,,
O1GS129804CZ210409,923,,
O1GS129804CZ210291,811,,
O1GS129804CZ209808,351,,
O1GS129804CZ209723,278,,
O1GS129804CZ209644,205,,
O1GS129804CZ210388,902,,
O1GS129804CZ210270,790,,
O1GS129804CZ209787,335,,
O1GS129804CZ210185,710,,
O1GS129804CZ209702,259,,
O1GS129804CZ210328,844,,
O1GS129804CZ210367,881,,
O1GS129804CZ210249,769,,
O1GS129804CZ209766,314,,
O1GS129804CZ210164,689,,
O1GS129804CZ209681,239,,
O1GS129804CZ210346,860,,
O1GS129804CZ210222,744,,
O1GS129804CZ210143,670,,
O1GS129804CZ209660,220,,
O1GS129804CZ210286,806,,
O1GS129804CZ210201,725,,
O1GS129804CZ209718,273,,
O1GS129804CZ209633,195,,
O1GS129804CZ209554,123,,
O1GS129804CZ210180,705,,
O1GS129804CZ209697,254,,
O1GS129804CZ210095,622,,
O1GS129804CZ209612,175,,
O1GS129804CZ210159,684,,
O1GS129804CZ209676,235,,
O1GS129804CZ209591,156,,
O1GS129804CZ210217,741,,
O1GS129804CZ210138,665,,
O1GS129804CZ210132,559,,
O1GS129804CZ210053,581,,
O1GS129804CZ209570,137,,
O1GS129804CZ210196,721,,
O1GS129804CZ209485,68,,
O1GS129804CZ210111,638,,
O1GS129804CZ209628,190,,
O1GS129804CZ209549,119,,
O1GS129804CZ209464,51,,
O1GS129804CZ210090,617,,
O1GS129804CZ209607,171,,
O1GS129804CZ210005,535,,
O1GS129804CZ209522,99,,
O1GS129804CZ209443,41,,
O1GS129804CZ210069,597,,
O1GS129804CZ210585,1096,,
O1GS129804CZ209984,514,,
O1GS129804CZ209501,82,,
O1GS129804CZ210127,654,,
O1GS129804CZ210048,576,,
O1GS129804CZ210564,720,,
O1GS129804CZ209963,494,,
O1GS129804CZ210106,633,,
O1GS129804CZ210021,550,,
O1GS129804CZ210543,1055,,
O1GS129804CZ209942,476,,
O1GS129804CZ209459,47,,
O1GS129804CZ210601,1112,,
O1GS129804CZ209374,8,,
O1GS129804CZ210000,530,,
O1GS129804CZ209517,95,,
O1GS129804CZ209915,451,,
O1GS129804CZ209438,36,,
O1GS129804CZ209432,30,,
O1GS129804CZ210580,1091,,
O1GS129804CZ209979,509,,
O1GS129804CZ210495,1008,,
O1GS129804CZ209496,79,,
O1GS129804CZ210559,1071,,
O1GS129804CZ209958,490,,
O1GS129804CZ210474,987,,
O1GS129804CZ209873,412,,
O1GS129804CZ209390,8,,
O1GS129804CZ210016,545,,
O1GS129804CZ210538,1050,,
O1GS129804CZ210532,1045,,
O1GS129804CZ209937,472,,
O1GS129804CZ209931,466,,
O1GS129804CZ210453,966,,
O1GS129804CZ209852,391,,
O1GS129804CZ210596,1107,,
O1GS129804CZ210511,1024,,
O1GS129804CZ209910,447,,
O1GS129804CZ209427,25/ 553,,
O1GS129804CZ209825,366,,
O1GS129804CZ210490,1003,,
O1GS129804CZ209889,427,,
O1GS129804CZ210405,919,,
O1GS129804CZ209804,347,,
O1GS129804CZ210469,982 / 613,,
O1GS129804CZ209868,407,,
O1GS129804CZ210384,898,,
O1GS129804CZ209783,42 / 331,,
O1GS129804CZ210527,1040,,
O1GS129804CZ209926,461,,
O1GS129804CZ210448,961,,
O1GS129804CZ210324,840,,
O1GS129804CZ209847,386,,
O1GS129804CZ210363,877,,
O1GS129804CZ210245,765,,
O1GS129804CZ209762,310,,
O1GS129804CZ210506,1019,,
O1GS129804CZ210421,935,,
O1GS129804CZ210303,823,,
O1GS129804CZ209820,361,,
O1GS129804CZ210342,676,856,
O1GS129804CZ209741,290,,
O1GS129804CZ210400,914,,
O1GS129804CZ210282,802,,
O1GS129804CZ209799,343,,
O1GS129804CZ209714,269,,
O1GS129804CZ210379,893,,
O1GS129804CZ210261,781,,
O1GS129804CZ209778,326,,
O1GS129804CZ209693,250,,
O1GS129804CZ210319,835,,
O1GS129804CZ210358,872,,
O1GS129804CZ210240,760,,
O1GS129804CZ210234,754,,
O1GS129804CZ209757,305,,
O1GS129804CZ210155,682,,
O1GS129804CZ209672,231,,
O1GS129804CZ210416,930,,
O1GS129804CZ210298,818,,
O1GS129804CZ210213,737,,
O1GS129804CZ209736,287,,
O1GS129804CZ209730,285,,
O1GS129804CZ209651,212,,
O1GS129804CZ210277,797,,
O1GS129804CZ210192,717,,
O1GS129804CZ209709,265,,
O1GS129804CZ209624,186,,
O1GS129804CZ210256,776,,
O1GS129804CZ209545,118,,
O1GS129804CZ210171,696,,
O1GS129804CZ209688,245,,
O1GS129804CZ209603,167,,
O1GS129804CZ210229,750,,
O1GS129804CZ210150,677,,
O1GS129804CZ209667,227,,
O1GS129804CZ210065,593,,
O1GS129804CZ209582,148,,
O1GS129804CZ210208,732,,
O1GS129804CZ210123,650,,
O1GS129804CZ209646,207,,
O1GS129804CZ210044,572,,
O1GS129804CZ209561,129,,
O1GS129804CZ210187,712,,
O1GS129804CZ210102,629,,
O1GS129804CZ209619,181,,
O1GS129804CZ209540,113,,
O1GS129804CZ209534,109,,
O1GS129804CZ210166,691,,
O1GS129804CZ210081,608,,
O1GS129804CZ209598,162,,
O1GS129804CZ210060,588,,
O1GS129804CZ209577,611 / 143 / 918,,
O1GS129804CZ209975,505,,
O1GS129804CZ209492,75,,
O1GS129804CZ210118,645,,
O1GS129804CZ210039,567,,
O1GS129804CZ210033,561,,
O1GS129804CZ210555,1067,,
O1GS129804CZ209556,125,,
O1GS129804CZ209471,56,,
O1GS129804CZ210097,624,,
O1GS129804CZ210012,541,,
O1GS129804CZ209529,105,,
O1GS129804CZ209450,44,,
O1GS129804CZ210076,603,,
O1GS129804CZ210592,1103,,
O1GS129804CZ209365,7,,
O1GS129804CZ209991,521,,
O1GS129804CZ209508,89,,
O1GS129804CZ209423,21/ 531,,
O1GS129804CZ210571,1082,,
O1GS129804CZ209970,501,,
O1GS129804CZ209487,70,,
O1GS129804CZ209885,423,,
O1GS129804CZ210028,556,,
O1GS129804CZ210550,1062,,
O1GS129804CZ209949,482,,
O1GS129804CZ210465,978,,
O1GS129804CZ209466,,,
O1GS129804CZ209864,403,,
O1GS129804CZ210007,537,,
O1GS129804CZ210523,1036,,
O1GS129804CZ209922,457,,
O1GS129804CZ210444,957,,
O1GS129804CZ209843,382,,
O1GS129804CZ210587,1098,,
O1GS129804CZ209986,516,,
O1GS129804CZ210502,1015,,
O1GS129804CZ209901,438,,
O1GS129804CZ209418,15,,
O1GS129804CZ210566,1077,,
O1GS129804CZ210481,994,,
O1GS129804CZ209880,418,,
O1GS129804CZ209795,340,,
O1GS129804CZ210460,973,,
O1GS129804CZ209859,398,,
O1GS129804CZ210375,889,,
O1GS129804CZ209376,8,,
O1GS129804CZ209774,322,,
O1GS129804CZ210518,1031,,
O1GS129804CZ209917,452,,
O1GS129804CZ210439,952,,
O1GS129804CZ210433,947,,
O1GS129804CZ210315,832,,
O1GS129804CZ209838,377,,
O1GS129804CZ209832,372,,
O1GS129804CZ210354,868,,
O1GS129804CZ209753,301,,
O1GS129804CZ210497,1010,,
O1GS129804CZ209896,433,,
O1GS129804CZ210412,926,,
O1GS129804CZ210294,814,,
O1GS129804CZ209811,354,,
O1GS129804CZ210476,989,,
O1GS129804CZ210391,905,,
O1GS129804CZ210273,793,,
O1GS129804CZ209790,338,,
O1GS129804CZ210331,847,,
O1GS129804CZ210370,884,,
O1GS129804CZ210252,772,,
O1GS129804CZ209769,317,,
O1GS129804CZ209684,242,,
O1GS129804CZ210428,942,,
O1GS129804CZ210310,828,,
O1GS129804CZ209827,368,,
O1GS129804CZ210349,863,,
O1GS129804CZ210225,746,,
O1GS129804CZ209748,297,,
O1GS129804CZ209663,223,,
O1GS129804CZ210407,921,,
O1GS129804CZ210289,809,,
O1GS129804CZ209806,349,,
O1GS129804CZ210204,728,,
O1GS129804CZ209721,276,,
O1GS129804CZ209642,203,,
O1GS129804CZ210386,900,,
O1GS129804CZ210268,788,,
O1GS129804CZ210183,708,,
O1GS129804CZ209700,257,,
O1GS129804CZ210326,842,,
O1GS129804CZ209615,178,,
O1GS129804CZ210247,767,,
O1GS129804CZ210162,687,,
O1GS129804CZ209594,158,,
O1GS129804CZ210141,668,,
O1GS129804CZ210135,662,,
O1GS129804CZ209658,219,,
O1GS129804CZ209573,140,,
O1GS129804CZ210199,723,,
O1GS129804CZ209716,271,,
O1GS129804CZ210114,641,,
O1GS129804CZ209637,199,,
O1GS129804CZ209631,193,,
O1GS129804CZ209552,121,,
O1GS129804CZ210178,703,,
O1GS129804CZ210093,620,,
O1GS129804CZ209610,173,,
O1GS129804CZ209525,101,,
O1GS129804CZ210157,683,,
O1GS129804CZ210072,600,,
O1GS129804CZ209589,154,,
O1GS129804CZ209504,85,,
O1GS129804CZ210136,663,,
O1GS129804CZ210130,657,,
O1GS129804CZ210051,579,,
O1GS129804CZ209568,135,,
O1GS129804CZ209483,66,,
O1GS129804CZ210109,636,,
O1GS129804CZ209626,188,,
O1GS129804CZ210024,553,,
O1GS129804CZ209547,119,,
O1GS129804CZ209945,478,,
O1GS129804CZ210088,615,,
O1GS129804CZ210003,533,,
O1GS129804CZ209520,98,,
O1GS129804CZ209441,39,,
O1GS129804CZ209435,33,,
O1GS129804CZ210067,595,,
O1GS129804CZ210583,1094,,
O1GS129804CZ209982,512,,
O1GS129804CZ209499,80,,
O1GS129804CZ210046,574,,
O1GS129804CZ210562,1074,,
O1GS129804CZ209478,62,,
O1GS129804CZ210019,548,,
O1GS129804CZ210541,1053,,
O1GS129804CZ210535,1048,,
O1GS129804CZ209940,475,,
O1GS129804CZ209934,469,,
O1GS129804CZ209457,45,,
O1GS129804CZ209855,394,,
O1GS129804CZ210599,1110,,
O1GS129804CZ209372,8,,
O1GS129804CZ209998,528,,
O1GS129804CZ210514,1027,,
O1GS129804CZ209913,449,,
O1GS129804CZ209436,34,,
O1GS129804CZ209430,28,,
O1GS129804CZ210578,1089,,
O1GS129804CZ209977,507,,
O1GS129804CZ210493,1006,,
O1GS129804CZ209892,430,,
O1GS129804CZ210557,1069,,
O1GS129804CZ209956,488,,
O1GS129804CZ210472,985,,
O1GS129804CZ209871,410,,
O1GS129804CZ209388,8,,
O1GS129804CZ210536,692,,
O1GS129804CZ210530,1043,,
O1GS129804CZ209929,464,,
O1GS129804CZ210451,964,,
O1GS129804CZ209850,389,,
O1GS129804CZ209765,313 / 617 / 974,,
O1GS129804CZ210509,1022,,
O1GS129804CZ209908,445,,
O1GS129804CZ210424,938,,
O1GS129804CZ209823,364,,
O1GS129804CZ210345,273,511,859
O1GS129804CZ210488,1001,,
O1GS129804CZ209744,293,,
O1GS129804CZ209887,425,,
O1GS129804CZ210403,917,,
O1GS129804CZ210285,805,,
O1GS129804CZ209802,346,,
O1GS129804CZ210467,980,,
O1GS129804CZ209866,405,,
O1GS129804CZ210382,896,,
O1GS129804CZ210264,784,,
O1GS129804CZ209781,329,,
O1GS129804CZ210446,959,,
O1GS129804CZ210322,838,,
O1GS129804CZ210361,875,,
O1GS129804CZ210243,763,,
O1GS129804CZ209760,308,,
O1GS129804CZ209675,234,,
O1GS129804CZ210419,933,,
O1GS129804CZ210301,821,,
O1GS129804CZ210340,522,854,
O1GS129804CZ209739,288,,
O1GS129804CZ209654,215,,
O1GS129804CZ210398,912,,
O1GS129804CZ210280,800,,
O1GS129804CZ209797,342,,
O1GS129804CZ210195,720,,
O1GS129804CZ209712,267,,
O1GS129804CZ210377,891,,
O1GS129804CZ210259,779,,
O1GS129804CZ209776,324,,
O1GS129804CZ210174,699,,
O1GS129804CZ209691,248,,
O1GS129804CZ210317,834,,
O1GS129804CZ210356,870,,
O1GS129804CZ210238,758,,
O1GS129804CZ210232,752,,
O1GS129804CZ210153,680,,
O1GS129804CZ209670,230,,
O1GS129804CZ210296,816,,
O1GS129804CZ209585,151,,
O1GS129804CZ210211,735,,
O1GS129804CZ209728,283,,
O1GS129804CZ209649,210,,
O1GS129804CZ209564,132,,
O1GS129804CZ210190,715,,
O1GS129804CZ209707,263,,
O1GS129804CZ210105,632,,
O1GS129804CZ209622,184,,
O1GS129804CZ209543,116,,
O1GS129804CZ210169,694,,
O1GS129804CZ209686,243,,
O1GS129804CZ210084,611,,
O1GS129804CZ209601,165,,
O1GS129804CZ210227,748,,
O1GS129804CZ210148,675,,
O1GS129804CZ210063,591,,
O1GS129804CZ209580,146,,
O1GS129804CZ210206,730,,
O1GS129804CZ209495,78,,
O1GS129804CZ210121,648,,
O1GS129804CZ210042,570,,
O1GS129804CZ209559,127,,
O1GS129804CZ209474,59,,
O1GS129804CZ210100,627,,
O1GS129804CZ209617,180,,
O1GS129804CZ210015,544,,
O1GS129804CZ209538,112,,
O1GS129804CZ209532,107,,
O1GS129804CZ210079,606,,
O1GS129804CZ210595,1106,,
O1GS129804CZ209596,160,,
O1GS129804CZ209994,524,,
O1GS129804CZ209511,92,,
O1GS129804CZ210058,586,,
O1GS129804CZ210574,1085,,
O1GS129804CZ209490,73,,
O1GS129804CZ210116,643,,
O1GS129804CZ210037,565,,
O1GS129804CZ210031,559,,
O1GS129804CZ210553,1065,,
O1GS129804CZ209952,485,,
O1GS129804CZ209469,56,,
O1GS129804CZ209384,8,,
O1GS129804CZ210010,540,,
O1GS129804CZ209527,103,,
O1GS129804CZ209925,460,,
O1GS129804CZ209448,44,,
O1GS129804CZ210590,1101,,
O1GS129804CZ209363,7,,
O1GS129804CZ209989,519,,
O1GS129804CZ210505,1018,,
O1GS129804CZ209506,87,,
O1GS129804CZ209904,441,,
O1GS129804CZ209421,19/ 554,,
O1GS129804CZ210569,1080,,
O1GS129804CZ209968,499,,
O1GS129804CZ210484,997,,
O1GS129804CZ209883,421,,
O1GS129804CZ210026,554,,
O1GS129804CZ210548,1060,,
O1GS129804CZ209947,480,,
O1GS129804CZ210463,976,,
O1GS129804CZ209862,401,,
O1GS129804CZ210521,1034,,
O1GS129804CZ209920,455,,
O1GS129804CZ210442,955,,
O1GS129804CZ209841,380,,
O1GS129804CZ209835,374,,
O1GS129804CZ210500,1013,,
O1GS129804CZ209899,436,,
O1GS129804CZ210415,929,,
O1GS129804CZ209416,14,,
O1GS129804CZ209814,357,,
O1GS129804CZ210479,992,,
O1GS129804CZ210394,908,,
O1GS129804CZ209793,340,,
O1GS129804CZ210458,971,,
O1GS129804CZ210334,850,,
O1GS129804CZ209857,396,,
O1GS129804CZ210373,887,,
O1GS129804CZ210255,775,,
O1GS129804CZ209772,320,,
O1GS129804CZ210516,1029,,
O1GS129804CZ210437,951,,
O1GS129804CZ210431,945,,
O1GS129804CZ210313,830,,
O1GS129804CZ209830,370,,
O1GS129804CZ209836,375,,
O1GS129804CZ210352,866,,
O1GS129804CZ209751,300,,
O1GS129804CZ210410,924,,
O1GS129804CZ210292,812,,
O1GS129804CZ209809,352,,
O1GS129804CZ209724,279,,
O1GS129804CZ209645,206,,
O1GS129804CZ210389,903,,
O1GS129804CZ210271,791,,
O1GS129804CZ209788,336,,
O1GS129804CZ209703,260,,
O1GS129804CZ210329,845,,
O1GS129804CZ210368,882,,
O1GS129804CZ210250,770,,
O1GS129804CZ209767,315,,
O1GS129804CZ210165,690,,
O1GS129804CZ209682,240,,
O1GS129804CZ210426,940,,
O1GS129804CZ210347,861,,
O1GS129804CZ209746,295,,
O1GS129804CZ210144,671,,
O1GS129804CZ209661,221,,
O1GS129804CZ210287,808,,
O1GS129804CZ210202,726,,
O1GS129804CZ209719,274,,
O1GS129804CZ209640,201,,
O1GS129804CZ209634,196,,
O1GS129804CZ210266,786,,
O1GS129804CZ209555,124,,
O1GS129804CZ210181,706,,
O1GS129804CZ209698,255,,
O1GS129804CZ209613,176,,
O1GS129804CZ210160,685,,
O1GS129804CZ209677,236,,
O1GS129804CZ210075,602,,
O1GS129804CZ209592,157,,
O1GS129804CZ210218,742,,
O1GS129804CZ210139,666,,
O1GS129804CZ210133,560,,
O1GS129804CZ209656,217,,
O1GS129804CZ210054,582,,
O1GS129804CZ209571,138,,
O1GS129804CZ210197,722,,
O1GS129804CZ210112,639,,
O1GS129804CZ209629,191,,
O1GS129804CZ210176,701,,
O1GS129804CZ209465,52,,
O1GS129804CZ210091,618,,
O1GS129804CZ209523,100,,
O1GS129804CZ209444,42,,
O1GS129804CZ210070,598,,
O1GS129804CZ209587,152,,
O1GS129804CZ209985,515,,
O1GS129804CZ209502,83,,
O1GS129804CZ210128,655,,
O1GS129804CZ210049,577,,
O1GS129804CZ210565,1076,,
O1GS129804CZ209566,133,,
O1GS129804CZ209964,495,,
O1GS129804CZ209481,64,,
O1GS129804CZ210107,634,,
O1GS129804CZ210022,551,,
O1GS129804CZ210544,1056,,
O1GS129804CZ209943,477,,
O1GS129804CZ209460,48,,
O1GS129804CZ210086,613 / 982,,
O1GS129804CZ210602,1113,,
O1GS129804CZ210001,531,,
O1GS129804CZ209518,96,,
O1GS129804CZ209439,37,,
O1GS129804CZ209433,31,,
O1GS129804CZ210581,1092,,
O1GS129804CZ209980,510,,
O1GS129804CZ209497,80,,
O1GS129804CZ209895,432,,
O1GS129804CZ209412,12,,
O1GS129804CZ210560,1072,,
O1GS129804CZ209959,491,,
O1GS129804CZ210475,988,,
O1GS129804CZ209476,60,,
O1GS129804CZ209874,413,,
O1GS129804CZ210017,546,,
O1GS129804CZ210539,1051,,
O1GS129804CZ210533,1046,,
O1GS129804CZ209938,473,,
O1GS129804CZ209932,467,,
O1GS129804CZ210454,967,,
O1GS129804CZ209853,392,,
O1GS129804CZ210597,1108,,
O1GS129804CZ209370,8,,
O1GS129804CZ209996,526,,
O1GS129804CZ210512,1025,,
O1GS129804CZ209428,26,,
O1GS129804CZ210576,1087,,
O1GS129804CZ210491,1004,,
O1GS129804CZ209890,428,,
O1GS129804CZ209805,348,,
O1GS129804CZ210470,983,,
O1GS129804CZ209869,408,,
O1GS129804CZ210385,899,,
O1GS129804CZ209386,8,,
O1GS129804CZ209784,332,,
O1GS129804CZ210528,1041,,
O1GS129804CZ209927,462,,
O1GS129804CZ210449,962,,
O1GS129804CZ210325,841,,
O1GS129804CZ209848,387,,
O1GS129804CZ210364,878,,
O1GS129804CZ209763,311,,
O1GS129804CZ210507,1020,,
O1GS129804CZ209906,443,,
O1GS129804CZ210422,936,,
O1GS129804CZ210304,824,,
O1GS129804CZ209821,362,,
O1GS129804CZ210343,679,857,
O1GS129804CZ209742,291,,
O1GS129804CZ210486,999,,
O1GS129804CZ210401,915,,
O1GS129804CZ210283,803,,
O1GS129804CZ209800,,,
O1GS129804CZ209715,270,,
O1GS129804CZ210380,894,,
O1GS129804CZ210262,782,,
O1GS129804CZ209779,327,,
O1GS129804CZ209694,251,,
O1GS129804CZ210320,836,,
O1GS129804CZ210359,873,,
O1GS129804CZ210241,761,,
O1GS129804CZ210235,755,,
O1GS129804CZ209758,306,,
O1GS129804CZ209673,232,,
O1GS129804CZ210417,931,,
O1GS129804CZ210299,819,,
O1GS129804CZ209816,359,,
O1GS129804CZ210338,852,,
O1GS129804CZ210214,738,,
O1GS129804CZ209731,286,,
O1GS129804CZ209652,213,,
O1GS129804CZ210396,910,,
O1GS129804CZ210278,798,,
O1GS129804CZ210193,718,,
O1GS129804CZ209710,266,,
O1GS129804CZ209625,187,,
O1GS129804CZ210257,777,,
O1GS129804CZ210172,697,,
O1GS129804CZ209689,246,,
O1GS129804CZ209604,168,,
O1GS129804CZ210236,756,,
O1GS129804CZ210151,678,,
O1GS129804CZ209668,228,,
O1GS129804CZ209583,149,,
O1GS129804CZ210209,733,,
O1GS129804CZ209726,281 / 4522,,
O1GS129804CZ210124,651,,
O1GS129804CZ209647,208,,
O1GS129804CZ210045,573,,
O1GS129804CZ209562,130,,
O1GS129804CZ210188,713,,
O1GS129804CZ210103,630,,
O1GS129804CZ209620,182,,
O1GS129804CZ209541,115,,
O1GS129804CZ210167,692,,
O1GS129804CZ210082,609,,
O1GS129804CZ209599,163,,
O1GS129804CZ210146,673,,
O1GS129804CZ210061,589,,
O1GS129804CZ209578,144,,
O1GS129804CZ209493,76,,
O1GS129804CZ210119,646,,
O1GS129804CZ210040,568,,
O1GS129804CZ210034,562,,
O1GS129804CZ209557,126,,
O1GS129804CZ209955,487,,
O1GS129804CZ209472,58,,
O1GS129804CZ210098,625,,
O1GS129804CZ210013,542,,
O1GS129804CZ209536,110,,
O1GS129804CZ210077,604,,
O1GS129804CZ210593,1104,,
O1GS129804CZ209992,522,,
O1GS129804CZ209509,90,,
O1GS129804CZ209424,22/ 530,,
O1GS129804CZ210056,584,,
O1GS129804CZ210572,1083,,
O1GS129804CZ209971,502,,
O1GS129804CZ209488,71,,
O1GS129804CZ210029,557,,
O1GS129804CZ210551,1063,,
O1GS129804CZ209950,483,,
O1GS129804CZ209467,,,
O1GS129804CZ209865,404,,
O1GS129804CZ209382,8,,
O1GS129804CZ210008,538,,
O1GS129804CZ210524,1037,,
O1GS129804CZ209923,458,,
O1GS129804CZ210445,958,,
O1GS129804CZ209844,383,,
O1GS129804CZ210588,1099,,
O1GS129804CZ209361,6,,
O1GS129804CZ209987,517,,
O1GS129804CZ210503,1016,,
O1GS129804CZ209902,439,,
O1GS129804CZ209419,17/ 489,,
O1GS129804CZ210567,1078,,
O1GS129804CZ209966,497,,
O1GS129804CZ210482,995,,
O1GS129804CZ209881,419,,
O1GS129804CZ210546,1058,,
O1GS129804CZ210461,974,,
O1GS129804CZ209860,399,,
O1GS129804CZ209775,323,,
O1GS129804CZ210519,1032,,
O1GS129804CZ209918,453,,
O1GS129804CZ210440,953,,
O1GS129804CZ210434,948,,
O1GS129804CZ209839,378,,
O1GS129804CZ209833,373,,
O1GS129804CZ210355,652,869,
O1GS129804CZ209754,302,,
O1GS129804CZ210498,1011,,
O1GS129804CZ209897,434,,
O1GS129804CZ210413,927,,
O1GS129804CZ210295,815,,
O1GS129804CZ209812,355,,
O1GS129804CZ210477,990,,
O1GS129804CZ209876,415,,
O1GS129804CZ210392,906,,
O1GS129804CZ210274,794,,
O1GS129804CZ209791,339,,
O1GS129804CZ210456,969,,
O1GS129804CZ210332,848,,
O1GS129804CZ210371,885,,
O1GS129804CZ210253,773,,
O1GS129804CZ209770,318,,
O1GS129804CZ210429,943,,
O1GS129804CZ210311,829,,
O1GS129804CZ209828,369,,
O1GS129804CZ210350,528,864,
O1GS129804CZ209749,298,,
O1GS129804CZ209664,224,,
O1GS129804CZ210408,922,,
O1GS129804CZ210290,810,,
O1GS129804CZ209807,350,,
O1GS129804CZ210205,729,,
O1GS129804CZ209722,277,,
O1GS129804CZ209643,204,,
O1GS129804CZ210387,901,,
O1GS129804CZ210269,789,,
O1GS129804CZ209786,334,,
O1GS129804CZ210184,709,,
O1GS129804CZ209701,258,,
O1GS129804CZ210327,843,,
O1GS129804CZ210366,880,,
O1GS129804CZ210248,768,,
O1GS129804CZ210163,688,,
O1GS129804CZ209680,238,,
O1GS129804CZ210306,826,,
O1GS129804CZ209595,159,,
O1GS129804CZ210142,669,,
O1GS129804CZ209574,141 / 525 / 916,,
O1GS129804CZ210200,724,,
O1GS129804CZ209717,272,,
O1GS129804CZ210115,642,,
O1GS129804CZ209638,200,,
O1GS129804CZ209632,194,,
O1GS129804CZ209553,122,,
O1GS129804CZ210179,704,,
O1GS129804CZ209696,253,,
O1GS129804CZ210094,621,,
O1GS129804CZ209611,174,,
O1GS129804CZ210073,601,,
O1GS129804CZ209590,155,,
O1GS129804CZ210216,740,,
O1GS129804CZ209505,,,
O1GS129804CZ210137,664,,
O1GS129804CZ210131,558,,
O1GS129804CZ210052,580,,
O1GS129804CZ209569,136,,
O1GS129804CZ209484,67,,
O1GS129804CZ210110,637,,
O1GS129804CZ209627,189,,
O1GS129804CZ209463,50,,
O1GS129804CZ210089,616,,
O1GS129804CZ210605,1114,,
O1GS129804CZ209606,170,,
O1GS129804CZ210004,534,,
O1GS129804CZ209442,40,,
O1GS129804CZ210068,596,,
O1GS129804CZ210584,1095,,
O1GS129804CZ209983,513,,
O1GS129804CZ209500,81,,
O1GS129804CZ210126,653,,
O1GS129804CZ209415,13,,
O1GS129804CZ210047,575,,
O1GS129804CZ210563,1075,,
O1GS129804CZ209962,493,,
O1GS129804CZ209479,63,,
O1GS129804CZ210020,549,,
O1GS129804CZ210542,1054,,
O1GS129804CZ209935,470,,
O1GS129804CZ209458,46,,
O1GS129804CZ210600,1111,,
O1GS129804CZ209999,529,,
O1GS129804CZ210515,1028,,
O1GS129804CZ209914,450,,
O1GS129804CZ209431,29,,
O1GS129804CZ209437,35,,
O1GS129804CZ210579,1090,,
O1GS129804CZ209978,508,,
O1GS129804CZ210494,1007,,
O1GS129804CZ209893,431,,
O1GS129804CZ210558,1070,,
O1GS129804CZ209957,489,,
O1GS129804CZ210473,986,,
O1GS129804CZ209872,411,,
O1GS129804CZ210537,1049,,
O1GS129804CZ210531,1044,,
O1GS129804CZ209936,471,,
O1GS129804CZ209930,465,,
O1GS129804CZ210452,965,,
O1GS129804CZ209851,390,,
O1GS129804CZ209368,8,,
O1GS129804CZ210510,1023,,
O1GS129804CZ209909,446,,
O1GS129804CZ210425,939,,
O1GS129804CZ209426,24,,
O1GS129804CZ209824,365,,
O1GS129804CZ209745,294,,
O1GS129804CZ210489,1002,,
O1GS129804CZ209888,426,,
O1GS129804CZ210404,918,,
O1GS129804CZ210468,981,,
O1GS129804CZ209867,406,,
O1GS129804CZ210383,897,,
O1GS129804CZ210265,785,,
O1GS129804CZ209782,329,,
O1GS129804CZ210526,1039,,
O1GS129804CZ210447,960,,
O1GS129804CZ210323,839,,
O1GS129804CZ209846,385,,
O1GS129804CZ210362,876,,
O1GS129804CZ210244,764,,
O1GS129804CZ209761,309,,
O1GS129804CZ210420,934,,
O1GS129804CZ210302,822,,
O1GS129804CZ209819,360,,
O1GS129804CZ210341,674,855,
O1GS129804CZ209740,289,,
O1GS129804CZ209734,287,,
O1GS129804CZ209655,216,,
O1GS129804CZ210399,913,,
O1GS129804CZ210281,801,,
O1GS129804CZ209713,268,,
O1GS129804CZ210378,892,,
O1GS129804CZ210260,780,,
O1GS129804CZ209777,325,,
O1GS129804CZ210175,700,,
O1GS129804CZ209692,249,,
O1GS129804CZ210357,871,,
O1GS129804CZ210239,759,,
O1GS129804CZ210233,753,,
O1GS129804CZ209756,304,,
O1GS129804CZ210154,681,,
O1GS129804CZ210297,817,,
O1GS129804CZ210212,736,,
O1GS129804CZ209729,284,,
