O1PD195104CZ208250,?
O1PD195104CZ208772,666
O1PD195104CZ208766,719
O1PD195104CZ208171,0
O1PD195104CZ208165,0
O1PD195104CZ208687,?
O1PD195104CZ207688,20
O1PD195104CZ208086,320
O1PD195104CZ208830,507
O1PD195104CZ207603,6
O1PD195104CZ208229,413
O1PD195104CZ208745,555
O1PD195104CZ208809,519
O1PD195104CZ208208,0
O1PD195104CZ208724,645
O1PD195104CZ208788,535
O1PD195104CZ208703,588
O1PD195104CZ208102,330
O1PD195104CZ208017,262
O1PD195104CZ208761,714
O1PD195104CZ208160,0
O1PD195104CZ208682,?
O1PD195104CZ208081,315
O1PD195104CZ208597,696
O1PD195104CZ207996,245
O1PD195104CZ208740,575
O1PD195104CZ208537,501
O1PD195104CZ208054,288
O1PD195104CZ208576,592
O1PD195104CZ207975,226
O1PD195104CZ208719,489
O1PD195104CZ208118,344
O1PD195104CZ208516,
O1PD195104CZ208033,272
O1PD195104CZ208698,583
O1PD195104CZ208613,724
O1PD195104CZ208495,0
O1PD195104CZ208012,257
O1PD195104CZ208553,656
O1PD195104CZ208592,691
O1PD195104CZ208474,550
O1PD195104CZ207991,240
O1PD195104CZ208650,755
O1PD195104CZ208532,0
O1PD195104CZ208049,285
O1PD195104CZ208571,669
O1PD195104CZ208447,572
O1PD195104CZ207964,217
O1PD195104CZ207885,149
O1PD195104CZ208629,741
O1PD195104CZ208511,545
O1PD195104CZ208426,576
O1PD195104CZ207943,200
O1PD195104CZ208608,707
O1PD195104CZ208490,623
O1PD195104CZ208405,568
O1PD195104CZ207922,182
O1PD195104CZ207837,112
O1PD195104CZ208469,616
O1PD195104CZ208463,606
O1PD195104CZ208384,513
O1PD195104CZ207901,163
O1PD195104CZ208442,612
O1PD195104CZ207959,214
O1PD195104CZ208357,767
O1PD195104CZ207880,144
O1PD195104CZ208421,461
O1PD195104CZ207938,195
O1PD195104CZ208336,486
O1PD195104CZ207853,124
O1PD195104CZ207774,71
O1PD195104CZ208400,559
O1PD195104CZ208916,609
O1PD195104CZ208315,477
O1PD195104CZ207832,107
O1PD195104CZ208458,0?
O1PD195104CZ207747,49
O1PD195104CZ208379,721
O1PD195104CZ208895,549
O1PD195104CZ208294,459
O1PD195104CZ207726,35
O1PD195104CZ208352,497
O1PD195104CZ208874,548
O1PD195104CZ208273,447
O1PD195104CZ208267,441
O1PD195104CZ207790,83
O1PD195104CZ208932,739
O1PD195104CZ207705,358
O1PD195104CZ208847,688
O1PD195104CZ208246,429
O1PD195104CZ207763,63
O1PD195104CZ208911,598
O1PD195104CZ207684,25
O1PD195104CZ208310,127
O1PD195104CZ208826,640
O1PD195104CZ208225,0
O1PD195104CZ207742,46
O1PD195104CZ208890,594
O1PD195104CZ208289,458
O1PD195104CZ208805,531
O1PD195104CZ208204,395
O1PD195104CZ208869,544
O1PD195104CZ208863,
O1PD195104CZ208262,438
O1PD195104CZ208784,667
O1PD195104CZ208183,0
O1PD195104CZ207700,353
O1PD195104CZ208842,522
O1PD195104CZ208241,422
O1PD195104CZ208757,710
O1PD195104CZ207758,58
O1PD195104CZ208156,0
O1PD195104CZ207679,16
O1PD195104CZ208077,311
O1PD195104CZ208821,501
O1PD195104CZ208736,577
O1PD195104CZ208135,368
O1PD195104CZ208800,298
O1PD195104CZ208199,392
O1PD195104CZ208715,484
O1PD195104CZ208114,340
O1PD195104CZ208858,684
O1PD195104CZ208779,658
O1PD195104CZ208178,0
O1PD195104CZ208694,?
O1PD195104CZ207610,8
O1PD195104CZ208752,559
O1PD195104CZ208151,382
O1PD195104CZ208673,?
O1PD195104CZ208072,306
O1PD195104CZ208066,300
O1PD195104CZ207987,236
O1PD195104CZ208731,637
O1PD195104CZ208130,364
O1PD195104CZ208045,281
O1PD195104CZ208710,569
O1PD195104CZ208109,335
O1PD195104CZ208625,0?
O1PD195104CZ208507,562
O1PD195104CZ208024,269
O1PD195104CZ208689,?
O1PD195104CZ208565,661
O1PD195104CZ208088,322
O1PD195104CZ208604,703
O1PD195104CZ208486,0
O1PD195104CZ208003,250
O1PD195104CZ208662,759
O1PD195104CZ208544,653
O1PD195104CZ208061,295
O1PD195104CZ208583,681
O1PD195104CZ207982,231
O1PD195104CZ207897,159
O1PD195104CZ208641,748
O1PD195104CZ208040,276
O1PD195104CZ207955,210
O1PD195104CZ207876,142
O1PD195104CZ208620,732
O1PD195104CZ208502,636
O1PD195104CZ208019,264
O1PD195104CZ208417,521
O1PD195104CZ207934,191
O1PD195104CZ208560,665
O1PD195104CZ208599,698
O1PD195104CZ208481,652
O1PD195104CZ207913,173
O1PD195104CZ208539,646
O1PD195104CZ208578,676
O1PD195104CZ208454,599
O1PD195104CZ208375,717
O1PD195104CZ207892,156
O1PD195104CZ208518,774
O1PD195104CZ207807,94
O1PD195104CZ208433,588
O1PD195104CZ207950,205
O1PD195104CZ207865,133
O1PD195104CZ208412,565
O1PD195104CZ207929,186
O1PD195104CZ208327,766
O1PD195104CZ207844,117
O1PD195104CZ208391,530
O1PD195104CZ208907,614
O1PD195104CZ207908,168
O1PD195104CZ208306,0?
O1PD195104CZ207823,106
O1PD195104CZ208449,668
O1PD195104CZ208370,712
O1PD195104CZ208364,555
O1PD195104CZ208886,
O1PD195104CZ208285,454
O1PD195104CZ207802,91
O1PD195104CZ208428,583
O1PD195104CZ208343,492
O1PD195104CZ207860,129
O1PD195104CZ207781,78
O1PD195104CZ208923,
O1PD195104CZ207696,349
O1PD195104CZ208322,473
O1PD195104CZ208237,421
O1PD195104CZ207754,54
O1PD195104CZ208902,678
O1PD195104CZ208301,578
O1PD195104CZ208817,505
O1PD195104CZ207818,101
O1PD195104CZ208216,407
O1PD195104CZ207733,40
O1PD195104CZ208359,564
O1PD195104CZ208881,703
O1PD195104CZ208280,449
O1PD195104CZ208796,673
O1PD195104CZ208195,388
O1PD195104CZ208939,
O1PD195104CZ208338,489
O1PD195104CZ208854,694
O1PD195104CZ208775,655
O1PD195104CZ208174,0
O1PD195104CZ208918,
O1PD195104CZ207691,29
O1PD195104CZ208833,601
O1PD195104CZ207606,7
O1PD195104CZ208232,416
O1PD195104CZ208147,383
O1PD195104CZ208812,518
O1PD195104CZ208211,401
O1PD195104CZ208727,629
O1PD195104CZ208791,661
O1PD195104CZ208190,370
O1PD195104CZ208706,460
O1PD195104CZ208105,333
O1PD195104CZ208849,690
O1PD195104CZ208248,424
O1PD195104CZ208764,717
O1PD195104CZ208169,0
O1PD195104CZ208163,0
O1PD195104CZ208685,?
O1PD195104CZ208084,318
O1PD195104CZ208828,644
O1PD195104CZ208743,459
O1PD195104CZ208142,379
O1PD195104CZ208057,291
O1PD195104CZ207580,1
O1PD195104CZ208722,624
O1PD195104CZ208121,359
O1PD195104CZ208637,746
O1PD195104CZ207638,9
O1PD195104CZ208036,272
O1PD195104CZ208701,586
O1PD195104CZ208616,728
O1PD195104CZ208015,260
O1PD195104CZ208759,712
O1PD195104CZ208158,0
O1PD195104CZ208680,?
O1PD195104CZ208079,313
O1PD195104CZ208595,694
O1PD195104CZ208477,645
O1PD195104CZ207994,243
O1PD195104CZ208738,571
O1PD195104CZ208653,758
O1PD195104CZ208535,557
O1PD195104CZ208052,286
O1PD195104CZ208574,632
O1PD195104CZ207973,224
O1PD195104CZ207967,220
O1PD195104CZ208632,744
O1PD195104CZ208514,547
O1PD195104CZ207946,203
O1PD195104CZ208611,723
O1PD195104CZ208493,625
O1PD195104CZ208010,255
O1PD195104CZ207925,0
O1PD195104CZ208551,777
O1PD195104CZ208590,689
O1PD195104CZ208472,775
O1PD195104CZ208466,608
O1PD195104CZ207989,238
O1PD195104CZ208387,512
O1PD195104CZ207904,166
O1PD195104CZ208648,753
O1PD195104CZ208530,643
O1PD195104CZ208569,673
O1PD195104CZ208445,464
O1PD195104CZ207968,221
O1PD195104CZ207883,147
O1PD195104CZ208509,543
O1PD195104CZ208424,580
O1PD195104CZ207941,198
O1PD195104CZ207856,127
O1PD195104CZ208488,621
O1PD195104CZ207777,74
O1PD195104CZ208403,567
O1PD195104CZ207920,180
O1PD195104CZ207835,110
O1PD195104CZ208461,603
O1PD195104CZ208382,518
O1PD195104CZ207899,161
O1PD195104CZ208297,470
O1PD195104CZ207814,99
O1PD195104CZ208440,613
O1PD195104CZ208355,0
O1PD195104CZ208877,699
O1PD195104CZ207793,86
O1PD195104CZ208419,771
O1PD195104CZ208935,744
O1PD195104CZ208334,485
O1PD195104CZ207851,123
O1PD195104CZ207772,69
O1PD195104CZ207766,66
O1PD195104CZ208398,769
O1PD195104CZ208914,605
O1PD195104CZ207687,15
O1PD195104CZ208313,509
O1PD195104CZ207745,47
O1PD195104CZ208893,
O1PD195104CZ208292,460
O1PD195104CZ207809,96
O1PD195104CZ208207,398
O1PD195104CZ207724,33
O1PD195104CZ208350,508
O1PD195104CZ208872,547
O1PD195104CZ208866,
O1PD195104CZ208271,446
O1PD195104CZ208265,439
O1PD195104CZ208787,525
O1PD195104CZ208186,386
O1PD195104CZ208930,743
O1PD195104CZ207703,356
O1PD195104CZ208329,480
O1PD195104CZ208845,771
O1PD195104CZ208244,"426, 428, 427"
O1PD195104CZ207761,61
O1PD195104CZ208909,781
O1PD195104CZ207682,21
O1PD195104CZ208308,569
O1PD195104CZ208824,600
O1PD195104CZ207597,5
O1PD195104CZ208223,410
O1PD195104CZ207740,44
O1PD195104CZ208888,593
O1PD195104CZ208803,561
O1PD195104CZ207719,81
O1PD195104CZ208117,343
O1PD195104CZ208861,700
O1PD195104CZ208260,436
O1PD195104CZ208782,665
O1PD195104CZ208181,0
O1PD195104CZ208697,582
O1PD195104CZ207698,351
O1PD195104CZ208840,520
O1PD195104CZ208239,
O1PD195104CZ208755,708
O1PD195104CZ208154,0
O1PD195104CZ208676,?
O1PD195104CZ208075,309
O1PD195104CZ208819,0
O1PD195104CZ208218,409
O1PD195104CZ208734,625
O1PD195104CZ208133,366
O1PD195104CZ207650,10
O1PD195104CZ208798,592
O1PD195104CZ207571,1
O1PD195104CZ208713,591
O1PD195104CZ208112,338
O1PD195104CZ207629,9
O1PD195104CZ208027,272
O1PD195104CZ208692,?
O1PD195104CZ208091,785
O1PD195104CZ208607,706
O1PD195104CZ208750,567
O1PD195104CZ208149,381
O1PD195104CZ208671,?
O1PD195104CZ208665,762
O1PD195104CZ208070,304
O1PD195104CZ208064,298
O1PD195104CZ208586,684
O1PD195104CZ207985,234
O1PD195104CZ208729,630
O1PD195104CZ208644,751
O1PD195104CZ208128,362
O1PD195104CZ208526,638
O1PD195104CZ208043,279
O1PD195104CZ208708,458
O1PD195104CZ208623,735
O1PD195104CZ208505,633
O1PD195104CZ208022,267
O1PD195104CZ207937,194
O1PD195104CZ208563,502
O1PD195104CZ208602,701
O1PD195104CZ208484,652
O1PD195104CZ208001,248
O1PD195104CZ207916,176
O1PD195104CZ208542,649
O1PD195104CZ208059,293
O1PD195104CZ208581,679
O1PD195104CZ208457,602
O1PD195104CZ207980,229
O1PD195104CZ208521,0
O1PD195104CZ208038,274
O1PD195104CZ208436,591
O1PD195104CZ207953,208
O1PD195104CZ207874,140
O1PD195104CZ208618,730
O1PD195104CZ208500,634
O1PD195104CZ208415,520
O1PD195104CZ207932,189
O1PD195104CZ208558,0
O1PD195104CZ208394,554
O1PD195104CZ207911,171
O1PD195104CZ207826,361
O1PD195104CZ208452,595
O1PD195104CZ208373,715
O1PD195104CZ208367,709
O1PD195104CZ207890,154
O1PD195104CZ208431,586
O1PD195104CZ207869,137
O1PD195104CZ207863,785
O1PD195104CZ208410,298
O1PD195104CZ208926,731
O1PD195104CZ208325,685
O1PD195104CZ207842,115
O1PD195104CZ207757,57
O1PD195104CZ208389,519
O1PD195104CZ208905,611
O1PD195104CZ208304,531
O1PD195104CZ207821,104
O1PD195104CZ207736,43
O1PD195104CZ208368,710
O1PD195104CZ208362,0
O1PD195104CZ208884,706
O1PD195104CZ208283,
O1PD195104CZ207800,89
O1PD195104CZ208942,
O1PD195104CZ208341,490
O1PD195104CZ208857,683
O1PD195104CZ208256,434
O1PD195104CZ207779,76
O1PD195104CZ208177,0
O1PD195104CZ208921,657 / 767
O1PD195104CZ207694,347
O1PD195104CZ208320,472
O1PD195104CZ208836,566
O1PD195104CZ208235,419
O1PD195104CZ207752,52
O1PD195104CZ208900,
O1PD195104CZ207673,13
O1PD195104CZ208299,467
O1PD195104CZ208815,503
O1PD195104CZ208214,404
O1PD195104CZ207731,38
O1PD195104CZ208879,701
O1PD195104CZ207646,9
O1PD195104CZ208278,451
O1PD195104CZ208794,557
O1PD195104CZ208193,373
O1PD195104CZ207710,81
O1PD195104CZ208852,692
O1PD195104CZ208251,431
O1PD195104CZ208773,777
O1PD195104CZ208767,720
O1PD195104CZ208172,0
O1PD195104CZ208166,0
O1PD195104CZ207689,27
O1PD195104CZ208087,321
O1PD195104CZ208831,648
O1PD195104CZ208230,414
O1PD195104CZ208746,568
O1PD195104CZ207662,11
O1PD195104CZ208810,512
O1PD195104CZ207583,2
O1PD195104CZ208209,399
O1PD195104CZ208725,0
O1PD195104CZ208124,360
O1PD195104CZ207641,9
O1PD195104CZ208789,580
O1PD195104CZ208704,589
O1PD195104CZ208103,331
O1PD195104CZ207620,9
O1PD195104CZ208768,721
O1PD195104CZ208762,715
O1PD195104CZ208161,0
O1PD195104CZ208683,?
O1PD195104CZ208082,316
O1PD195104CZ207997,246
O1PD195104CZ208741,?
O1PD195104CZ208140,378
O1PD195104CZ208055,289
O1PD195104CZ208577,675
O1PD195104CZ207976,227
O1PD195104CZ208720,?
O1PD195104CZ208119,346
O1PD195104CZ208517,542
O1PD195104CZ208699,584
O1PD195104CZ208098,326
O1PD195104CZ208614,0
O1PD195104CZ208496,637
O1PD195104CZ208013,258
O1PD195104CZ208678,?
O1PD195104CZ208554,657
O1PD195104CZ208593,692
O1PD195104CZ208475,465
O1PD195104CZ207992,241
O1PD195104CZ207907,167
O1PD195104CZ208651,756
O1PD195104CZ208533,506
O1PD195104CZ208572,0?
O1PD195104CZ207965,218
O1PD195104CZ207886,150
O1PD195104CZ208630,742
O1PD195104CZ208512,546
O1PD195104CZ208427,582
O1PD195104CZ207944,201
O1PD195104CZ208609,781
O1PD195104CZ208491,624
O1PD195104CZ208008,253
O1PD195104CZ208406,503
O1PD195104CZ207923,183
O1PD195104CZ208549,654
O1PD195104CZ208588,687
O1PD195104CZ208470,617
O1PD195104CZ208464,605
O1PD195104CZ208385,511
O1PD195104CZ207902,164
O1PD195104CZ208528,640
O1PD195104CZ208443,542
O1PD195104CZ207960,215
O1PD195104CZ207881,145
O1PD195104CZ207796,87
O1PD195104CZ208422,525
O1PD195104CZ207939,196
O1PD195104CZ208337,487
O1PD195104CZ207854,125
O1PD195104CZ207775,72
O1PD195104CZ208401,782
O1PD195104CZ208917,
O1PD195104CZ207918,178
O1PD195104CZ208316,478
O1PD195104CZ207833,108
O1PD195104CZ208459,598
O1PD195104CZ208380,516
O1PD195104CZ208896,
O1PD195104CZ208295,529
O1PD195104CZ208438,0
O1PD195104CZ207727,36
O1PD195104CZ208353,498
O1PD195104CZ208875,682
O1PD195104CZ208274,448
O1PD195104CZ207791,84
O1PD195104CZ208933,740
O1PD195104CZ207706,359
O1PD195104CZ208332,481
O1PD195104CZ207849,120
O1PD195104CZ208247,?
O1PD195104CZ207770,67
O1PD195104CZ207764,64
O1PD195104CZ208912,604
O1PD195104CZ207685,26
O1PD195104CZ208311,574
O1PD195104CZ208827,643
O1PD195104CZ208891,595
O1PD195104CZ208806,197
O1PD195104CZ208205,397
O1PD195104CZ208348,494
O1PD195104CZ208870,545
O1PD195104CZ208864,542
O1PD195104CZ208263,444
O1PD195104CZ208785,668
O1PD195104CZ208184,387
O1PD195104CZ208928,734
O1PD195104CZ207701,354
O1PD195104CZ208843,521
O1PD195104CZ208242,423
O1PD195104CZ207759,59
O1PD195104CZ208157,0
O1PD195104CZ207680,18
O1PD195104CZ208822,551
O1PD195104CZ208737,127
O1PD195104CZ208136,375
O1PD195104CZ207653,10
O1PD195104CZ208801,572
O1PD195104CZ207574,1
O1PD195104CZ208200,393
O1PD195104CZ208716,485
O1PD195104CZ208115,341
O1PD195104CZ208859,695
O1PD195104CZ207632,9
O1PD195104CZ208780,0
O1PD195104CZ208179,0
O1PD195104CZ208695,?
O1PD195104CZ208094,325
O1PD195104CZ208838,681
O1PD195104CZ208753,527
O1PD195104CZ208152,385
O1PD195104CZ208674,?
O1PD195104CZ208073,307
O1PD195104CZ208067,301
O1PD195104CZ207590,3
O1PD195104CZ208732,638
O1PD195104CZ208131,365
O1PD195104CZ208046,282
O1PD195104CZ208711,579
O1PD195104CZ208110,336
O1PD195104CZ208626,738
O1PD195104CZ208025,270
O1PD195104CZ208690,?
O1PD195104CZ208566,663
O1PD195104CZ208089,323
O1PD195104CZ208605,704
O1PD195104CZ208487,0
O1PD195104CZ208004,251
O1PD195104CZ208748,560
O1PD195104CZ208669,?
O1PD195104CZ208663,760
O1PD195104CZ208545,650
O1PD195104CZ208068,302
O1PD195104CZ208062,296
O1PD195104CZ208584,682
O1PD195104CZ207983,232
O1PD195104CZ208642,749
O1PD195104CZ208041,277
O1PD195104CZ207956,211
O1PD195104CZ207877,143
O1PD195104CZ208621,733
O1PD195104CZ208503,631
O1PD195104CZ208020,265
O1PD195104CZ207935,192
O1PD195104CZ208561,0
O1PD195104CZ208600,699
O1PD195104CZ208397,554
O1PD195104CZ207914,174
O1PD195104CZ208540,647
O1PD195104CZ208579,677
O1PD195104CZ208455,600
O1PD195104CZ208376,718
O1PD195104CZ207893,157
O1PD195104CZ208519,86
O1PD195104CZ208434,589
O1PD195104CZ207951,206
O1PD195104CZ207872,138
O1PD195104CZ207866,134
O1PD195104CZ208498,628
O1PD195104CZ207787,82
O1PD195104CZ208413,523
O1PD195104CZ207930,187
O1PD195104CZ207845,118
O1PD195104CZ208392,769
O1PD195104CZ207909,169
O1PD195104CZ208307,686
O1PD195104CZ208450,593
O1PD195104CZ208371,713
O1PD195104CZ208365,575
O1PD195104CZ208887,687
O1PD195104CZ207888,152
O1PD195104CZ208286,455
O1PD195104CZ207803,92
O1PD195104CZ208429,584
O1PD195104CZ208344,493
O1PD195104CZ207861,130
O1PD195104CZ207782,79
O1PD195104CZ208408,0?
O1PD195104CZ208924,
O1PD195104CZ207697,350
O1PD195104CZ208323,549
O1PD195104CZ207755,55
O1PD195104CZ208903,679
O1PD195104CZ208302,474
O1PD195104CZ207819,102
O1PD195104CZ208217,406
O1PD195104CZ207734,41
O1PD195104CZ208360,505
O1PD195104CZ208882,704
O1PD195104CZ208281,765
O1PD195104CZ208797,632
O1PD195104CZ208196,389
O1PD195104CZ207713,81
O1PD195104CZ208339,482
O1PD195104CZ208855,697
O1PD195104CZ208776,659
O1PD195104CZ208175,0
O1PD195104CZ208919,646
O1PD195104CZ207692,30
O1PD195104CZ208318,462
O1PD195104CZ208834,565
O1PD195104CZ207607,8
O1PD195104CZ208233,417
O1PD195104CZ208898,
O1PD195104CZ207665,11
O1PD195104CZ208813,
O1PD195104CZ208212,402
O1PD195104CZ207644,9
O1PD195104CZ208792,662
O1PD195104CZ208191,371
O1PD195104CZ208707,530
O1PD195104CZ208850,
O1PD195104CZ207623,9
O1PD195104CZ208249,430
O1PD195104CZ208771,691
O1PD195104CZ208765,718
O1PD195104CZ208170,0
O1PD195104CZ208164,0
O1PD195104CZ208686,?
O1PD195104CZ208085,319
O1PD195104CZ208829,767
O1PD195104CZ208228,412
O1PD195104CZ208744,769
O1PD195104CZ208143,377
O1PD195104CZ207660,11
O1PD195104CZ208808,529
O1PD195104CZ208723,631
O1PD195104CZ208037,273
O1PD195104CZ208702,587
O1PD195104CZ208617,729
O1PD195104CZ208016,261
O1PD195104CZ208760,713
O1PD195104CZ208159,0
O1PD195104CZ208681,?
O1PD195104CZ208557,658
O1PD195104CZ208080,314
O1PD195104CZ208596,695
O1PD195104CZ207995,244
O1PD195104CZ208739,?
O1PD195104CZ208536,500
O1PD195104CZ208053,287
O1PD195104CZ208575,671
O1PD195104CZ207974,225
O1PD195104CZ208718,487
O1PD195104CZ208515,548
O1PD195104CZ207947,204
O1PD195104CZ208612,725
O1PD195104CZ208494,626
O1PD195104CZ208011,256
O1PD195104CZ207926,185
O1PD195104CZ208552,655
O1PD195104CZ208591,690
O1PD195104CZ208473,471
O1PD195104CZ208467,609
O1PD195104CZ207990,239
O1PD195104CZ208649,754
O1PD195104CZ208531,644
O1PD195104CZ208048,284
O1PD195104CZ208570,674
O1PD195104CZ208446,0
O1PD195104CZ207969,222
O1PD195104CZ207963,216
O1PD195104CZ207884,148
O1PD195104CZ208628,740
O1PD195104CZ208510,544
O1PD195104CZ208425,581
O1PD195104CZ207942,199
O1PD195104CZ207857,128
O1PD195104CZ208489,622
O1PD195104CZ208404,573
O1PD195104CZ207921,181
O1PD195104CZ207836,111
O1PD195104CZ208468,0
O1PD195104CZ208462,604
O1PD195104CZ208383,768
O1PD195104CZ207900,162
O1PD195104CZ207815,100
O1PD195104CZ208441,615
O1PD195104CZ207958,213
O1PD195104CZ208356,0
O1PD195104CZ208420,772
O1PD195104CZ208335,488
O1PD195104CZ207852,122
O1PD195104CZ207773,70
O1PD195104CZ207767,67
O1PD195104CZ208399,570
O1PD195104CZ208915,608
O1PD195104CZ208314,579
O1PD195104CZ207746,48
O1PD195104CZ208378,720
O1PD195104CZ208894,
O1PD195104CZ208293,?
O1PD195104CZ207810,97
O1PD195104CZ207725,34
O1PD195104CZ208351,496
O1PD195104CZ208873,547
O1PD195104CZ208867,541
O1PD195104CZ208272,442
O1PD195104CZ208266,440
O1PD195104CZ208931,738
O1PD195104CZ207704,357
O1PD195104CZ208846,524
O1PD195104CZ208245,762
O1PD195104CZ207762,62
O1PD195104CZ208910,610
O1PD195104CZ207683,23
O1PD195104CZ208309,561
O1PD195104CZ208825,510
O1PD195104CZ208224,411
O1PD195104CZ207741,45
O1PD195104CZ208889,0
O1PD195104CZ207656,10
O1PD195104CZ208288,457
O1PD195104CZ208804,562
O1PD195104CZ207577,1
O1PD195104CZ208868,543
O1PD195104CZ208862,0
O1PD195104CZ207635,9
O1PD195104CZ208261,443
O1PD195104CZ208783,570
O1PD195104CZ208182,0
O1PD195104CZ207699,352
O1PD195104CZ208097,325
O1PD195104CZ208841,
O1PD195104CZ207614,9
O1PD195104CZ208240,
O1PD195104CZ208756,709
O1PD195104CZ208155,0
O1PD195104CZ208677,?
O1PD195104CZ207678,14
O1PD195104CZ208076,310
O1PD195104CZ208820,500
O1PD195104CZ207593,3
O1PD195104CZ208219,408
O1PD195104CZ208735,?
O1PD195104CZ208134,367
O1PD195104CZ208799,670
O1PD195104CZ208198,391
O1PD195104CZ208714,?
O1PD195104CZ208113,339
O1PD195104CZ208778,
O1PD195104CZ208693,?
O1PD195104CZ208007,252
O1PD195104CZ208751,563
O1PD195104CZ208150,?
O1PD195104CZ208672,?
O1PD195104CZ208065,299
O1PD195104CZ208071,305
O1PD195104CZ208587,0?
O1PD195104CZ207986,235
O1PD195104CZ208730,675
O1PD195104CZ208129,363
O1PD195104CZ208645,752
O1PD195104CZ208527,639
O1PD195104CZ208044,280
O1PD195104CZ208709,578
O1PD195104CZ208108,334
O1PD195104CZ208624,736
O1PD195104CZ208506,563
O1PD195104CZ208023,268
O1PD195104CZ208688,?
O1PD195104CZ208564,660
O1PD195104CZ208603,702
O1PD195104CZ208485,620
O1PD195104CZ208002,249
O1PD195104CZ207917,177
O1PD195104CZ208543,0
O1PD195104CZ208060,294
O1PD195104CZ208582,680
O1PD195104CZ207981,230
O1PD195104CZ207896,158
O1PD195104CZ208522,672
O1PD195104CZ208039,275
O1PD195104CZ208437,476
O1PD195104CZ207954,209
O1PD195104CZ207875,141
O1PD195104CZ208619,731
O1PD195104CZ208501,635
O1PD195104CZ208018,263
O1PD195104CZ208416,0 ?
O1PD195104CZ207933,190
O1PD195104CZ208559,659
O1PD195104CZ208598,697
O1PD195104CZ207912,172
O1PD195104CZ208538,552
O1PD195104CZ208453,596
O1PD195104CZ208374,716
O1PD195104CZ207891,155
O1PD195104CZ208432,587
O1PD195104CZ208347,764
O1PD195104CZ207864,132
O1PD195104CZ208411,558
O1PD195104CZ208927,736
O1PD195104CZ208326,611
O1PD195104CZ207843,116
O1PD195104CZ208390,535
O1PD195104CZ208906,613
O1PD195104CZ208305,532
O1PD195104CZ207822,105
O1PD195104CZ208448,667
O1PD195104CZ208369,711
O1PD195104CZ208363,551
O1PD195104CZ208885,494
O1PD195104CZ208284,453
O1PD195104CZ207801,90
O1PD195104CZ207716,81
O1PD195104CZ208342,491
O1PD195104CZ207780,77
O1PD195104CZ208922,81
O1PD195104CZ207695,348
O1PD195104CZ208321,466
O1PD195104CZ208837,680
O1PD195104CZ207838,113
O1PD195104CZ208236,420
O1PD195104CZ207753,53
O1PD195104CZ208901,677
O1PD195104CZ208300,779
O1PD195104CZ208816,504
O1PD195104CZ208215,405
O1PD195104CZ207732,39
O1PD195104CZ208358,507
O1PD195104CZ208880,702
O1PD195104CZ208279,510
O1PD195104CZ208795,676
O1PD195104CZ208194,374
O1PD195104CZ208853,693
O1PD195104CZ207626,9
O1PD195104CZ208252,432
O1PD195104CZ208774,656
O1PD195104CZ208173,0
O1PD195104CZ208167,0
O1PD195104CZ207690,28
O1PD195104CZ208832,649
O1PD195104CZ208231,415
O1PD195104CZ208747,576
O1PD195104CZ207748,50
O1PD195104CZ208146,380
O1PD195104CZ207669,12
O1PD195104CZ208811,516
O1PD195104CZ207584,3
O1PD195104CZ208210,400
O1PD195104CZ208726,620
O1PD195104CZ208790,660
O1PD195104CZ208189,369
O1PD195104CZ208705,476
O1PD195104CZ208104,332
O1PD195104CZ208848,689
O1PD195104CZ208763,716
O1PD195104CZ208168,0
O1PD195104CZ208162,0
O1PD195104CZ208684,?
O1PD195104CZ208083,317
O1PD195104CZ207600,6
O1PD195104CZ208742,633
O1PD195104CZ208141,0
O1PD195104CZ208056,290
O1PD195104CZ208721,623
O1PD195104CZ208120,345
O1PD195104CZ208636,745
O1PD195104CZ208700,585
O1PD195104CZ208099,327
O1PD195104CZ208615,727
O1PD195104CZ208497,629
O1PD195104CZ208014,259
O1PD195104CZ208758,711
O1PD195104CZ208679,?
O1PD195104CZ208078,312
O1PD195104CZ208594,693
O1PD195104CZ208476,619
O1PD195104CZ207993,242
O1PD195104CZ208652,757
O1PD195104CZ208534,630
O1PD195104CZ208573,670
O1PD195104CZ207972,223
O1PD195104CZ207966,219
O1PD195104CZ207887,151
O1PD195104CZ208631,743
O1PD195104CZ208513,547
O1PD195104CZ208030,272
O1PD195104CZ207945,202
O1PD195104CZ208610,722
O1PD195104CZ208492,0 ??
O1PD195104CZ208009,254
O1PD195104CZ208407,571
O1PD195104CZ207924,184
O1PD195104CZ208550,651
O1PD195104CZ208589,688
O1PD195104CZ208471,618
O1PD195104CZ208465,607
O1PD195104CZ207988,237
O1PD195104CZ208386,515
O1PD195104CZ207903,165
O1PD195104CZ208529,641
O1PD195104CZ208568,662
O1PD195104CZ208444,774
O1PD195104CZ207882,146
O1PD195104CZ208508,527
O1PD195104CZ207797,88
O1PD195104CZ208423,566
O1PD195104CZ207940,197
O1PD195104CZ207855,126
O1PD195104CZ207776,73
O1PD195104CZ208402,560
O1PD195104CZ207919,179
O1PD195104CZ208317,479
O1PD195104CZ207834,109
O1PD195104CZ208460,597
O1PD195104CZ208381,517
O1PD195104CZ208897,
O1PD195104CZ207898,160
O1PD195104CZ208296,469
O1PD195104CZ207813,98
O1PD195104CZ208439,614
O1PD195104CZ208354,499
O1PD195104CZ208876,707
O1PD195104CZ208275,450
O1PD195104CZ207792,85
O1PD195104CZ208418,522
O1PD195104CZ208934,
O1PD195104CZ208333,484
O1PD195104CZ207850,121
O1PD195104CZ207771,68
O1PD195104CZ207765,65
O1PD195104CZ208913,606
O1PD195104CZ207686,22
O1PD195104CZ208312,102
O1PD195104CZ207829,361
O1PD195104CZ208892,596
O1PD195104CZ208807,?
O1PD195104CZ207808,95
O1PD195104CZ208206,396
O1PD195104CZ207723,32
O1PD195104CZ208349,495
O1PD195104CZ208871,546
O1PD195104CZ208865,?
O1PD195104CZ208270,445
O1PD195104CZ208264,437
O1PD195104CZ208786,552
O1PD195104CZ208185,0
O1PD195104CZ208929,735
O1PD195104CZ207702,355
O1PD195104CZ208328,475
O1PD195104CZ208844,523
O1PD195104CZ207617,9
O1PD195104CZ208243,425
O1PD195104CZ207760,60
O1PD195104CZ208908,615
O1PD195104CZ207681,19
O1PD195104CZ208823,599
O1PD195104CZ207596,4
O1PD195104CZ208222,??
O1PD195104CZ207739,43
O1PD195104CZ208137,376
O1PD195104CZ208802,
O1PD195104CZ208201,394
O1PD195104CZ208717,486
O1PD195104CZ208116,342
O1PD195104CZ208860,696
O1PD195104CZ208259,435
O1PD195104CZ208781,769
O1PD195104CZ208180,0
O1PD195104CZ208696,479
O1PD195104CZ208839,
O1PD195104CZ208238,
O1PD195104CZ208754,766
O1PD195104CZ208153,0
O1PD195104CZ208675,?
O1PD195104CZ208818,506
O1PD195104CZ208074,308
O1PD195104CZ208733,626
O1PD195104CZ208132,?
O1PD195104CZ208047,283
O1PD195104CZ208712,465
O1PD195104CZ208111,337
O1PD195104CZ208627,739
O1PD195104CZ208026,271
O1PD195104CZ208691,?
O1PD195104CZ208567,664
O1PD195104CZ208090,324
O1PD195104CZ208606,705
O1PD195104CZ208749,782
O1PD195104CZ208148,384
O1PD195104CZ208670,?
O1PD195104CZ208664,761
O1PD195104CZ208546,?
O1PD195104CZ208069,303
O1PD195104CZ208063,297
O1PD195104CZ208585,683
O1PD195104CZ207984,233
O1PD195104CZ208728,0
O1PD195104CZ208643,750
O1PD195104CZ208525,672
O1PD195104CZ208042,278
O1PD195104CZ207957,212
O1PD195104CZ208622,734
O1PD195104CZ208504,776
O1PD195104CZ208021,266
O1PD195104CZ207936,193
O1PD195104CZ208562,666
O1PD195104CZ208601,700
O1PD195104CZ208000,247
O1PD195104CZ207915,175
O1PD195104CZ208541,648
O1PD195104CZ208058,292
O1PD195104CZ208580,678
O1PD195104CZ208456,601
O1PD195104CZ207979,228
O1PD195104CZ208377,719
O1PD195104CZ208638,747
O1PD195104CZ208520,729
O1PD195104CZ208435,590
O1PD195104CZ207952,207
O1PD195104CZ207867,135
O1PD195104CZ207873,139
O1PD195104CZ208499,627
O1PD195104CZ208414,524
O1PD195104CZ207931,188
O1PD195104CZ207846,119
O1PD195104CZ208478,0
O1PD195104CZ208393,577
O1PD195104CZ207910,170
O1PD195104CZ208451,594
O1PD195104CZ208372,714
O1PD195104CZ208366,708
O1PD195104CZ207889,153
O1PD195104CZ208287,456
O1PD195104CZ207804,93
O1PD195104CZ208430,585
O1PD195104CZ208946,792 ???
O1PD195104CZ207868,136
O1PD195104CZ207862,131
O1PD195104CZ207783,80
O1PD195104CZ208409,610
O1PD195104CZ208925,730
O1PD195104CZ208324,677
O1PD195104CZ207841,114
O1PD195104CZ207756,56
O1PD195104CZ208388,514
O1PD195104CZ208904,612
O1PD195104CZ207677,17
O1PD195104CZ208303,556
O1PD195104CZ207820,103
O1PD195104CZ207735,42
O1PD195104CZ208361,504
O1PD195104CZ208883,705
O1PD195104CZ208282,452
O1PD195104CZ208197,390
O1PD195104CZ208340,483
O1PD195104CZ208856,698
O1PD195104CZ208255,433
O1PD195104CZ208777,
O1PD195104CZ207778,75
O1PD195104CZ208176,0
O1PD195104CZ208920,461
O1PD195104CZ207693,31
O1PD195104CZ208319,463
O1PD195104CZ208835,653
O1PD195104CZ208234,418
O1PD195104CZ207751,51
O1PD195104CZ208899,
O1PD195104CZ208298,468
O1PD195104CZ208814,499
O1PD195104CZ207587,3
O1PD195104CZ208213,0
O1PD195104CZ207730,37
O1PD195104CZ208878,772
O1PD195104CZ208793,558
O1PD195104CZ208192,372
O1PD195104CZ208851,691
