O1PD1855194CZ289985,,,
O1PD1855194CZ289795,395,,
O1PD1855194CZ290699,840,,
O1PD1855194CZ290509,1003,,
O1PD1855194CZ290319,793,,
O1PD1855194CZ290731,851,,
O1PD1855194CZ289948,479,,
O1PD1855194CZ289568,334,,
O1PD1855194CZ290142,651,,
O1PD1855194CZ290504,998,,
O1PD1855194CZ290314,788,,
O1PD1855194CZ288799,105,,
O1PD1855194CZ289943,477,,
O1PD1855194CZ290467,961,,
O1PD1855194CZ289373,276,,
O1PD1855194CZ290277,752,,
O1PD1855194CZ289183,218,,
O1PD1855194CZ290115,625,,
O1PD1855194CZ289021,167,,
O1PD1855194CZ289925,464,,
O1PD1855194CZ290078,591,,
O1PD1855194CZ289888,437,,
O1PD1855194CZ289698,364,,
O1PD1855194CZ288604,50,,
O1PD1855194CZ289508,314,,
O1PD1855194CZ290462,956,,
O1PD1855194CZ290110,620,,
O1PD1855194CZ289920,459,,
O1PD1855194CZ289141,204,,
O1PD1855194CZ290073,586,,
O1PD1855194CZ289883,432,,
O1PD1855194CZ290597,1087,,
O1PD1855194CZ290407,904,,
O1PD1855194CZ289313,258,,
O1PD1855194CZ290217,715,,
O1PD1855194CZ289846,412,,
O1PD1855194CZ288372,8,,
O1PD1855194CZ289114,196,,
O1PD1855194CZ290018,537,,
O1PD1855194CZ289828,406,,
O1PD1855194CZ290592,1082,,
O1PD1855194CZ290402,899,,
O1PD1855194CZ290212,710,,
O1PD1855194CZ290555,1048,,
O1PD1855194CZ288317,817,,
O1PD1855194CZ290365,513,862,
O1PD1855194CZ289271,244,,
O1PD1855194CZ290175,,,
O1PD1855194CZ290013,533,,
O1PD1855194CZ290537,1030,,
O1PD1855194CZ289072,182,,
O1PD1855194CZ289976,501,,
O1PD1855194CZ289786,392,,
O1PD1855194CZ289406,287,,
O1PD1855194CZ290550,1043,,
O1PD1855194CZ289216,228,,
O1PD1855194CZ290360,679,857,
O1PD1855194CZ290170,678,,
O1PD1855194CZ290532,1025,,
O1PD1855194CZ289559,42 / 331,,
O1PD1855194CZ288465,12,,
O1PD1855194CZ289971,496,,
O1PD1855194CZ288637,59,,
O1PD1855194CZ290495,989,,
O1PD1855194CZ290305,779,,
O1PD1855194CZ288650,63,,
O1PD1855194CZ290458,952,,
O1PD1855194CZ289364,273,,
O1PD1855194CZ289174,215,,
O1PD1855194CZ290106,616,,
O1PD1855194CZ289012,164,,
O1PD1855194CZ289916,456,,
O1PD1855194CZ290490,984,,
O1PD1855194CZ290300,774,,
O1PD1855194CZ290069,582,,
O1PD1855194CZ289879,431,,
O1PD1855194CZ289689,361,,
O1PD1855194CZ288595,48,,
O1PD1855194CZ289499,311,,
O1PD1855194CZ290453,950,,
O1PD1855194CZ290101,611,,
O1PD1855194CZ290435,932,,
O1PD1855194CZ290064,577,,
O1PD1855194CZ289874,426,,
O1PD1855194CZ290588,1078,,
O1PD1855194CZ290398,895,,
O1PD1855194CZ289304,255,,
O1PD1855194CZ290208,706,,
O1PD1855194CZ290620,1110,,
O1PD1855194CZ290430,927,,
O1PD1855194CZ289457,298,,
O1PD1855194CZ289105,193,,
O1PD1855194CZ290009,529,,
O1PD1855194CZ289819,403,,
O1PD1855194CZ289439,292,,
O1PD1855194CZ290583,1074,,
O1PD1855194CZ290393,890,,
O1PD1855194CZ290203,701,,
O1PD1855194CZ290546,1039,,
O1PD1855194CZ288308,1104,,
O1PD1855194CZ290356,145,853,
O1PD1855194CZ290166,674,,
O1PD1855194CZ290004,524,,
O1PD1855194CZ288910,133,,
O1PD1855194CZ288720,84,,
O1PD1855194CZ290528,1021,,
O1PD1855194CZ288530,33,,
O1PD1855194CZ290338,812,,
O1PD1855194CZ289063,180,,
O1PD1855194CZ289777,389,,
O1PD1855194CZ289397,284,,
O1PD1855194CZ290541,1034,,
O1PD1855194CZ289207,225,,
O1PD1855194CZ290351,825,,
O1PD1855194CZ290161,669,,
O1PD1855194CZ290139,649,,
O1PD1855194CZ290523,1017,,
O1PD1855194CZ290333,808,,
O1PD1855194CZ289962,490,,
O1PD1855194CZ288628,56,,
O1PD1855194CZ290486,980,,
O1PD1855194CZ290296,770,,
O1PD1855194CZ290134,644,,
O1PD1855194CZ288641,60,,
O1PD1855194CZ290449,946,,
O1PD1855194CZ289355,270,,
O1PD1855194CZ289165,212,,
O1PD1855194CZ290097,607,,
O1PD1855194CZ289003,161,,
O1PD1855194CZ289907,450,,
O1PD1855194CZ290671,832,,
O1PD1855194CZ290481,975,,
O1PD1855194CZ289337,265,,
O1PD1855194CZ288586,45,,
O1PD1855194CZ288396,8,,
O1PD1855194CZ290444,941,,
O1PD1855194CZ289138,203,,
O1PD1855194CZ290092,602,,
O1PD1855194CZ290616,1106,,
O1PD1855194CZ290426,923,,
O1PD1855194CZ290236,731,,
O1PD1855194CZ290055,568,,
O1PD1855194CZ288961,149,,
O1PD1855194CZ289865,,,
O1PD1855194CZ290579,1071,,
O1PD1855194CZ288581,44,,
O1PD1855194CZ290389,886,,
O1PD1855194CZ289295,252,,
O1PD1855194CZ290199,697,,
O1PD1855194CZ290037,553,,
O1PD1855194CZ290611,1101,,
O1PD1855194CZ290421,918,,
O1PD1855194CZ290231,726,,
O1PD1855194CZ289448,295,,
O1PD1855194CZ288354,8,,
O1PD1855194CZ289258,240,,
O1PD1855194CZ289096,190,,
O1PD1855194CZ290050,563,,
O1PD1855194CZ290574,1066,,
O1PD1855194CZ290384,881,,
O1PD1855194CZ290194,692,,
O1PD1855194CZ290032,548,,
O1PD1855194CZ288299,1102,,
O1PD1855194CZ290347,821,,
O1PD1855194CZ290157,665,,
O1PD1855194CZ289995,515,,
O1PD1855194CZ288901,131,,
O1PD1855194CZ288711,81,,
O1PD1855194CZ290519,1013,,
O1PD1855194CZ288521,30,,
O1PD1855194CZ290329,803,,
O1PD1855194CZ289054,177,,
O1PD1855194CZ289768,386,,
O1PD1855194CZ289388,281 / 4522,,
O1PD1855194CZ289198,222,,
O1PD1855194CZ290342,816,,
O1PD1855194CZ290152,560,,
O1PD1855194CZ289990,510,,
O1PD1855194CZ290514,1008,,
O1PD1855194CZ290324,798,,
O1PD1855194CZ289953,484,,
O1PD1855194CZ288619,55,,
O1PD1855194CZ290477,971,,
O1PD1855194CZ290287,762,,
O1PD1855194CZ290125,635,,
O1PD1855194CZ289935,473,,
O1PD1855194CZ289346,267,,
O1PD1855194CZ289156,209,,
O1PD1855194CZ290088,601,,
O1PD1855194CZ288994,158,,
O1PD1855194CZ289898,446,,
O1PD1855194CZ289328,262,,
O1PD1855194CZ290472,966,,
O1PD1855194CZ290282,757,,
O1PD1855194CZ290120,630,,
O1PD1855194CZ289930,469,,
O1PD1855194CZ288577,44,,
O1PD1855194CZ290245,740,,
O1PD1855194CZ290083,596,,
O1PD1855194CZ289893,442,,
O1PD1855194CZ290607,1097,,
O1PD1855194CZ290417,914,,
O1PD1855194CZ290046,559,,
O1PD1855194CZ288952,146,,
O1PD1855194CZ289286,249,,
O1PD1855194CZ290240,735,,
O1PD1855194CZ290028,544,,
O1PD1855194CZ288934,141 / 525 / 916,,
O1PD1855194CZ290602,1092,,
O1PD1855194CZ290412,909,,
O1PD1855194CZ290222,720,,
O1PD1855194CZ289087,187,,
O1PD1855194CZ290041,554,,
O1PD1855194CZ289661,358,,
O1PD1855194CZ290565,1057,,
O1PD1855194CZ290375,872,,
O1PD1855194CZ290148,657,,
O1PD1855194CZ289986,506,,
O1PD1855194CZ288892,128,,
O1PD1855194CZ288702,80,,
O1PD1855194CZ288512,27,,
O1PD1855194CZ290560,1052,,
O1PD1855194CZ290370,867,,
O1PD1855194CZ290180,683,,
O1PD1855194CZ289045,174,,
O1PD1855194CZ289949,480,,
O1PD1855194CZ289759,383,,
O1PD1855194CZ289379,278,,
O1PD1855194CZ290143,652,,
O1PD1855194CZ289027,169,,
O1PD1855194CZ290695,839,,
O1PD1855194CZ289601,340,,
O1PD1855194CZ290505,999,,
O1PD1855194CZ290315,789,,
O1PD1855194CZ289754,"381, 382",,
O1PD1855194CZ288660,66,,
O1PD1855194CZ290468,962,,
O1PD1855194CZ288470,13,,
O1PD1855194CZ290278,753,,
O1PD1855194CZ288280,7,,
O1PD1855194CZ290116,626,,
O1PD1855194CZ289926,465,,
O1PD1855194CZ288832,113,,
O1PD1855194CZ290500,994,,
O1PD1855194CZ290310,784,,
O1PD1855194CZ289147,206,,
O1PD1855194CZ290079,592,,
O1PD1855194CZ288985,156,,
O1PD1855194CZ289889,438,,
O1PD1855194CZ290653,827,,
O1PD1855194CZ289319,260,,
O1PD1855194CZ290463,957,,
O1PD1855194CZ290111,621,,
O1PD1855194CZ289921,460,,
O1PD1855194CZ288378,8,,
O1PD1855194CZ290074,587,,
O1PD1855194CZ289884,433,,
O1PD1855194CZ288790,101,,
O1PD1855194CZ290598,1088,,
O1PD1855194CZ290408,905,,
O1PD1855194CZ290218,716,,
O1PD1855194CZ288943,611 / 143 / 918,,
O1PD1855194CZ289277,246,,
O1PD1855194CZ290019,538,,
O1PD1855194CZ288925,138,,
O1PD1855194CZ288735,89,,
O1PD1855194CZ290593,1083,,
O1PD1855194CZ290403,900,,
O1PD1855194CZ290213,711,,
O1PD1855194CZ289078,184,,
O1PD1855194CZ289652,355,,
O1PD1855194CZ290556,692,,
O1PD1855194CZ290366,863,,
O1PD1855194CZ290176,,,
O1PD1855194CZ290014,534,,
O1PD1855194CZ290728,850,,
O1PD1855194CZ289634,349,,
O1PD1855194CZ290538,1031,,
O1PD1855194CZ289977,502,,
O1PD1855194CZ288883,126,,
O1PD1855194CZ288693,77,,
O1PD1855194CZ288503,24,,
O1PD1855194CZ290551,1044,,
O1PD1855194CZ290361,270,858,
O1PD1855194CZ290171,679,,
O1PD1855194CZ290723,848,,
O1PD1855194CZ290533,1026,,
O1PD1855194CZ289018,166,,
O1PD1855194CZ289972,497,,
O1PD1855194CZ290686,836,,
O1PD1855194CZ290496,990,,
O1PD1855194CZ290306,780,,
O1PD1855194CZ288841,116,,
O1PD1855194CZ290459,953,,
O1PD1855194CZ290107,617,,
O1PD1855194CZ289917,457,,
O1PD1855194CZ288823,111,,
O1PD1855194CZ290491,985,,
O1PD1855194CZ290301,775,,
O1PD1855194CZ288976,153,,
O1PD1855194CZ289740,376,,
O1PD1855194CZ289550,328,,
O1PD1855194CZ290454,951,,
O1PD1855194CZ290264,748,,
O1PD1855194CZ290102,612,,
O1PD1855194CZ289912,452,,
O1PD1855194CZ289722,371,,
O1PD1855194CZ289532,322,,
O1PD1855194CZ290436,933,,
O1PD1855194CZ290065,578,,
O1PD1855194CZ289875,427,,
O1PD1855194CZ288781,100,,
O1PD1855194CZ290589,1079,,
O1PD1855194CZ290399,896,,
O1PD1855194CZ290209,707,,
O1PD1855194CZ290621,1111,,
O1PD1855194CZ290431,928,,
O1PD1855194CZ288744,92,,
O1PD1855194CZ288554,41,,
O1PD1855194CZ289268,243,,
O1PD1855194CZ288916,135,,
O1PD1855194CZ290060,573,,
O1PD1855194CZ288726,,,
O1PD1855194CZ289870,422,,
O1PD1855194CZ288536,35,,
O1PD1855194CZ290584,1075,,
O1PD1855194CZ289490,308,,
O1PD1855194CZ290394,891,,
O1PD1855194CZ290204,702,,
O1PD1855194CZ289069,181,,
O1PD1855194CZ289643,352,,
O1PD1855194CZ290547,1040,,
O1PD1855194CZ290357,522,854,
O1PD1855194CZ290167,675,,
O1PD1855194CZ290005,525,,
O1PD1855194CZ290529,1022,,
O1PD1855194CZ290339,813,,
O1PD1855194CZ289968,493,,
O1PD1855194CZ288874,123,,
O1PD1855194CZ288684,74,,
O1PD1855194CZ288494,21/ 531,,
O1PD1855194CZ290542,1035,,
O1PD1855194CZ290352,826,,
O1PD1855194CZ290162,670,,
O1PD1855194CZ290000,520,,
O1PD1855194CZ289810,400,,
O1PD1855194CZ290714,845,,
O1PD1855194CZ290524,1017,,
O1PD1855194CZ289430,289,,
O1PD1855194CZ290334,808,,
O1PD1855194CZ288647,62,,
O1PD1855194CZ289009,163,,
O1PD1855194CZ289963,491,,
O1PD1855194CZ290677,834,,
O1PD1855194CZ289583,338,,
O1PD1855194CZ290487,981,,
O1PD1855194CZ290297,771,,
O1PD1855194CZ290135,645,,
O1PD1855194CZ290098,608,,
O1PD1855194CZ289908,451,,
O1PD1855194CZ288814,109,,
O1PD1855194CZ290482,976,,
O1PD1855194CZ290292,766,,
O1PD1855194CZ290130,640,,
O1PD1855194CZ288967,151,,
O1PD1855194CZ289541,325,,
O1PD1855194CZ290445,942,,
O1PD1855194CZ290255,745,,
O1PD1855194CZ290093,603,,
O1PD1855194CZ289713,369,,
O1PD1855194CZ290617,1107,,
O1PD1855194CZ289523,319,,
O1PD1855194CZ290427,924,,
O1PD1855194CZ290237,732,,
O1PD1855194CZ290056,569,,
O1PD1855194CZ289866,,,
O1PD1855194CZ290440,937,,
O1PD1855194CZ290612,1102,,
O1PD1855194CZ290422,919,,
O1PD1855194CZ290232,727,,
O1PD1855194CZ288545,38,,
O1PD1855194CZ290051,564,,
O1PD1855194CZ288717,83,,
O1PD1855194CZ288527,32,,
O1PD1855194CZ290575,1067,,
O1PD1855194CZ289481,305,,
O1PD1855194CZ290385,882,,
O1PD1855194CZ290195,693,,
O1PD1855194CZ290033,549,,
O1PD1855194CZ290348,822,,
O1PD1855194CZ290158,666,,
O1PD1855194CZ289996,516,,
O1PD1855194CZ289616,,,
O1PD1855194CZ290570,1062,,
O1PD1855194CZ288332,820,,
O1PD1855194CZ290380,877,,
O1PD1855194CZ290190,688,,
O1PD1855194CZ289959,487,,
O1PD1855194CZ288865,120,,
O1PD1855194CZ288675,71,,
O1PD1855194CZ288485,18,,
O1PD1855194CZ290343,817,,
O1PD1855194CZ290153,661,,
O1PD1855194CZ289991,511,,
O1PD1855194CZ289801,397,,
O1PD1855194CZ290705,842,,
O1PD1855194CZ290515,1009,,
O1PD1855194CZ290325,799,,
O1PD1855194CZ289231,232,,
O1PD1855194CZ289954,485,,
O1PD1855194CZ290668,831,,
O1PD1855194CZ289574,336,,
O1PD1855194CZ290478,972,,
O1PD1855194CZ290288,763,,
O1PD1855194CZ288290,1100,,
O1PD1855194CZ290126,636,,
O1PD1855194CZ289936,474,,
O1PD1855194CZ290510,1004,,
O1PD1855194CZ290320,794,,
O1PD1855194CZ289899,447,,
O1PD1855194CZ288805,106,,
O1PD1855194CZ290473,967,,
O1PD1855194CZ290283,758,,
O1PD1855194CZ290121,631,,
O1PD1855194CZ289931,470,,
O1PD1855194CZ288958,148,,
O1PD1855194CZ290246,741,,
O1PD1855194CZ290084,597,,
O1PD1855194CZ289704,366,,
O1PD1855194CZ290608,1098,,
O1PD1855194CZ288610,52,,
O1PD1855194CZ289514,316,,
O1PD1855194CZ290418,915,,
O1PD1855194CZ290228,723,,
O1PD1855194CZ290047,560,,
O1PD1855194CZ288763,96,,
O1PD1855194CZ289667,359,,
O1PD1855194CZ290241,736,,
O1PD1855194CZ290029,545,,
O1PD1855194CZ290603,1093,,
O1PD1855194CZ290413,910,,
O1PD1855194CZ290223,721,,
O1PD1855194CZ288898,130,,
O1PD1855194CZ290042,555,,
O1PD1855194CZ288708,80,,
O1PD1855194CZ289852,414,,
O1PD1855194CZ288518,29,,
O1PD1855194CZ290566,1058,,
O1PD1855194CZ289472,302,,
O1PD1855194CZ290376,873,,
O1PD1855194CZ290186,684,,
O1PD1855194CZ289120,198,,
O1PD1855194CZ289834,408,,
O1PD1855194CZ290149,558,,
O1PD1855194CZ289987,507,,
O1PD1855194CZ289607,342,,
O1PD1855194CZ290561,1053,,
O1PD1855194CZ288323,1113,,
O1PD1855194CZ290371,868,,
O1PD1855194CZ288666,68,,
O1PD1855194CZ288476,15,,
O1PD1855194CZ289240,235,,
O1PD1855194CZ290144,653,,
O1PD1855194CZ288838,115,,
O1PD1855194CZ289792,394,,
O1PD1855194CZ290506,1000,,
O1PD1855194CZ289412,287,,
O1PD1855194CZ290316,790,,
O1PD1855194CZ289222,230,,
O1PD1855194CZ289755,381,,
O1PD1855194CZ290659,829,,
O1PD1855194CZ289565,333,,
O1PD1855194CZ290469,963,,
O1PD1855194CZ290279,754,,
O1PD1855194CZ290117,627,,
O1PD1855194CZ289927,466,,
O1PD1855194CZ289737,375,,
O1PD1855194CZ290501,995,,
O1PD1855194CZ290311,785,,
O1PD1855194CZ288796,101,,
O1PD1855194CZ290464,958,,
O1PD1855194CZ289370,275,,
O1PD1855194CZ289180,217,,
O1PD1855194CZ290112,622,,
O1PD1855194CZ289922,461,,
O1PD1855194CZ288949,145 / 847,,
O1PD1855194CZ290075,588,,
O1PD1855194CZ289885,434,,
O1PD1855194CZ290599,1089,,
O1PD1855194CZ289695,363,,
O1PD1855194CZ289505,313 / 617 / 974,,
O1PD1855194CZ290409,906,,
O1PD1855194CZ290219,717,,
O1PD1855194CZ288754,94,,
O1PD1855194CZ289658,357,,
O1PD1855194CZ290070,583,,
O1PD1855194CZ290594,1084,,
O1PD1855194CZ290404,901,,
O1PD1855194CZ289310,257,,
O1PD1855194CZ290214,712,,
O1PD1855194CZ288889,127,,
O1PD1855194CZ288699,79,,
O1PD1855194CZ289843,411,,
O1PD1855194CZ290557,1049,,
O1PD1855194CZ288509,26,,
O1PD1855194CZ289463,300,,
O1PD1855194CZ290367,528,864,
O1PD1855194CZ289111,195,,
O1PD1855194CZ290015,535,,
O1PD1855194CZ289825,405,,
O1PD1855194CZ290539,1032,,
O1PD1855194CZ289978,503,,
O1PD1855194CZ290552,1045,,
O1PD1855194CZ288314,816,,
O1PD1855194CZ290362,273,511,859
O1PD1855194CZ290172,680,,
O1PD1855194CZ290010,530,,
O1PD1855194CZ290534,1027,,
O1PD1855194CZ288847,118,,
O1PD1855194CZ288657,65,,
O1PD1855194CZ289973,498,,
O1PD1855194CZ289783,391,,
O1PD1855194CZ290497,991,,
O1PD1855194CZ289403,286,,
O1PD1855194CZ290307,781,,
O1PD1855194CZ289213,227,,
O1PD1855194CZ289746,"378, 379",,
O1PD1855194CZ289556,329,,
O1PD1855194CZ290108,618,,
O1PD1855194CZ289918,458,,
O1PD1855194CZ289728,373,,
O1PD1855194CZ288634,58,,
O1PD1855194CZ289538,324,,
O1PD1855194CZ290492,986,,
O1PD1855194CZ290302,776,,
O1PD1855194CZ288787,101,,
O1PD1855194CZ289361,272,,
O1PD1855194CZ289171,214,,
O1PD1855194CZ290103,613 / 982,,
O1PD1855194CZ289913,453,,
O1PD1855194CZ290437,934,,
O1PD1855194CZ290066,579,,
O1PD1855194CZ289876,428,,
O1PD1855194CZ289686,360,,
O1PD1855194CZ288592,47,,
O1PD1855194CZ289496,310,,
O1PD1855194CZ288402,8,,
O1PD1855194CZ290450,947,,
O1PD1855194CZ290622,1112,,
O1PD1855194CZ290432,929,,
O1PD1855194CZ289649,354,,
O1PD1855194CZ290061,574,,
O1PD1855194CZ289871,423,,
O1PD1855194CZ290585,720,,
O1PD1855194CZ290395,892,,
O1PD1855194CZ289301,254,,
O1PD1855194CZ290205,703,,
O1PD1855194CZ290548,1041,,
O1PD1855194CZ289454,297,,
O1PD1855194CZ290358,674,855,
O1PD1855194CZ288360,8,,
O1PD1855194CZ289264,242,,
O1PD1855194CZ290168,676,,
O1PD1855194CZ289102,192,,
O1PD1855194CZ290006,526,,
O1PD1855194CZ289816,402,,
O1PD1855194CZ289436,291,,
O1PD1855194CZ290580,1072,,
O1PD1855194CZ290390,887,,
O1PD1855194CZ290200,698,,
O1PD1855194CZ289969,494,,
O1PD1855194CZ290543,1036,,
O1PD1855194CZ288305,1103,,
O1PD1855194CZ290163,671,,
O1PD1855194CZ290001,521,,
O1PD1855194CZ290525,1018,,
O1PD1855194CZ290335,809,,
O1PD1855194CZ288458,10,,
O1PD1855194CZ289060,179,,
O1PD1855194CZ289964,492,,
O1PD1855194CZ289774,388,,
O1PD1855194CZ290488,982 / 613,,
O1PD1855194CZ289394,283,,
O1PD1855194CZ290298,772,,
O1PD1855194CZ289204,224,,
O1PD1855194CZ290136,646,,
O1PD1855194CZ290520,1014,,
O1PD1855194CZ290330,804,,
O1PD1855194CZ289547,327,,
O1PD1855194CZ290099,609,,
O1PD1855194CZ289719,370,,
O1PD1855194CZ289529,321,,
O1PD1855194CZ290483,977,,
O1PD1855194CZ290293,767,,
O1PD1855194CZ290131,641,,
O1PD1855194CZ288778,99,,
O1PD1855194CZ290446,943,,
O1PD1855194CZ289352,269,,
O1PD1855194CZ289162,211,,
O1PD1855194CZ290094,604,,
O1PD1855194CZ289000,160,,
O1PD1855194CZ290618,1108,,
O1PD1855194CZ290428,925,,
O1PD1855194CZ289334,264,,
O1PD1855194CZ290238,733,,
O1PD1855194CZ290057,570,,
O1PD1855194CZ289867,419,,
O1PD1855194CZ289487,307,,
O1PD1855194CZ290441,938,,
O1PD1855194CZ290251,,,
O1PD1855194CZ289135,202,,
O1PD1855194CZ290613,1103,,
O1PD1855194CZ290423,920,,
O1PD1855194CZ290233,728,,
O1PD1855194CZ290052,565,,
O1PD1855194CZ290576,1068,,
O1PD1855194CZ290386,883,,
O1PD1855194CZ289292,251,,
O1PD1855194CZ290196,694,,
O1PD1855194CZ290034,550,,
O1PD1855194CZ289445,294,,
O1PD1855194CZ290349,823,,
O1PD1855194CZ289255,239,,
O1PD1855194CZ290159,667,,
O1PD1855194CZ289093,189,,
O1PD1855194CZ289997,517,,
O1PD1855194CZ289807,399,,
O1PD1855194CZ289427,288,,
O1PD1855194CZ290571,1063,,
O1PD1855194CZ289237,234,,
O1PD1855194CZ290381,878,,
O1PD1855194CZ290191,689,,
O1PD1855194CZ288296,1102,,
O1PD1855194CZ290344,818,,
O1PD1855194CZ290154,662,,
O1PD1855194CZ289992,512,,
O1PD1855194CZ290516,1010,,
O1PD1855194CZ290326,800,,
O1PD1855194CZ289051,176,,
O1PD1855194CZ289955,486,,
O1PD1855194CZ289765,385,,
O1PD1855194CZ290479,973,,
O1PD1855194CZ289385,280,,
O1PD1855194CZ290289,764,,
O1PD1855194CZ289195,221,,
O1PD1855194CZ290127,637,,
O1PD1855194CZ289033,171,,
O1PD1855194CZ289937,475,,
O1PD1855194CZ290511,1005,,
O1PD1855194CZ290321,795,,
O1PD1855194CZ289950,481,,
O1PD1855194CZ288616,,,
O1PD1855194CZ290474,968,,
O1PD1855194CZ290284,759,,
O1PD1855194CZ290122,632,,
O1PD1855194CZ289932,471,,
O1PD1855194CZ288769,98,,
O1PD1855194CZ290247,742,,
O1PD1855194CZ289153,208,,
O1PD1855194CZ290085,598,,
O1PD1855194CZ289895,443,,
O1PD1855194CZ290609,1099,,
O1PD1855194CZ290419,916,,
O1PD1855194CZ290229,724,,
O1PD1855194CZ290048,561,,
O1PD1855194CZ289858,416,,
O1PD1855194CZ289478,304,,
O1PD1855194CZ288384,8,,
O1PD1855194CZ290242,737,,
O1PD1855194CZ289126,200,,
O1PD1855194CZ290080,593,,
O1PD1855194CZ289890,439,,
O1PD1855194CZ290604,1094,,
O1PD1855194CZ290414,911,,
O1PD1855194CZ290224,722,,
O1PD1855194CZ290043,556,,
O1PD1855194CZ290567,1059,,
O1PD1855194CZ288329,818,,
O1PD1855194CZ290377,874,,
O1PD1855194CZ289283,248,,
O1PD1855194CZ290187,685,,
O1PD1855194CZ290025,541,,
O1PD1855194CZ288931,140,,
O1PD1855194CZ288342,8,,
O1PD1855194CZ289246,237,,
O1PD1855194CZ289084,186,,
O1PD1855194CZ289988,508,,
O1PD1855194CZ289798,396,,
O1PD1855194CZ289418,287,,
O1PD1855194CZ290562,1054,,
O1PD1855194CZ289228,231,,
O1PD1855194CZ290372,652,869,
O1PD1855194CZ290020,539,,
O1PD1855194CZ288287,7,,
O1PD1855194CZ290145,654,,
O1PD1855194CZ289983,504,,
O1PD1855194CZ290507,1001,,
O1PD1855194CZ290317,791,,
O1PD1855194CZ289042,173,,
O1PD1855194CZ289756,382,,
O1PD1855194CZ289376,277,,
O1PD1855194CZ289186,219,,
O1PD1855194CZ290140,650,,
O1PD1855194CZ290118,628,,
O1PD1855194CZ289024,168,,
O1PD1855194CZ289928,467,,
O1PD1855194CZ290692,838,,
O1PD1855194CZ290502,996,,
O1PD1855194CZ290312,786,,
O1PD1855194CZ288607,51,,
O1PD1855194CZ289751,380,,
O1PD1855194CZ290465,959,,
O1PD1855194CZ290113,623,,
O1PD1855194CZ289923,462,,
O1PD1855194CZ289144,205,,
O1PD1855194CZ290076,589,,
O1PD1855194CZ288982,155,,
O1PD1855194CZ289886,435,,
O1PD1855194CZ289316,259,,
O1PD1855194CZ290460,954,,
O1PD1855194CZ290270,750,,
O1PD1855194CZ289849,413,,
O1PD1855194CZ288565,44,,
O1PD1855194CZ289469,301,,
O1PD1855194CZ289117,197,,
O1PD1855194CZ290071,584,,
O1PD1855194CZ290595,1085,,
O1PD1855194CZ290405,902,,
O1PD1855194CZ290215,713,,
O1PD1855194CZ288940,142,,
O1PD1855194CZ290558,1050,,
O1PD1855194CZ288560,43,,
O1PD1855194CZ290368,865,,
O1PD1855194CZ289274,245,,
O1PD1855194CZ290016,535,,
O1PD1855194CZ288922,137,,
O1PD1855194CZ288732,88,,
O1PD1855194CZ290590,1080,,
O1PD1855194CZ290400,897,,
O1PD1855194CZ290210,708,,
O1PD1855194CZ289075,183,,
O1PD1855194CZ289979,503,,
O1PD1855194CZ289789,393,,
O1PD1855194CZ290553,1046,,
O1PD1855194CZ289219,229,,
O1PD1855194CZ290363,860,,
O1PD1855194CZ290173,681,,
O1PD1855194CZ290011,531,,
O1PD1855194CZ290725,849,,
O1PD1855194CZ289631,348,,
O1PD1855194CZ290535,1028,,
O1PD1855194CZ289974,499,,
O1PD1855194CZ288880,125,,
O1PD1855194CZ288690,76,,
O1PD1855194CZ290498,992,,
O1PD1855194CZ288500,23,,
O1PD1855194CZ290308,782,,
O1PD1855194CZ290720,847,,
O1PD1855194CZ290530,1023,,
O1PD1855194CZ289747,378,,
O1PD1855194CZ289367,274,,
O1PD1855194CZ289177,216,,
O1PD1855194CZ290109,619,,
O1PD1855194CZ289015,165,,
O1PD1855194CZ289919,,,
O1PD1855194CZ290683,835,,
O1PD1855194CZ290493,987,,
O1PD1855194CZ290303,777,,
O1PD1855194CZ288598,49,,
O1PD1855194CZ288408,8,,
O1PD1855194CZ290104,614,,
O1PD1855194CZ289914,454,,
O1PD1855194CZ288820,110,,
O1PD1855194CZ290628,1114,,
O1PD1855194CZ290438,935,,
O1PD1855194CZ290067,580,,
O1PD1855194CZ288973,152,,
O1PD1855194CZ289877,429,,
O1PD1855194CZ289307,256,,
O1PD1855194CZ290451,948,,
O1PD1855194CZ290261,747,,
O1PD1855194CZ290623,1113,,
O1PD1855194CZ290433,930,,
O1PD1855194CZ288366,8,,
O1PD1855194CZ289108,194,,
O1PD1855194CZ290062,575,,
O1PD1855194CZ289872,424,,
O1PD1855194CZ290586,1076,,
O1PD1855194CZ290396,893,,
O1PD1855194CZ290206,704,,
O1PD1855194CZ288741,91,,
O1PD1855194CZ290549,1042,,
O1PD1855194CZ288551,40,,
O1PD1855194CZ290359,676,856,
O1PD1855194CZ290169,677,,
O1PD1855194CZ290007,527,,
O1PD1855194CZ288913,134,,
O1PD1855194CZ288723,85,,
O1PD1855194CZ288533,34,,
O1PD1855194CZ290581,1073,,
O1PD1855194CZ290391,888,,
O1PD1855194CZ290201,699,,
O1PD1855194CZ290544,1037,,
O1PD1855194CZ289640,351,,
O1PD1855194CZ290164,672,,
O1PD1855194CZ290002,522,,
O1PD1855194CZ289622,346,,
O1PD1855194CZ290526,1019,,
O1PD1855194CZ290336,810,,
O1PD1855194CZ288871,122,,
O1PD1855194CZ288681,73,,
O1PD1855194CZ290489,983,,
O1PD1855194CZ288491,20/ 491,,
O1PD1855194CZ290299,773,,
O1PD1855194CZ290137,647,,
O1PD1855194CZ290711,844,,
O1PD1855194CZ290521,1015,,
O1PD1855194CZ290331,805,,
O1PD1855194CZ288644,61,,
O1PD1855194CZ289358,271,,
O1PD1855194CZ289168,213,,
O1PD1855194CZ289006,162,,
O1PD1855194CZ289960,488,,
O1PD1855194CZ290674,833,,
O1PD1855194CZ290484,978,,
O1PD1855194CZ290294,768,,
O1PD1855194CZ290132,642,,
O1PD1855194CZ288589,46,,
O1PD1855194CZ290447,944,,
O1PD1855194CZ290095,605,,
O1PD1855194CZ289905,448,,
O1PD1855194CZ288811,108,,
O1PD1855194CZ290619,1109,,
O1PD1855194CZ290429,926,,
O1PD1855194CZ290239,734,,
O1PD1855194CZ290058,571,,
O1PD1855194CZ288964,150,,
O1PD1855194CZ289868,420,,
O1PD1855194CZ289298,253,,
O1PD1855194CZ290442,939,,
O1PD1855194CZ289900,,,
O1PD1855194CZ289710,368,,
O1PD1855194CZ290614,1104,,
O1PD1855194CZ289520,318,,
O1PD1855194CZ290424,921,,
O1PD1855194CZ290234,729,,
O1PD1855194CZ289099,191,,
O1PD1855194CZ290053,566,,
O1PD1855194CZ290577,1069,,
O1PD1855194CZ290387,884,,
O1PD1855194CZ290197,695,,
O1PD1855194CZ290035,551,,
O1PD1855194CZ288542,37,,
O1PD1855194CZ289998,518,,
O1PD1855194CZ288904,132,,
O1PD1855194CZ288714,82,,
O1PD1855194CZ288524,31,,
O1PD1855194CZ290572,1064,,
O1PD1855194CZ290382,879,,
O1PD1855194CZ290192,690,,
O1PD1855194CZ290030,546,,
O1PD1855194CZ289057,178,,
O1PD1855194CZ290345,819,,
O1PD1855194CZ290155,663,,
O1PD1855194CZ289039,172,,
O1PD1855194CZ289993,513,,
O1PD1855194CZ289613,343,,
O1PD1855194CZ290517,1011,,
O1PD1855194CZ290327,801,,
O1PD1855194CZ288672,70,,
O1PD1855194CZ288482,17/ 489,,
O1PD1855194CZ290340,814,,
O1PD1855194CZ290150,559,,
O1PD1855194CZ290128,638,,
O1PD1855194CZ289938,,,
O1PD1855194CZ290702,841,,
O1PD1855194CZ290512,1006,,
O1PD1855194CZ290322,796,,
O1PD1855194CZ289349,268,,
O1PD1855194CZ289159,210,,
O1PD1855194CZ288997,159,,
O1PD1855194CZ289951,482,,
O1PD1855194CZ290665,830,,
O1PD1855194CZ289571,335,,
O1PD1855194CZ290475,969,,
O1PD1855194CZ290285,760,,
O1PD1855194CZ290123,633,,
O1PD1855194CZ289933,472,,
O1PD1855194CZ290248,743,,
O1PD1855194CZ290086,599,,
O1PD1855194CZ289896,444,,
O1PD1855194CZ290470,964,,
O1PD1855194CZ290280,755,,
O1PD1855194CZ290049,562,,
O1PD1855194CZ288955,147,,
O1PD1855194CZ289289,250,,
O1PD1855194CZ290243,738,,
O1PD1855194CZ290081,594,,
O1PD1855194CZ289891,440,,
O1PD1855194CZ289701,365,,
O1PD1855194CZ290605,1095,,
O1PD1855194CZ289511,315,,
O1PD1855194CZ290415,912,,
O1PD1855194CZ288348,8,,
O1PD1855194CZ290044,557,,
O1PD1855194CZ288760,95,,
O1PD1855194CZ290568,1060,,
O1PD1855194CZ290378,875,,
O1PD1855194CZ290188,686,,
O1PD1855194CZ290026,542,,
O1PD1855194CZ290600,1090,,
O1PD1855194CZ290410,907,,
O1PD1855194CZ290220,718,,
O1PD1855194CZ289989,509,,
O1PD1855194CZ288895,129,,
O1PD1855194CZ288515,28,,
O1PD1855194CZ290563,1055,,
O1PD1855194CZ290373,870,,
O1PD1855194CZ290021,540,,
O1PD1855194CZ289831,407,,
O1PD1855194CZ289048,175,,
O1PD1855194CZ290146,655,,
O1PD1855194CZ289984,505,,
O1PD1855194CZ290698,,,
O1PD1855194CZ290508,1002,,
O1PD1855194CZ289604,341,,
O1PD1855194CZ290318,792,,
O1PD1855194CZ288320,1112,,
O1PD1855194CZ289947,478,,
O1PD1855194CZ288853,119,,
O1PD1855194CZ288663,67,,
O1PD1855194CZ288473,14,,
O1PD1855194CZ288283,7,,
O1PD1855194CZ290141,0,,
O1PD1855194CZ290119,629,,
O1PD1855194CZ289929,468,,
O1PD1855194CZ288835,115,,
O1PD1855194CZ290503,997,,
O1PD1855194CZ290313,787,,
O1PD1855194CZ288988,157,,
O1PD1855194CZ289942,476,,
O1PD1855194CZ290656,828,,
O1PD1855194CZ289562,332,,
O1PD1855194CZ290466,960,,
O1PD1855194CZ290276,751,,
O1PD1855194CZ290114,624,,
O1PD1855194CZ289924,463,,
O1PD1855194CZ289734,374,,
O1PD1855194CZ290638,1114,,
O1PD1855194CZ290077,590,,
O1PD1855194CZ289887,436,,
O1PD1855194CZ288793,103,,
O1PD1855194CZ290461,955,,
O1PD1855194CZ288946,144,,
O1PD1855194CZ288928,139,,
O1PD1855194CZ290072,585,,
O1PD1855194CZ288738,90,,
O1PD1855194CZ289692,362,,
O1PD1855194CZ290596,1086,,
O1PD1855194CZ289502,312 / 628 / 1093,,
O1PD1855194CZ290406,903,,
O1PD1855194CZ290216,714,,
O1PD1855194CZ289655,356,,
O1PD1855194CZ290559,1051,,
O1PD1855194CZ290369,866,,
O1PD1855194CZ290017,536,,
O1PD1855194CZ289637,350,,
O1PD1855194CZ290591,1081,,
O1PD1855194CZ290401,898,,
O1PD1855194CZ290211,709,,
O1PD1855194CZ288696,78,,
O1PD1855194CZ289840,410,,
O1PD1855194CZ288506,25/ 553,,
O1PD1855194CZ290554,1047,,
O1PD1855194CZ289460,299,,
O1PD1855194CZ290364,861,,
O1PD1855194CZ290174,682,,
O1PD1855194CZ290012,532,,
O1PD1855194CZ289822,404,,
O1PD1855194CZ290536,1029,,
O1PD1855194CZ289975,500,,
O1PD1855194CZ290689,837,,
O1PD1855194CZ289595,340,,
O1PD1855194CZ290499,993,,
O1PD1855194CZ290309,783,,
O1PD1855194CZ290531,1024,,
O1PD1855194CZ288844,117,,
O1PD1855194CZ289748,379,,
O1PD1855194CZ288654,64,,
O1PD1855194CZ288274,6,,
O1PD1855194CZ288826,112,,
O1PD1855194CZ289970,495,,
O1PD1855194CZ289780,390,,
O1PD1855194CZ290494,988,,
O1PD1855194CZ289400,285,,
O1PD1855194CZ290304,778,,
O1PD1855194CZ289210,226,,
O1PD1855194CZ288979,154,,
O1PD1855194CZ289743,377,,
O1PD1855194CZ289553,329,,
O1PD1855194CZ290267,749,,
O1PD1855194CZ290105,615,,
O1PD1855194CZ289915,455,,
O1PD1855194CZ289725,372,,
O1PD1855194CZ288631,58,,
O1PD1855194CZ289535,323,,
O1PD1855194CZ290439,936,,
O1PD1855194CZ290068,581,,
O1PD1855194CZ289878,430,,
O1PD1855194CZ290452,949,,
O1PD1855194CZ290100,610,,
O1PD1855194CZ290434,931,,
O1PD1855194CZ288747,93,,
O1PD1855194CZ288557,42,,
O1PD1855194CZ288919,136,,
O1PD1855194CZ290063,576,,
O1PD1855194CZ288729,87,,
O1PD1855194CZ289873,425,,
O1PD1855194CZ288539,36,,
O1PD1855194CZ290587,1077,,
O1PD1855194CZ289493,309,,
O1PD1855194CZ290397,894,,
O1PD1855194CZ290207,705,,
O1PD1855194CZ289646,353,,
O1PD1855194CZ290008,528,,
O1PD1855194CZ289628,347,,
O1PD1855194CZ290582,,,
O1PD1855194CZ290392,889,,
O1PD1855194CZ290202,700,,
O1PD1855194CZ288877,124,,
O1PD1855194CZ288687,75,,
O1PD1855194CZ288497,22/ 530,,
O1PD1855194CZ290545,1038,,
O1PD1855194CZ289451,296,,
O1PD1855194CZ290355,852,,
O1PD1855194CZ289261,241,,
O1PD1855194CZ290165,673,,
O1PD1855194CZ290003,523,,
O1PD1855194CZ289813,401,,
O1PD1855194CZ290717,846,,
O1PD1855194CZ290527,1020,,
O1PD1855194CZ289433,290,,
O1PD1855194CZ290337,811,,
O1PD1855194CZ289586,339,,
O1PD1855194CZ290540,1033,,
O1PD1855194CZ288302,1102,,
O1PD1855194CZ290350,824,,
O1PD1855194CZ290160,668,,
O1PD1855194CZ290138,648,,
O1PD1855194CZ290522,1016,,
O1PD1855194CZ290332,806,,
O1PD1855194CZ289961,489,,
O1PD1855194CZ289771,387,,
O1PD1855194CZ290485,979,,
O1PD1855194CZ289391,282,,
O1PD1855194CZ290295,769,,
O1PD1855194CZ289201,223,,
O1PD1855194CZ290133,643,,
O1PD1855194CZ289544,326,,
O1PD1855194CZ290448,945,,
O1PD1855194CZ290258,746,,
O1PD1855194CZ290096,606,,
O1PD1855194CZ289906,449,,
O1PD1855194CZ288622,56,,
O1PD1855194CZ289526,320,,
O1PD1855194CZ290480,974,,
O1PD1855194CZ290290,765,,
O1PD1855194CZ290059,572,,
O1PD1855194CZ289869,421,,
O1PD1855194CZ290443,940,,
O1PD1855194CZ289901,,,
O1PD1855194CZ290615,1105,,
O1PD1855194CZ290425,922,,
O1PD1855194CZ289331,263,,
O1PD1855194CZ290235,730,,
O1PD1855194CZ288548,39,,
O1PD1855194CZ290054,567,,
O1PD1855194CZ289864,417-418 ?,,
O1PD1855194CZ290578,1070,,
O1PD1855194CZ289484,306,,
O1PD1855194CZ290388,885,,
O1PD1855194CZ288390,8,,
O1PD1855194CZ290198,696,,
O1PD1855194CZ289132,201,,
O1PD1855194CZ290036,552,,
O1PD1855194CZ290610,1100,,
O1PD1855194CZ290420,917,,
O1PD1855194CZ290230,725,,
O1PD1855194CZ289999,519,,
O1PD1855194CZ289619,345,,
O1PD1855194CZ290573,1065,,
O1PD1855194CZ288335,825,,
O1PD1855194CZ290383,880,,
O1PD1855194CZ290193,691,,
O1PD1855194CZ290031,547,,
O1PD1855194CZ288868,121,,
O1PD1855194CZ288678,72,,
O1PD1855194CZ288488,19/ 554,,
O1PD1855194CZ289442,293,,
O1PD1855194CZ290346,820,,
O1PD1855194CZ289252,238,,
O1PD1855194CZ290156,664,,
O1PD1855194CZ289090,188,,
O1PD1855194CZ289994,514,,
O1PD1855194CZ289804,398,,
O1PD1855194CZ290708,843,,
O1PD1855194CZ290518,1012,,
O1PD1855194CZ289424,287,,
O1PD1855194CZ290328,802,,
O1PD1855194CZ289234,233,,
O1PD1855194CZ289577,337 / 31,,
O1PD1855194CZ288293,1101,,
O1PD1855194CZ290341,815,,
O1PD1855194CZ290151,0,,
O1PD1855194CZ290129,639,,
O1PD1855194CZ290513,1007,,
O1PD1855194CZ290323,797,,
O1PD1855194CZ288808,107,,
O1PD1855194CZ289952,483,,
O1PD1855194CZ289762,384,,
O1PD1855194CZ290476,970,,
O1PD1855194CZ289382,279,,
O1PD1855194CZ290286,761,,
O1PD1855194CZ289192,220,,
O1PD1855194CZ290124,634,,
O1PD1855194CZ289030,170,,
O1PD1855194CZ290087,600,,
O1PD1855194CZ289897,445,,
O1PD1855194CZ289707,367,,
O1PD1855194CZ288613,,,
O1PD1855194CZ289517,317,,
O1PD1855194CZ290471,965,,
O1PD1855194CZ290281,756,,
O1PD1855194CZ288766,97,,
O1PD1855194CZ289340,266,,
O1PD1855194CZ290244,739,,
O1PD1855194CZ289150,207,,
O1PD1855194CZ290082,595,,
O1PD1855194CZ289892,441,,
O1PD1855194CZ290606,1096,,
O1PD1855194CZ290416,913,,
O1PD1855194CZ289322,261,,
O1PD1855194CZ290045,558,,
O1PD1855194CZ289855,415,,
O1PD1855194CZ290569,1061,,
O1PD1855194CZ288571,44,,
O1PD1855194CZ289475,303,,
O1PD1855194CZ290379,876,,
O1PD1855194CZ290189,687,,
O1PD1855194CZ289123,199,,
O1PD1855194CZ290027,543,,
O1PD1855194CZ289837,409,,
O1PD1855194CZ290601,1091,,
O1PD1855194CZ290411,908,,
O1PD1855194CZ290221,719,,
O1PD1855194CZ290564,1056,,
O1PD1855194CZ290374,871,,
O1PD1855194CZ289280,247,,
O1PD1855194CZ288859,119,,
O1PD1855194CZ288669,69,,
O1PD1855194CZ288479,15,,
O1PD1855194CZ289243,236,,
O1PD1855194CZ290147,656,,
O1PD1855194CZ289081,185,,
